arm	mode	kind	code	ms
a01-1-spread	spread	hit	200	5
a01-1-spread	spread	miss	404	533
a01-1-spread	spread	hit	200	3
a01-1-spread	spread	miss	404	354
a01-1-spread	spread	hit	200	3
a01-1-spread	spread	miss	404	521
a01-1-spread	spread	hit	200	31
a01-1-spread	spread	miss	404	433
a01-1-spread	spread	hit	200	9
a01-1-spread	spread	miss	404	410
a01-1-spread	spread	hit	200	9
a01-1-spread	spread	miss	404	311
a01-1-spread	spread	hit	200	23
a01-1-spread	spread	miss	404	463
a01-1-spread	spread	hit	200	3
a01-1-spread	spread	miss	404	404
a01-1-spread	spread	hit	200	2
a01-1-spread	spread	miss	404	468
a01-1-spread	spread	hit	200	2
a01-1-spread	spread	miss	404	407
a01-1-spread	spread	hit	200	38
a01-1-spread	spread	miss	404	440
a01-1-spread	spread	hit	200	5
a01-1-spread	spread	miss	404	543
a01-1-spread	spread	hit	200	27
a01-1-spread	spread	miss	404	450
a01-1-spread	spread	hit	200	10
a01-1-spread	spread	miss	404	467
a01-1-spread	spread	hit	200	4
a01-1-spread	spread	miss	404	477
a01-1-spread	spread	hit	200	7
a01-1-spread	spread	miss	404	550
a01-1-spread	spread	hit	200	5
a01-1-spread	spread	miss	404	522
a01-1-spread	spread	hit	200	57
a01-1-spread	spread	miss	404	593
a01-1-spread	spread	hit	200	24
a01-1-spread	spread	miss	404	477
a01-1-spread	spread	hit	200	7
a01-1-spread	spread	miss	404	525
a01-1-spread	spread	hit	200	35
a01-1-spread	spread	miss	404	630
a01-1-spread	spread	hit	200	5
a01-1-spread	spread	miss	404	588
a01-1-spread	spread	hit	200	12
a01-1-spread	spread	miss	404	398
a01-1-spread	spread	hit	200	9
a01-1-spread	spread	miss	404	498
a01-1-spread	spread	hit	200	7
a01-1-spread	spread	miss	404	557
a01-1-spread	spread	hit	200	6
a01-1-spread	spread	miss	404	476
a01-1-spread	spread	hit	200	7
a01-1-spread	spread	miss	404	426
a01-1-spread	spread	hit	200	8
a01-1-spread	spread	miss	404	439
a01-1-spread	spread	hit	200	6
a01-1-spread	spread	miss	404	432
a01-1-spread	spread	hit	200	6
a01-1-spread	spread	miss	404	392
a01-1-spread	spread	hit	200	9
a01-1-spread	spread	miss	404	453
a01-1-spread	spread	hit	200	11
a01-1-spread	spread	miss	404	560
a01-1-spread	spread	hit	200	34
a01-1-spread	spread	miss	404	468
a01-1-spread	spread	hit	200	26
a01-1-spread	spread	miss	404	507
a01-1-spread	spread	hit	200	28
a01-1-spread	spread	miss	404	282
a01-1-spread	spread	hit	200	11
a01-1-spread	spread	miss	404	467
a01-1-spread	spread	hit	200	14
a01-1-spread	spread	miss	404	514
a01-1-spread	spread	hit	200	25
a01-1-spread	spread	miss	404	649
a01-1-spread	spread	hit	200	14
a01-1-spread	spread	miss	404	586
a01-1-spread	spread	hit	200	20
a01-1-spread	spread	miss	404	635
a02-8-spread	spread	hit	200	2
a02-8-spread	spread	miss	404	289
a02-8-spread	spread	hit	200	2
a02-8-spread	spread	miss	404	314
a02-8-spread	spread	hit	200	2
a02-8-spread	spread	miss	404	523
a02-8-spread	spread	hit	200	1
a02-8-spread	spread	miss	404	529
a02-8-spread	spread	hit	200	2
a02-8-spread	spread	miss	404	525
a02-8-spread	spread	hit	200	1
a02-8-spread	spread	miss	404	524
a02-8-spread	spread	hit	200	1
a02-8-spread	spread	miss	404	329
a02-8-spread	spread	hit	200	2
a02-8-spread	spread	miss	404	524
a02-8-spread	spread	hit	200	1
a02-8-spread	spread	miss	404	455
a02-8-spread	spread	hit	200	2
a02-8-spread	spread	miss	404	374
a02-8-spread	spread	hit	200	2
a02-8-spread	spread	miss	404	386
a02-8-spread	spread	hit	200	4
a02-8-spread	spread	miss	404	449
a02-8-spread	spread	hit	200	2
a02-8-spread	spread	miss	404	502
a02-8-spread	spread	hit	200	3
a02-8-spread	spread	miss	404	472
a02-8-spread	spread	hit	200	3
a02-8-spread	spread	miss	404	434
a02-8-spread	spread	hit	200	2
a02-8-spread	spread	miss	404	387
a02-8-spread	spread	hit	200	2
a02-8-spread	spread	miss	404	457
a02-8-spread	spread	hit	200	2
a02-8-spread	spread	miss	404	493
a02-8-spread	spread	hit	200	2
a02-8-spread	spread	miss	404	612
a02-8-spread	spread	hit	200	2
a02-8-spread	spread	miss	404	531
a02-8-spread	spread	hit	200	2
a02-8-spread	spread	miss	404	396
a02-8-spread	spread	hit	200	2
a02-8-spread	spread	miss	404	486
a02-8-spread	spread	hit	200	2
a02-8-spread	spread	miss	404	373
a02-8-spread	spread	hit	200	2
a02-8-spread	spread	miss	404	551
a02-8-spread	spread	hit	200	2
a02-8-spread	spread	miss	404	305
a02-8-spread	spread	hit	200	2
a02-8-spread	spread	miss	404	515
a02-8-spread	spread	hit	200	2
a02-8-spread	spread	miss	404	439
a02-8-spread	spread	hit	200	1
a02-8-spread	spread	miss	404	615
a02-8-spread	spread	hit	200	1
a02-8-spread	spread	miss	404	483
a02-8-spread	spread	hit	200	1
a02-8-spread	spread	miss	404	410
a02-8-spread	spread	hit	200	1
a02-8-spread	spread	miss	404	682
a02-8-spread	spread	hit	200	1
a02-8-spread	spread	miss	404	436
a02-8-spread	spread	hit	200	1
a02-8-spread	spread	miss	404	431
a02-8-spread	spread	hit	200	2
a02-8-spread	spread	miss	404	566
a02-8-spread	spread	hit	200	1
a02-8-spread	spread	miss	404	470
a02-8-spread	spread	hit	200	1
a02-8-spread	spread	miss	404	555
a02-8-spread	spread	hit	200	1
a02-8-spread	spread	miss	404	447
a02-8-spread	spread	hit	200	1
a02-8-spread	spread	miss	404	396
a02-8-spread	spread	hit	200	2
a02-8-spread	spread	miss	404	415
a02-8-spread	spread	hit	200	2
a02-8-spread	spread	miss	404	371
a02-8-spread	spread	hit	200	1
a02-8-spread	spread	miss	404	462
a02-8-spread	spread	hit	200	2
a02-8-spread	spread	miss	404	359
a02-8-spread	spread	hit	200	3
a02-8-spread	spread	miss	404	382
a02-8-spread	spread	hit	200	2
a02-8-spread	spread	miss	404	392
a02-8-spread	spread	hit	200	1
a02-8-spread	spread	miss	404	415
a02-8-spread	spread	hit	200	3
a02-8-spread	spread	miss	404	403
a02-8-spread	spread	hit	200	2
a02-8-spread	spread	miss	404	528
a02-8-spread	spread	hit	200	2
a02-8-spread	spread	miss	404	567
a02-8-spread	spread	hit	200	2
a02-8-spread	spread	miss	404	440
a02-8-spread	spread	hit	200	3
a02-8-spread	spread	miss	404	405
a02-8-spread	spread	hit	200	1
a02-8-spread	spread	miss	404	522
a02-8-spread	spread	hit	200	3
a02-8-spread	spread	miss	404	528
a02-8-spread	spread	hit	200	1
a02-8-spread	spread	miss	404	579
a02-8-spread	spread	hit	200	1
a02-8-spread	spread	miss	404	389
a02-8-spread	spread	hit	200	3
a02-8-spread	spread	miss	404	397
a02-8-spread	spread	hit	200	3
a02-8-spread	spread	miss	404	450
a02-8-spread	spread	hit	200	2
a02-8-spread	spread	miss	404	393
a02-8-spread	spread	hit	200	2
a02-8-spread	spread	miss	404	357
a02-8-spread	spread	hit	200	2
a02-8-spread	spread	miss	404	475
a02-8-spread	spread	hit	200	2
a02-8-spread	spread	miss	404	460
a02-8-spread	spread	hit	200	2
a02-8-spread	spread	miss	404	522
a02-8-spread	spread	hit	200	1
a02-8-spread	spread	miss	404	249
a02-8-spread	spread	hit	200	2
a02-8-spread	spread	miss	404	520
a02-8-spread	spread	hit	200	2
a02-8-spread	spread	miss	404	368
a02-8-spread	spread	hit	200	1
a02-8-spread	spread	miss	404	423
a02-8-spread	spread	hit	200	2
a02-8-spread	spread	miss	404	369
a02-8-spread	spread	hit	200	1
a02-8-spread	spread	miss	404	443
a02-8-spread	spread	hit	200	2
a02-8-spread	spread	miss	404	343
a02-8-spread	spread	hit	200	2
a02-8-spread	spread	miss	404	499
a02-8-spread	spread	hit	200	2
a02-8-spread	spread	miss	404	218
a02-8-spread	spread	hit	200	1
a02-8-spread	spread	miss	404	433
a02-8-spread	spread	hit	200	1
a02-8-spread	spread	miss	404	321
a02-8-spread	spread	hit	200	2
a02-8-spread	spread	miss	404	560
a02-8-spread	spread	hit	200	2
a02-8-spread	spread	miss	404	598
a02-8-spread	spread	hit	200	2
a02-8-spread	spread	miss	404	390
a02-8-spread	spread	hit	200	2
a02-8-spread	spread	miss	404	553
a02-8-spread	spread	hit	200	1
a02-8-spread	spread	miss	404	478
a02-8-spread	spread	hit	200	2
a02-8-spread	spread	miss	404	347
a02-8-spread	spread	hit	200	2
a02-8-spread	spread	miss	404	420
a02-8-spread	spread	hit	200	2
a02-8-spread	spread	miss	404	543
a02-8-spread	spread	hit	200	2
a02-8-spread	spread	miss	404	448
a02-8-spread	spread	hit	200	2
a02-8-spread	spread	miss	404	410
a02-8-spread	spread	hit	200	2
a02-8-spread	spread	miss	404	158
a02-8-spread	spread	hit	200	2
a02-8-spread	spread	miss	404	514
a02-8-spread	spread	hit	200	2
a02-8-spread	spread	miss	404	495
a02-8-spread	spread	hit	200	1
a02-8-spread	spread	miss	404	433
a02-8-spread	spread	hit	200	1
a02-8-spread	spread	miss	404	467
a02-8-spread	spread	hit	200	2
a02-8-spread	spread	miss	404	525
a02-8-spread	spread	hit	200	1
a02-8-spread	spread	miss	404	322
a02-8-spread	spread	hit	200	1
a02-8-spread	spread	miss	404	452
a02-8-spread	spread	hit	200	2
a02-8-spread	spread	miss	404	522
a02-8-spread	spread	hit	200	2
a02-8-spread	spread	miss	404	482
a02-8-spread	spread	hit	200	1
a02-8-spread	spread	miss	404	418
a02-8-spread	spread	hit	200	2
a02-8-spread	spread	miss	404	449
a02-8-spread	spread	hit	200	2
a02-8-spread	spread	miss	404	452
a02-8-spread	spread	hit	200	1
a02-8-spread	spread	miss	404	409
a02-8-spread	spread	hit	200	2
a02-8-spread	spread	miss	404	527
a02-8-spread	spread	hit	200	1
a02-8-spread	spread	miss	404	461
a02-8-spread	spread	hit	200	1
a02-8-spread	spread	miss	404	556
a02-8-spread	spread	hit	200	2
a02-8-spread	spread	miss	404	658
a02-8-spread	spread	hit	200	1
a02-8-spread	spread	miss	404	540
a02-8-spread	spread	hit	200	1
a02-8-spread	spread	miss	404	483
a02-8-spread	spread	hit	200	2
a02-8-spread	spread	miss	404	510
a02-8-spread	spread	hit	200	2
a02-8-spread	spread	miss	404	444
a02-8-spread	spread	hit	200	2
a02-8-spread	spread	miss	404	549
a02-8-spread	spread	hit	200	2
a02-8-spread	spread	miss	404	492
a02-8-spread	spread	hit	200	1
a02-8-spread	spread	miss	404	474
a02-8-spread	spread	hit	200	1
a02-8-spread	spread	miss	404	461
a02-8-spread	spread	hit	200	1
a02-8-spread	spread	miss	404	430
a02-8-spread	spread	hit	200	2
a02-8-spread	spread	miss	404	389
a02-8-spread	spread	hit	200	3
a02-8-spread	spread	miss	404	378
a02-8-spread	spread	hit	200	1
a02-8-spread	spread	miss	404	391
a02-8-spread	spread	hit	200	2
a02-8-spread	spread	miss	404	429
a02-8-spread	spread	hit	200	1
a02-8-spread	spread	miss	404	486
a02-8-spread	spread	hit	200	1
a02-8-spread	spread	miss	404	494
a02-8-spread	spread	hit	200	1
a02-8-spread	spread	miss	404	586
a02-8-spread	spread	hit	200	2
a02-8-spread	spread	miss	404	462
a02-8-spread	spread	hit	200	1
a02-8-spread	spread	miss	404	467
a02-8-spread	spread	hit	200	2
a02-8-spread	spread	miss	404	500
a02-8-spread	spread	hit	200	2
a02-8-spread	spread	miss	404	401
a02-8-spread	spread	hit	200	2
a02-8-spread	spread	miss	404	536
a02-8-spread	spread	hit	200	1
a02-8-spread	spread	miss	404	499
a02-8-spread	spread	hit	200	3
a02-8-spread	spread	miss	404	337
a02-8-spread	spread	hit	200	2
a02-8-spread	spread	miss	404	628
a02-8-spread	spread	hit	200	3
a02-8-spread	spread	miss	404	469
a02-8-spread	spread	hit	200	1
a02-8-spread	spread	miss	404	685
a02-8-spread	spread	hit	200	2
a02-8-spread	spread	miss	404	379
a02-8-spread	spread	hit	200	1
a02-8-spread	spread	miss	404	526
a02-8-spread	spread	hit	200	2
a02-8-spread	spread	miss	404	335
a02-8-spread	spread	hit	200	1
a02-8-spread	spread	miss	404	468
a02-8-spread	spread	hit	200	1
a02-8-spread	spread	miss	404	531
a02-8-spread	spread	hit	200	1
a02-8-spread	spread	miss	404	393
a02-8-spread	spread	hit	200	1
a02-8-spread	spread	miss	404	359
a02-8-spread	spread	hit	200	2
a02-8-spread	spread	miss	404	388
a02-8-spread	spread	hit	200	7
a02-8-spread	spread	miss	404	535
a02-8-spread	spread	hit	200	1
a02-8-spread	spread	miss	404	520
a02-8-spread	spread	hit	200	2
a02-8-spread	spread	miss	404	417
a02-8-spread	spread	hit	200	2
a02-8-spread	spread	miss	404	458
a02-8-spread	spread	hit	200	1
a02-8-spread	spread	miss	404	338
a02-8-spread	spread	hit	200	1
a02-8-spread	spread	miss	404	524
a02-8-spread	spread	hit	200	2
a02-8-spread	spread	miss	404	311
a02-8-spread	spread	hit	200	1
a02-8-spread	spread	miss	404	182
a02-8-spread	spread	hit	200	1
a02-8-spread	spread	miss	404	584
a02-8-spread	spread	hit	200	2
a02-8-spread	spread	miss	404	177
a02-8-spread	spread	hit	200	1
a02-8-spread	spread	miss	404	355
a02-8-spread	spread	hit	200	2
a02-8-spread	spread	miss	404	543
a02-8-spread	spread	hit	200	2
a02-8-spread	spread	miss	404	401
a02-8-spread	spread	hit	200	1
a02-8-spread	spread	miss	404	317
a02-8-spread	spread	hit	200	2
a02-8-spread	spread	miss	404	393
a02-8-spread	spread	hit	200	1
a02-8-spread	spread	miss	404	530
a02-8-spread	spread	hit	200	1
a02-8-spread	spread	miss	404	487
a02-8-spread	spread	hit	200	1
a02-8-spread	spread	miss	404	556
a02-8-spread	spread	hit	200	2
a02-8-spread	spread	miss	404	592
a02-8-spread	spread	hit	200	2
a02-8-spread	spread	miss	404	509
a02-8-spread	spread	hit	200	2
a02-8-spread	spread	miss	404	480
a02-8-spread	spread	hit	200	3
a02-8-spread	spread	miss	404	395
a02-8-spread	spread	hit	200	2
a02-8-spread	spread	miss	404	376
a02-8-spread	spread	hit	200	2
a02-8-spread	spread	miss	404	467
a02-8-spread	spread	hit	200	2
a02-8-spread	spread	miss	404	612
a02-8-spread	spread	hit	200	1
a02-8-spread	spread	miss	404	243
a02-8-spread	spread	hit	200	2
a02-8-spread	spread	miss	404	385
a02-8-spread	spread	hit	200	1
a02-8-spread	spread	miss	404	456
a02-8-spread	spread	hit	200	2
a02-8-spread	spread	miss	404	372
a02-8-spread	spread	hit	200	2
a02-8-spread	spread	miss	404	465
a02-8-spread	spread	hit	200	2
a02-8-spread	spread	miss	404	575
a02-8-spread	spread	hit	200	1
a02-8-spread	spread	miss	404	255
a02-8-spread	spread	hit	200	1
a02-8-spread	spread	miss	404	547
a02-8-spread	spread	hit	200	2
a02-8-spread	spread	miss	404	450
a02-8-spread	spread	hit	200	2
a02-8-spread	spread	miss	404	464
a02-8-spread	spread	hit	200	1
a02-8-spread	spread	miss	404	434
a02-8-spread	spread	hit	200	2
a02-8-spread	spread	miss	404	475
a02-8-spread	spread	hit	200	2
a02-8-spread	spread	miss	404	350
a02-8-spread	spread	hit	200	3
a02-8-spread	spread	miss	404	401
a02-8-spread	spread	hit	200	2
a02-8-spread	spread	miss	404	391
a02-8-spread	spread	hit	200	3
a02-8-spread	spread	miss	404	492
a02-8-spread	spread	hit	200	2
a02-8-spread	spread	miss	404	567
a02-8-spread	spread	hit	200	2
a02-8-spread	spread	miss	404	193
a02-8-spread	spread	hit	200	1
a02-8-spread	spread	miss	404	582
a02-8-spread	spread	hit	200	1
a02-8-spread	spread	miss	404	477
a02-8-spread	spread	hit	200	1
a02-8-spread	spread	miss	404	385
a02-8-spread	spread	hit	200	2
a02-8-spread	spread	miss	404	504
a02-8-spread	spread	hit	200	1
a02-8-spread	spread	miss	404	479
a02-8-spread	spread	hit	200	1
a02-8-spread	spread	miss	404	573
a02-8-spread	spread	hit	200	2
a02-8-spread	spread	miss	404	461
a02-8-spread	spread	hit	200	2
a02-8-spread	spread	miss	404	209
a02-8-spread	spread	hit	200	2
a02-8-spread	spread	miss	404	468
a02-8-spread	spread	hit	200	2
a02-8-spread	spread	miss	404	470
a02-8-spread	spread	hit	200	2
a02-8-spread	spread	miss	404	522
a02-8-spread	spread	hit	200	2
a02-8-spread	spread	miss	404	357
a02-8-spread	spread	hit	200	2
a02-8-spread	spread	miss	404	429
a02-8-spread	spread	hit	200	1
a02-8-spread	spread	miss	404	371
a02-8-spread	spread	hit	200	1
a02-8-spread	spread	miss	404	351
a02-8-spread	spread	hit	200	2
a02-8-spread	spread	miss	404	444
a02-8-spread	spread	hit	200	1
a02-8-spread	spread	miss	404	542
a02-8-spread	spread	hit	200	1
a02-8-spread	spread	miss	404	293
a02-8-spread	spread	hit	200	1
a02-8-spread	spread	miss	404	507
a02-8-spread	spread	hit	200	2
a02-8-spread	spread	miss	404	395
a02-8-spread	spread	hit	200	1
a02-8-spread	spread	miss	404	558
a02-8-spread	spread	hit	200	2
a02-8-spread	spread	miss	404	458
a02-8-spread	spread	hit	200	1
a02-8-spread	spread	miss	404	497
a02-8-spread	spread	hit	200	2
a02-8-spread	spread	miss	404	462
a02-8-spread	spread	hit	200	2
a02-8-spread	spread	miss	404	538
a02-8-spread	spread	hit	200	2
a02-8-spread	spread	miss	404	412
a02-8-spread	spread	hit	200	1
a02-8-spread	spread	miss	404	396
a02-8-spread	spread	hit	200	2
a02-8-spread	spread	miss	404	493
a02-8-spread	spread	hit	200	24
a02-8-spread	spread	miss	404	380
a02-8-spread	spread	hit	200	32
a02-8-spread	spread	miss	404	534
a02-8-spread	spread	hit	200	1
a02-8-spread	spread	miss	404	519
a02-8-spread	spread	hit	200	1
a02-8-spread	spread	miss	404	380
a02-8-spread	spread	hit	200	2
a02-8-spread	spread	miss	404	414
a02-8-spread	spread	hit	200	2
a02-8-spread	spread	miss	404	538
a02-8-spread	spread	hit	200	3
a02-8-spread	spread	miss	404	372
a02-8-spread	spread	hit	200	2
a02-8-spread	spread	miss	404	431
a02-8-spread	spread	hit	200	2
a02-8-spread	spread	miss	404	479
a02-8-spread	spread	hit	200	3
a02-8-spread	spread	miss	404	482
a02-8-spread	spread	hit	200	1
a02-8-spread	spread	miss	404	583
a02-8-spread	spread	hit	200	1
a02-8-spread	spread	miss	404	490
a02-8-spread	spread	hit	200	7
a02-8-spread	spread	miss	404	420
a02-8-spread	spread	hit	200	1
a02-8-spread	spread	miss	404	606
a02-8-spread	spread	hit	200	2
a02-8-spread	spread	miss	404	800
a02-8-spread	spread	hit	200	2
a02-8-spread	spread	miss	404	478
a02-8-spread	spread	hit	200	2
a02-8-spread	spread	miss	404	319
a02-8-spread	spread	hit	200	1
a02-8-spread	spread	miss	404	422
a02-8-spread	spread	hit	200	2
a02-8-spread	spread	miss	404	356
a02-8-spread	spread	hit	200	2
a02-8-spread	spread	miss	404	533
a02-8-spread	spread	hit	200	1
a02-8-spread	spread	miss	404	474
a02-8-spread	spread	hit	200	1
a02-8-spread	spread	miss	404	512
a02-8-spread	spread	hit	200	2
a02-8-spread	spread	miss	404	514
a02-8-spread	spread	hit	200	2
a02-8-spread	spread	miss	404	439
a02-8-spread	spread	hit	200	2
a02-8-spread	spread	miss	404	379
a02-8-spread	spread	hit	200	2
a02-8-spread	spread	miss	404	548
a02-8-spread	spread	hit	200	2
a02-8-spread	spread	miss	404	442
a02-8-spread	spread	hit	200	2
a02-8-spread	spread	miss	404	490
a02-8-spread	spread	hit	200	2
a02-8-spread	spread	miss	404	497
a02-8-spread	spread	hit	200	1
a02-8-spread	spread	miss	404	545
a02-8-spread	spread	hit	200	2
a02-8-spread	spread	miss	404	388
a02-8-spread	spread	hit	200	1
a02-8-spread	spread	miss	404	562
a02-8-spread	spread	hit	200	1
a02-8-spread	spread	miss	404	422
a02-8-spread	spread	hit	200	1
a02-8-spread	spread	miss	404	804
a02-8-spread	spread	hit	200	2
a02-8-spread	spread	miss	404	446
a02-8-spread	spread	hit	200	11
a02-8-spread	spread	miss	404	574
a02-8-spread	spread	hit	200	33
a02-8-spread	spread	miss	404	399
a02-8-spread	spread	hit	200	10
a02-8-spread	spread	miss	404	548
a02-8-spread	spread	hit	200	44
a02-8-spread	spread	miss	404	438
a02-8-spread	spread	hit	200	10
a02-8-spread	spread	miss	404	150
a02-8-spread	spread	hit	200	7
a02-8-spread	spread	miss	404	433
a02-8-spread	spread	hit	200	3
a02-8-spread	spread	miss	404	558
a02-8-spread	spread	hit	200	1
a02-8-spread	spread	miss	404	527
a02-8-spread	spread	hit	200	1
a02-8-spread	spread	miss	404	560
a02-8-spread	spread	hit	200	2
a02-8-spread	spread	miss	404	323
a02-8-spread	spread	hit	200	1
a02-8-spread	spread	miss	404	401
a02-8-spread	spread	hit	200	2
a02-8-spread	spread	miss	404	386
a02-8-spread	spread	hit	200	1
a02-8-spread	spread	miss	404	463
a02-8-spread	spread	hit	200	2
a02-8-spread	spread	miss	404	466
a02-8-spread	spread	hit	200	3
a02-8-spread	spread	miss	404	428
a02-8-spread	spread	hit	200	2
a02-8-spread	spread	miss	404	548
a02-8-spread	spread	hit	200	2
a02-8-spread	spread	miss	404	538
a02-8-spread	spread	hit	200	2
a02-8-spread	spread	miss	404	442
a02-8-spread	spread	hit	200	1
a02-8-spread	spread	miss	404	461
a02-8-spread	spread	hit	200	1
a02-8-spread	spread	miss	404	481
a02-8-spread	spread	hit	200	2
a02-8-spread	spread	miss	404	488
a02-8-spread	spread	hit	200	1
a02-8-spread	spread	miss	404	450
a02-8-spread	spread	hit	200	2
a02-8-spread	spread	miss	404	470
a02-8-spread	spread	hit	200	1
a02-8-spread	spread	miss	404	442
a02-8-spread	spread	hit	200	2
a02-8-spread	spread	miss	404	461
a02-8-spread	spread	hit	200	2
a02-8-spread	spread	miss	404	133
a02-8-spread	spread	hit	200	1
a02-8-spread	spread	miss	404	426
a02-8-spread	spread	hit	200	2
a02-8-spread	spread	miss	404	236
a02-8-spread	spread	hit	200	2
a02-8-spread	spread	miss	404	440
a02-8-spread	spread	hit	200	1
a02-8-spread	spread	miss	404	567
a02-8-spread	spread	hit	200	2
a02-8-spread	spread	miss	404	282
a02-8-spread	spread	hit	200	2
a02-8-spread	spread	miss	404	665
a02-8-spread	spread	hit	200	2
a02-8-spread	spread	miss	404	444
a02-8-spread	spread	hit	200	2
a02-8-spread	spread	miss	404	502
a02-8-spread	spread	hit	200	1
a02-8-spread	spread	miss	404	548
a02-8-spread	spread	hit	200	1
a02-8-spread	spread	miss	404	559
a02-8-spread	spread	hit	200	1
a02-8-spread	spread	miss	404	283
a02-8-spread	spread	hit	200	2
a02-8-spread	spread	miss	404	469
a02-8-spread	spread	hit	200	1
a02-8-spread	spread	miss	404	428
a02-8-spread	spread	hit	200	1
a02-8-spread	spread	miss	404	513
a02-8-spread	spread	hit	200	7
a02-8-spread	spread	miss	404	401
a02-8-spread	spread	hit	200	33
a02-8-spread	spread	miss	404	444
a02-8-spread	spread	hit	200	6
a02-8-spread	spread	miss	404	375
a02-8-spread	spread	hit	200	24
a02-8-spread	spread	miss	404	430
a02-8-spread	spread	hit	200	3
a02-8-spread	spread	miss	404	487
a02-8-spread	spread	hit	200	4
a02-8-spread	spread	miss	404	532
a02-8-spread	spread	hit	200	4
a02-8-spread	spread	miss	404	513
a02-8-spread	spread	hit	200	27
a02-8-spread	spread	miss	404	421
a02-8-spread	spread	hit	200	9
a02-8-spread	spread	miss	404	475
a02-8-spread	spread	hit	200	4
a02-8-spread	spread	miss	404	532
a02-8-spread	spread	hit	200	8
a02-8-spread	spread	miss	404	294
a02-8-spread	spread	hit	200	37
a02-8-spread	spread	miss	404	496
a02-8-spread	spread	hit	200	10
a02-8-spread	spread	miss	404	446
a02-8-spread	spread	hit	200	9
a02-8-spread	spread	miss	404	564
a02-8-spread	spread	hit	200	5
a02-8-spread	spread	miss	404	449
a02-8-spread	spread	hit	200	30
a02-8-spread	spread	miss	404	229
a02-8-spread	spread	hit	200	4
a02-8-spread	spread	miss	404	424
a02-8-spread	spread	hit	200	19
a02-8-spread	spread	miss	404	128
a02-8-spread	spread	hit	200	20
a02-8-spread	spread	miss	404	549
a02-8-spread	spread	hit	200	32
a02-8-spread	spread	miss	404	436
a02-8-spread	spread	hit	200	11
a02-8-spread	spread	miss	404	445
a02-8-spread	spread	hit	200	4
a02-8-spread	spread	miss	404	506
a02-8-spread	spread	hit	200	8
a02-8-spread	spread	miss	404	482
a02-8-spread	spread	hit	200	10
a02-8-spread	spread	miss	404	393
a02-8-spread	spread	hit	200	12
a02-8-spread	spread	miss	404	511
a02-8-spread	spread	hit	200	5
a02-8-spread	spread	miss	404	731
a02-8-spread	spread	hit	200	26
a02-8-spread	spread	miss	404	413
a02-8-spread	spread	hit	200	15
a02-8-spread	spread	miss	404	539
a02-8-spread	spread	hit	200	26
a02-8-spread	spread	miss	404	202
a02-8-spread	spread	hit	200	32
a02-8-spread	spread	miss	404	456
a02-8-spread	spread	hit	200	28
a02-8-spread	spread	miss	404	408
a02-8-spread	spread	hit	200	6
a02-8-spread	spread	miss	404	393
a02-8-spread	spread	hit	200	4
a02-8-spread	spread	miss	404	431
a02-8-spread	spread	hit	200	5
a02-8-spread	spread	miss	404	484
a02-8-spread	spread	hit	200	12
a02-8-spread	spread	miss	404	423
a02-8-spread	spread	hit	200	16
a02-8-spread	spread	miss	404	447
a02-8-spread	spread	hit	200	29
a02-8-spread	spread	miss	404	557
a02-8-spread	spread	hit	200	10
a02-8-spread	spread	miss	404	484
a02-8-spread	spread	hit	200	9
a02-8-spread	spread	miss	404	486
a02-8-spread	spread	hit	200	10
a02-8-spread	spread	miss	404	494
a03-8-same	same	hit	200	2
a03-8-same	same	miss	404	395
a03-8-same	same	hit	200	2
a03-8-same	same	miss	404	508
a03-8-same	same	hit	200	2
a03-8-same	same	miss	404	341
a03-8-same	same	hit	200	1
a03-8-same	same	miss	404	515
a03-8-same	same	hit	200	1
a03-8-same	same	miss	404	383
a03-8-same	same	hit	200	2
a03-8-same	same	miss	404	417
a03-8-same	same	hit	200	1
a03-8-same	same	miss	404	405
a03-8-same	same	hit	200	2
a03-8-same	same	miss	404	447
a03-8-same	same	hit	200	2
a03-8-same	same	miss	404	368
a03-8-same	same	hit	200	2
a03-8-same	same	miss	404	414
a03-8-same	same	hit	200	1
a03-8-same	same	miss	404	425
a03-8-same	same	hit	200	1
a03-8-same	same	miss	404	399
a03-8-same	same	hit	200	2
a03-8-same	same	miss	404	410
a03-8-same	same	hit	200	2
a03-8-same	same	miss	404	396
a03-8-same	same	hit	200	2
a03-8-same	same	miss	404	462
a03-8-same	same	hit	200	2
a03-8-same	same	miss	404	386
a03-8-same	same	hit	200	2
a03-8-same	same	miss	404	537
a03-8-same	same	hit	200	1
a03-8-same	same	miss	404	412
a03-8-same	same	hit	200	2
a03-8-same	same	miss	404	328
a03-8-same	same	hit	200	1
a03-8-same	same	miss	404	127
a03-8-same	same	hit	200	1
a03-8-same	same	miss	404	465
a03-8-same	same	hit	200	2
a03-8-same	same	miss	404	435
a03-8-same	same	hit	200	2
a03-8-same	same	miss	404	265
a03-8-same	same	hit	200	2
a03-8-same	same	miss	404	244
a03-8-same	same	hit	200	2
a03-8-same	same	miss	404	441
a03-8-same	same	hit	200	2
a03-8-same	same	miss	404	352
a03-8-same	same	hit	200	2
a03-8-same	same	miss	404	361
a03-8-same	same	hit	200	2
a03-8-same	same	miss	404	139
a03-8-same	same	hit	200	2
a03-8-same	same	miss	404	409
a03-8-same	same	hit	200	1
a03-8-same	same	miss	404	503
a03-8-same	same	hit	200	1
a03-8-same	same	miss	404	432
a03-8-same	same	hit	200	1
a03-8-same	same	miss	404	225
a03-8-same	same	hit	200	1
a03-8-same	same	miss	404	361
a03-8-same	same	hit	200	2
a03-8-same	same	miss	404	465
a03-8-same	same	hit	200	7
a03-8-same	same	miss	404	401
a03-8-same	same	hit	200	1
a03-8-same	same	miss	404	340
a03-8-same	same	hit	200	2
a03-8-same	same	miss	404	371
a03-8-same	same	hit	200	1
a03-8-same	same	miss	404	439
a03-8-same	same	hit	200	2
a03-8-same	same	miss	404	326
a03-8-same	same	hit	200	2
a03-8-same	same	miss	404	469
a03-8-same	same	hit	200	2
a03-8-same	same	miss	404	480
a03-8-same	same	hit	200	2
a03-8-same	same	miss	404	398
a03-8-same	same	hit	200	1
a03-8-same	same	miss	404	477
a03-8-same	same	hit	200	1
a03-8-same	same	miss	404	467
a03-8-same	same	hit	200	2
a03-8-same	same	miss	404	415
a03-8-same	same	hit	200	2
a03-8-same	same	miss	404	369
a03-8-same	same	hit	200	2
a03-8-same	same	miss	404	542
a03-8-same	same	hit	200	2
a03-8-same	same	miss	404	432
a03-8-same	same	hit	200	1
a03-8-same	same	miss	404	494
a03-8-same	same	hit	200	1
a03-8-same	same	miss	404	460
a03-8-same	same	hit	200	2
a03-8-same	same	miss	404	604
a03-8-same	same	hit	200	2
a03-8-same	same	miss	404	474
a03-8-same	same	hit	200	1
a03-8-same	same	miss	404	356
a03-8-same	same	hit	200	1
a03-8-same	same	miss	404	425
a03-8-same	same	hit	200	2
a03-8-same	same	miss	404	584
a03-8-same	same	hit	200	2
a03-8-same	same	miss	404	325
a03-8-same	same	hit	200	1
a03-8-same	same	miss	404	457
a03-8-same	same	hit	200	2
a03-8-same	same	miss	404	404
a03-8-same	same	hit	200	1
a03-8-same	same	miss	404	449
a03-8-same	same	hit	200	1
a03-8-same	same	miss	404	404
a03-8-same	same	hit	200	2
a03-8-same	same	miss	404	448
a03-8-same	same	hit	200	1
a03-8-same	same	miss	404	414
a03-8-same	same	hit	200	1
a03-8-same	same	miss	404	361
a03-8-same	same	hit	200	2
a03-8-same	same	miss	404	553
a03-8-same	same	hit	200	1
a03-8-same	same	miss	404	535
a03-8-same	same	hit	200	1
a03-8-same	same	miss	404	431
a03-8-same	same	hit	200	1
a03-8-same	same	miss	404	490
a03-8-same	same	hit	200	2
a03-8-same	same	miss	404	486
a03-8-same	same	hit	200	2
a03-8-same	same	miss	404	518
a03-8-same	same	hit	200	2
a03-8-same	same	miss	404	437
a03-8-same	same	hit	200	1
a03-8-same	same	miss	404	424
a03-8-same	same	hit	200	1
a03-8-same	same	miss	404	374
a03-8-same	same	hit	200	2
a03-8-same	same	miss	404	429
a03-8-same	same	hit	200	2
a03-8-same	same	miss	404	450
a03-8-same	same	hit	200	2
a03-8-same	same	miss	404	536
a03-8-same	same	hit	200	2
a03-8-same	same	miss	404	571
a03-8-same	same	hit	200	2
a03-8-same	same	miss	404	495
a03-8-same	same	hit	200	1
a03-8-same	same	miss	404	550
a03-8-same	same	hit	200	2
a03-8-same	same	miss	404	538
a03-8-same	same	hit	200	2
a03-8-same	same	miss	404	498
a03-8-same	same	hit	200	2
a03-8-same	same	miss	404	425
a03-8-same	same	hit	200	1
a03-8-same	same	miss	404	358
a03-8-same	same	hit	200	2
a03-8-same	same	miss	404	517
a03-8-same	same	hit	200	2
a03-8-same	same	miss	404	339
a03-8-same	same	hit	200	2
a03-8-same	same	miss	404	470
a03-8-same	same	hit	200	2
a03-8-same	same	miss	404	405
a03-8-same	same	hit	200	5
a03-8-same	same	miss	404	525
a03-8-same	same	hit	200	2
a03-8-same	same	miss	404	124
a03-8-same	same	hit	200	2
a03-8-same	same	miss	404	190
a03-8-same	same	hit	200	1
a03-8-same	same	miss	404	500
a03-8-same	same	hit	200	2
a03-8-same	same	miss	404	580
a03-8-same	same	hit	200	2
a03-8-same	same	miss	404	185
a03-8-same	same	hit	200	2
a03-8-same	same	miss	404	528
a03-8-same	same	hit	200	2
a03-8-same	same	miss	404	455
a03-8-same	same	hit	200	1
a03-8-same	same	miss	404	391
a03-8-same	same	hit	200	2
a03-8-same	same	miss	404	559
a03-8-same	same	hit	200	2
a03-8-same	same	miss	404	471
a03-8-same	same	hit	200	1
a03-8-same	same	miss	404	520
a03-8-same	same	hit	200	1
a03-8-same	same	miss	404	491
a03-8-same	same	hit	200	1
a03-8-same	same	miss	404	381
a03-8-same	same	hit	200	1
a03-8-same	same	miss	404	227
a03-8-same	same	hit	200	2
a03-8-same	same	miss	404	554
a03-8-same	same	hit	200	1
a03-8-same	same	miss	404	463
a03-8-same	same	hit	200	1
a03-8-same	same	miss	404	453
a03-8-same	same	hit	200	2
a03-8-same	same	miss	404	362
a03-8-same	same	hit	200	2
a03-8-same	same	miss	404	617
a03-8-same	same	hit	200	1
a03-8-same	same	miss	404	517
a03-8-same	same	hit	200	2
a03-8-same	same	miss	404	198
a03-8-same	same	hit	200	1
a03-8-same	same	miss	404	171
a03-8-same	same	hit	200	2
a03-8-same	same	miss	404	415
a03-8-same	same	hit	200	2
a03-8-same	same	miss	404	195
a03-8-same	same	hit	200	1
a03-8-same	same	miss	404	327
a03-8-same	same	hit	200	2
a03-8-same	same	miss	404	342
a03-8-same	same	hit	200	6
a03-8-same	same	miss	404	468
a03-8-same	same	hit	200	1
a03-8-same	same	miss	404	326
a03-8-same	same	hit	200	2
a03-8-same	same	miss	404	481
a03-8-same	same	hit	200	2
a03-8-same	same	miss	404	502
a03-8-same	same	hit	200	1
a03-8-same	same	miss	404	534
a03-8-same	same	hit	200	2
a03-8-same	same	miss	404	509
a03-8-same	same	hit	200	1
a03-8-same	same	miss	404	342
a03-8-same	same	hit	200	2
a03-8-same	same	miss	404	313
a03-8-same	same	hit	200	1
a03-8-same	same	miss	404	545
a03-8-same	same	hit	200	1
a03-8-same	same	miss	404	516
a03-8-same	same	hit	200	1
a03-8-same	same	miss	404	843
a03-8-same	same	hit	200	2
a03-8-same	same	miss	404	504
a03-8-same	same	hit	200	1
a03-8-same	same	miss	404	515
a03-8-same	same	hit	200	1
a03-8-same	same	miss	404	347
a03-8-same	same	hit	200	2
a03-8-same	same	miss	404	451
a03-8-same	same	hit	200	4
a03-8-same	same	miss	404	361
a03-8-same	same	hit	200	1
a03-8-same	same	miss	404	524
a03-8-same	same	hit	200	2
a03-8-same	same	miss	404	560
a03-8-same	same	hit	200	1
a03-8-same	same	miss	404	286
a03-8-same	same	hit	200	1
a03-8-same	same	miss	404	437
a03-8-same	same	hit	200	1
a03-8-same	same	miss	404	453
a03-8-same	same	hit	200	3
a03-8-same	same	miss	404	525
a03-8-same	same	hit	200	2
a03-8-same	same	miss	404	369
a03-8-same	same	hit	200	1
a03-8-same	same	miss	404	742
a03-8-same	same	hit	200	1
a03-8-same	same	miss	404	735
a03-8-same	same	hit	200	2
a03-8-same	same	miss	404	507
a03-8-same	same	hit	200	1
a03-8-same	same	miss	404	322
a03-8-same	same	hit	200	1
a03-8-same	same	miss	404	460
a03-8-same	same	hit	200	1
a03-8-same	same	miss	404	316
a03-8-same	same	hit	200	2
a03-8-same	same	miss	404	566
a03-8-same	same	hit	200	1
a03-8-same	same	miss	404	417
a03-8-same	same	hit	200	2
a03-8-same	same	miss	404	348
a03-8-same	same	hit	200	1
a03-8-same	same	miss	404	493
a03-8-same	same	hit	200	1
a03-8-same	same	miss	404	471
a03-8-same	same	hit	200	2
a03-8-same	same	miss	404	427
a03-8-same	same	hit	200	2
a03-8-same	same	miss	404	347
a03-8-same	same	hit	200	1
a03-8-same	same	miss	404	472
a03-8-same	same	hit	200	2
a03-8-same	same	miss	404	564
a03-8-same	same	hit	200	2
a03-8-same	same	miss	404	442
a03-8-same	same	hit	200	2
a03-8-same	same	miss	404	532
a03-8-same	same	hit	200	2
a03-8-same	same	miss	404	493
a03-8-same	same	hit	200	2
a03-8-same	same	miss	404	408
a03-8-same	same	hit	200	1
a03-8-same	same	miss	404	596
a03-8-same	same	hit	200	1
a03-8-same	same	miss	404	470
a03-8-same	same	hit	200	1
a03-8-same	same	miss	404	471
a03-8-same	same	hit	200	2
a03-8-same	same	miss	404	552
a03-8-same	same	hit	200	1
a03-8-same	same	miss	404	432
a03-8-same	same	hit	200	2
a03-8-same	same	miss	404	388
a03-8-same	same	hit	200	2
a03-8-same	same	miss	404	403
a03-8-same	same	hit	200	2
a03-8-same	same	miss	404	345
a03-8-same	same	hit	200	2
a03-8-same	same	miss	404	408
a03-8-same	same	hit	200	1
a03-8-same	same	miss	404	393
a03-8-same	same	hit	200	8
a03-8-same	same	miss	404	556
a03-8-same	same	hit	200	5
a03-8-same	same	miss	404	394
a03-8-same	same	hit	200	1
a03-8-same	same	miss	404	389
a03-8-same	same	hit	200	2
a03-8-same	same	miss	404	482
a03-8-same	same	hit	200	2
a03-8-same	same	miss	404	473
a03-8-same	same	hit	200	2
a03-8-same	same	miss	404	433
a03-8-same	same	hit	200	2
a03-8-same	same	miss	404	432
a03-8-same	same	hit	200	1
a03-8-same	same	miss	404	503
a03-8-same	same	hit	200	2
a03-8-same	same	miss	404	366
a03-8-same	same	hit	200	2
a03-8-same	same	miss	404	705
a03-8-same	same	hit	200	2
a03-8-same	same	miss	404	463
a03-8-same	same	hit	200	1
a03-8-same	same	miss	404	509
a03-8-same	same	hit	200	2
a03-8-same	same	miss	404	556
a03-8-same	same	hit	200	1
a03-8-same	same	miss	404	374
a03-8-same	same	hit	200	1
a03-8-same	same	miss	404	524
a03-8-same	same	hit	200	2
a03-8-same	same	miss	404	536
a03-8-same	same	hit	200	2
a03-8-same	same	miss	404	514
a03-8-same	same	hit	200	2
a03-8-same	same	miss	404	415
a03-8-same	same	hit	200	1
a03-8-same	same	miss	404	398
a03-8-same	same	hit	200	1
a03-8-same	same	miss	404	475
a03-8-same	same	hit	200	2
a03-8-same	same	miss	404	387
a03-8-same	same	hit	200	2
a03-8-same	same	miss	404	621
a03-8-same	same	hit	200	1
a03-8-same	same	miss	404	526
a03-8-same	same	hit	200	2
a03-8-same	same	miss	404	373
a03-8-same	same	hit	200	2
a03-8-same	same	miss	404	481
a03-8-same	same	hit	200	1
a03-8-same	same	miss	404	456
a03-8-same	same	hit	200	2
a03-8-same	same	miss	404	425
a03-8-same	same	hit	200	2
a03-8-same	same	miss	404	541
a03-8-same	same	hit	200	2
a03-8-same	same	miss	404	396
a03-8-same	same	hit	200	2
a03-8-same	same	miss	404	785
a03-8-same	same	hit	200	2
a03-8-same	same	miss	404	358
a03-8-same	same	hit	200	2
a03-8-same	same	miss	404	437
a03-8-same	same	hit	200	1
a03-8-same	same	miss	404	767
a03-8-same	same	hit	200	1
a03-8-same	same	miss	404	482
a03-8-same	same	hit	200	1
a03-8-same	same	miss	404	503
a03-8-same	same	hit	200	2
a03-8-same	same	miss	404	474
a03-8-same	same	hit	200	2
a03-8-same	same	miss	404	431
a03-8-same	same	hit	200	2
a03-8-same	same	miss	404	515
a03-8-same	same	hit	200	2
a03-8-same	same	miss	404	543
a03-8-same	same	hit	200	1
a03-8-same	same	miss	404	497
a03-8-same	same	hit	200	1
a03-8-same	same	miss	404	487
a03-8-same	same	hit	200	2
a03-8-same	same	miss	404	464
a03-8-same	same	hit	200	2
a03-8-same	same	miss	404	398
a03-8-same	same	hit	200	2
a03-8-same	same	miss	404	266
a03-8-same	same	hit	200	1
a03-8-same	same	miss	404	466
a03-8-same	same	hit	200	2
a03-8-same	same	miss	404	461
a03-8-same	same	hit	200	2
a03-8-same	same	miss	404	396
a03-8-same	same	hit	200	2
a03-8-same	same	miss	404	183
a03-8-same	same	hit	200	1
a03-8-same	same	miss	404	404
a03-8-same	same	hit	200	1
a03-8-same	same	miss	404	523
a03-8-same	same	hit	200	1
a03-8-same	same	miss	404	541
a03-8-same	same	hit	200	1
a03-8-same	same	miss	404	479
a03-8-same	same	hit	200	2
a03-8-same	same	miss	404	408
a03-8-same	same	hit	200	2
a03-8-same	same	miss	404	375
a03-8-same	same	hit	200	1
a03-8-same	same	miss	404	330
a03-8-same	same	hit	200	2
a03-8-same	same	miss	404	662
a03-8-same	same	hit	200	2
a03-8-same	same	miss	404	773
a03-8-same	same	hit	200	2
a03-8-same	same	miss	404	444
a03-8-same	same	hit	200	2
a03-8-same	same	miss	404	420
a03-8-same	same	hit	200	1
a03-8-same	same	miss	404	399
a03-8-same	same	hit	200	2
a03-8-same	same	miss	404	282
a03-8-same	same	hit	200	2
a03-8-same	same	miss	404	519
a03-8-same	same	hit	200	2
a03-8-same	same	miss	404	470
a03-8-same	same	hit	200	1
a03-8-same	same	miss	404	479
a03-8-same	same	hit	200	2
a03-8-same	same	miss	404	418
a03-8-same	same	hit	200	2
a03-8-same	same	miss	404	208
a03-8-same	same	hit	200	1
a03-8-same	same	miss	404	505
a03-8-same	same	hit	200	2
a03-8-same	same	miss	404	463
a03-8-same	same	hit	200	1
a03-8-same	same	miss	404	294
a03-8-same	same	hit	200	2
a03-8-same	same	miss	404	422
a03-8-same	same	hit	200	2
a03-8-same	same	miss	404	386
a03-8-same	same	hit	200	2
a03-8-same	same	miss	404	403
a03-8-same	same	hit	200	2
a03-8-same	same	miss	404	547
a03-8-same	same	hit	200	2
a03-8-same	same	miss	404	416
a03-8-same	same	hit	200	2
a03-8-same	same	miss	404	420
a03-8-same	same	hit	200	2
a03-8-same	same	miss	404	387
a03-8-same	same	hit	200	1
a03-8-same	same	miss	404	485
a03-8-same	same	hit	200	1
a03-8-same	same	miss	404	227
a03-8-same	same	hit	200	4
a03-8-same	same	miss	404	542
a03-8-same	same	hit	200	1
a03-8-same	same	miss	404	434
a03-8-same	same	hit	200	1
a03-8-same	same	miss	404	556
a03-8-same	same	hit	200	2
a03-8-same	same	miss	404	450
a03-8-same	same	hit	200	1
a03-8-same	same	miss	404	514
a03-8-same	same	hit	200	2
a03-8-same	same	miss	404	467
a03-8-same	same	hit	200	1
a03-8-same	same	miss	404	521
a03-8-same	same	hit	200	1
a03-8-same	same	miss	404	341
a03-8-same	same	hit	200	2
a03-8-same	same	miss	404	412
a03-8-same	same	hit	200	1
a03-8-same	same	miss	404	515
a03-8-same	same	hit	200	2
a03-8-same	same	miss	404	344
a03-8-same	same	hit	200	2
a03-8-same	same	miss	404	411
a03-8-same	same	hit	200	2
a03-8-same	same	miss	404	416
a03-8-same	same	hit	200	1
a03-8-same	same	miss	404	371
a03-8-same	same	hit	200	1
a03-8-same	same	miss	404	484
a03-8-same	same	hit	200	1
a03-8-same	same	miss	404	484
a03-8-same	same	hit	200	1
a03-8-same	same	miss	404	442
a03-8-same	same	hit	200	2
a03-8-same	same	miss	404	486
a03-8-same	same	hit	200	1
a03-8-same	same	miss	404	508
a03-8-same	same	hit	200	1
a03-8-same	same	miss	404	515
a03-8-same	same	hit	200	2
a03-8-same	same	miss	404	522
a03-8-same	same	hit	200	2
a03-8-same	same	miss	404	468
a03-8-same	same	hit	200	1
a03-8-same	same	miss	404	525
a03-8-same	same	hit	200	2
a03-8-same	same	miss	404	178
a03-8-same	same	hit	200	1
a03-8-same	same	miss	404	522
a03-8-same	same	hit	200	1
a03-8-same	same	miss	404	122
a03-8-same	same	hit	200	1
a03-8-same	same	miss	404	582
a03-8-same	same	hit	200	1
a03-8-same	same	miss	404	446
a03-8-same	same	hit	200	1
a03-8-same	same	miss	404	316
a03-8-same	same	hit	200	1
a03-8-same	same	miss	404	551
a03-8-same	same	hit	200	2
a03-8-same	same	miss	404	441
a03-8-same	same	hit	200	2
a03-8-same	same	miss	404	461
a03-8-same	same	hit	200	2
a03-8-same	same	miss	404	256
a03-8-same	same	hit	200	1
a03-8-same	same	miss	404	436
a03-8-same	same	hit	200	2
a03-8-same	same	miss	404	343
a03-8-same	same	hit	200	2
a03-8-same	same	miss	404	514
a03-8-same	same	hit	200	2
a03-8-same	same	miss	404	194
a03-8-same	same	hit	200	2
a03-8-same	same	miss	404	423
a03-8-same	same	hit	200	2
a03-8-same	same	miss	404	195
a03-8-same	same	hit	200	2
a03-8-same	same	miss	404	519
a03-8-same	same	hit	200	1
a03-8-same	same	miss	404	393
a03-8-same	same	hit	200	5
a03-8-same	same	miss	404	477
a03-8-same	same	hit	200	2
a03-8-same	same	miss	404	519
a03-8-same	same	hit	200	1
a03-8-same	same	miss	404	537
a03-8-same	same	hit	200	1
a03-8-same	same	miss	404	507
a03-8-same	same	hit	200	1
a03-8-same	same	miss	404	533
a03-8-same	same	hit	200	1
a03-8-same	same	miss	404	387
a03-8-same	same	hit	200	2
a03-8-same	same	miss	404	499
a03-8-same	same	hit	200	2
a03-8-same	same	miss	404	548
a03-8-same	same	hit	200	2
a03-8-same	same	miss	404	512
a03-8-same	same	hit	200	2
a03-8-same	same	miss	404	404
a03-8-same	same	hit	200	2
a03-8-same	same	miss	404	428
a03-8-same	same	hit	200	1
a03-8-same	same	miss	404	416
a03-8-same	same	hit	200	1
a03-8-same	same	miss	404	599
a03-8-same	same	hit	200	1
a03-8-same	same	miss	404	520
a03-8-same	same	hit	200	1
a03-8-same	same	miss	404	427
a03-8-same	same	hit	200	2
a03-8-same	same	miss	404	408
a03-8-same	same	hit	200	2
a03-8-same	same	miss	404	445
a03-8-same	same	hit	200	2
a03-8-same	same	miss	404	544
a03-8-same	same	hit	200	1
a03-8-same	same	miss	404	538
a03-8-same	same	hit	200	1
a03-8-same	same	miss	404	743
a03-8-same	same	hit	200	2
a03-8-same	same	miss	404	331
a03-8-same	same	hit	200	1
a03-8-same	same	miss	404	419
a03-8-same	same	hit	200	1
a03-8-same	same	miss	404	408
a03-8-same	same	hit	200	1
a03-8-same	same	miss	404	428
a03-8-same	same	hit	200	1
a03-8-same	same	miss	404	489
a03-8-same	same	hit	200	1
a03-8-same	same	miss	404	230
a03-8-same	same	hit	200	1
a03-8-same	same	miss	404	609
a03-8-same	same	hit	200	1
a03-8-same	same	miss	404	390
a03-8-same	same	hit	200	1
a03-8-same	same	miss	404	390
a03-8-same	same	hit	200	1
a03-8-same	same	miss	404	532
a03-8-same	same	hit	200	1
a03-8-same	same	miss	404	492
a03-8-same	same	hit	200	1
a03-8-same	same	miss	404	427
a03-8-same	same	hit	200	1
a03-8-same	same	miss	404	453
a03-8-same	same	hit	200	2
a03-8-same	same	miss	404	471
a03-8-same	same	hit	200	1
a03-8-same	same	miss	404	331
a03-8-same	same	hit	200	1
a03-8-same	same	miss	404	539
a04-1-spread	spread	hit	200	2
a04-1-spread	spread	miss	404	407
a04-1-spread	spread	hit	200	2
a04-1-spread	spread	miss	404	228
a04-1-spread	spread	hit	200	3
a04-1-spread	spread	miss	404	341
a04-1-spread	spread	hit	200	2
a04-1-spread	spread	miss	404	401
a04-1-spread	spread	hit	200	2
a04-1-spread	spread	miss	404	531
a04-1-spread	spread	hit	200	2
a04-1-spread	spread	miss	404	426
a04-1-spread	spread	hit	200	1
a04-1-spread	spread	miss	404	426
a04-1-spread	spread	hit	200	2
a04-1-spread	spread	miss	404	272
a04-1-spread	spread	hit	200	3
a04-1-spread	spread	miss	404	486
a04-1-spread	spread	hit	200	2
a04-1-spread	spread	miss	404	404
a04-1-spread	spread	hit	200	2
a04-1-spread	spread	miss	404	381
a04-1-spread	spread	hit	200	2
a04-1-spread	spread	miss	404	491
a04-1-spread	spread	hit	200	2
a04-1-spread	spread	miss	404	404
a04-1-spread	spread	hit	200	2
a04-1-spread	spread	miss	404	488
a04-1-spread	spread	hit	200	2
a04-1-spread	spread	miss	404	401
a04-1-spread	spread	hit	200	2
a04-1-spread	spread	miss	404	523
a04-1-spread	spread	hit	200	2
a04-1-spread	spread	miss	404	218
a04-1-spread	spread	hit	200	2
a04-1-spread	spread	miss	404	576
a04-1-spread	spread	hit	200	2
a04-1-spread	spread	miss	404	367
a04-1-spread	spread	hit	200	1
a04-1-spread	spread	miss	404	391
a04-1-spread	spread	hit	200	2
a04-1-spread	spread	miss	404	464
a04-1-spread	spread	hit	200	2
a04-1-spread	spread	miss	404	506
a04-1-spread	spread	hit	200	2
a04-1-spread	spread	miss	404	354
a04-1-spread	spread	hit	200	2
a04-1-spread	spread	miss	404	342
a04-1-spread	spread	hit	200	2
a04-1-spread	spread	miss	404	485
a04-1-spread	spread	hit	200	1
a04-1-spread	spread	miss	404	614
a04-1-spread	spread	hit	200	2
a04-1-spread	spread	miss	404	640
a04-1-spread	spread	hit	200	1
a04-1-spread	spread	miss	404	523
a04-1-spread	spread	hit	200	2
a04-1-spread	spread	miss	404	917
a04-1-spread	spread	hit	200	2
a04-1-spread	spread	miss	404	400
a04-1-spread	spread	hit	200	2
a04-1-spread	spread	miss	404	461
a04-1-spread	spread	hit	200	2
a04-1-spread	spread	miss	404	281
a04-1-spread	spread	hit	200	2
a04-1-spread	spread	miss	404	505
a04-1-spread	spread	hit	200	2
a04-1-spread	spread	miss	404	606
a04-1-spread	spread	hit	200	2
a04-1-spread	spread	miss	404	372
a04-1-spread	spread	hit	200	2
a04-1-spread	spread	miss	404	467
a04-1-spread	spread	hit	200	2
a04-1-spread	spread	miss	404	283
a04-1-spread	spread	hit	200	2
a04-1-spread	spread	miss	404	304
a04-1-spread	spread	hit	200	2
a04-1-spread	spread	miss	404	470
a04-1-spread	spread	hit	200	2
a04-1-spread	spread	miss	404	232
a05-32-spread	spread	hit	200	3
a05-32-spread	spread	miss	404	419
a05-32-spread	spread	hit	200	1
a05-32-spread	spread	miss	404	511
a05-32-spread	spread	hit	200	1
a05-32-spread	spread	miss	404	522
a05-32-spread	spread	hit	200	1
a05-32-spread	spread	miss	404	418
a05-32-spread	spread	hit	200	1
a05-32-spread	spread	miss	404	438
a05-32-spread	spread	hit	200	1
a05-32-spread	spread	miss	404	173
a05-32-spread	spread	hit	200	1
a05-32-spread	spread	miss	404	587
a05-32-spread	spread	hit	200	1
a05-32-spread	spread	miss	404	409
a05-32-spread	spread	hit	200	1
a05-32-spread	spread	miss	404	465
a05-32-spread	spread	hit	200	1
a05-32-spread	spread	miss	404	128
a05-32-spread	spread	hit	200	1
a05-32-spread	spread	miss	404	562
a05-32-spread	spread	hit	200	2
a05-32-spread	spread	miss	404	456
a05-32-spread	spread	hit	200	1
a05-32-spread	spread	miss	404	377
a05-32-spread	spread	hit	200	1
a05-32-spread	spread	miss	404	365
a05-32-spread	spread	hit	200	1
a05-32-spread	spread	miss	404	357
a05-32-spread	spread	hit	200	1
a05-32-spread	spread	miss	404	416
a05-32-spread	spread	hit	200	1
a05-32-spread	spread	miss	404	389
a05-32-spread	spread	hit	200	1
a05-32-spread	spread	miss	404	550
a05-32-spread	spread	hit	200	1
a05-32-spread	spread	miss	404	482
a05-32-spread	spread	hit	200	1
a05-32-spread	spread	miss	404	414
a05-32-spread	spread	hit	200	1
a05-32-spread	spread	miss	404	373
a05-32-spread	spread	hit	200	1
a05-32-spread	spread	miss	404	471
a05-32-spread	spread	hit	200	1
a05-32-spread	spread	miss	404	431
a05-32-spread	spread	hit	200	1
a05-32-spread	spread	miss	404	323
a05-32-spread	spread	hit	200	1
a05-32-spread	spread	miss	404	422
a05-32-spread	spread	hit	200	1
a05-32-spread	spread	miss	404	445
a05-32-spread	spread	hit	200	1
a05-32-spread	spread	miss	404	338
a05-32-spread	spread	hit	200	1
a05-32-spread	spread	miss	404	366
a05-32-spread	spread	hit	200	1
a05-32-spread	spread	miss	404	361
a05-32-spread	spread	hit	200	1
a05-32-spread	spread	miss	404	505
a05-32-spread	spread	hit	200	1
a05-32-spread	spread	miss	404	525
a05-32-spread	spread	hit	200	1
a05-32-spread	spread	miss	404	405
a05-32-spread	spread	hit	200	1
a05-32-spread	spread	miss	404	504
a05-32-spread	spread	hit	200	1
a05-32-spread	spread	miss	404	478
a05-32-spread	spread	hit	200	1
a05-32-spread	spread	miss	404	454
a05-32-spread	spread	hit	200	1
a05-32-spread	spread	miss	404	446
a05-32-spread	spread	hit	200	1
a05-32-spread	spread	miss	404	447
a05-32-spread	spread	hit	200	1
a05-32-spread	spread	miss	404	346
a05-32-spread	spread	hit	200	1
a05-32-spread	spread	miss	404	573
a05-32-spread	spread	hit	200	1
a05-32-spread	spread	miss	404	546
a05-32-spread	spread	hit	200	3
a05-32-spread	spread	miss	404	515
a05-32-spread	spread	hit	200	1
a05-32-spread	spread	miss	404	436
a05-32-spread	spread	hit	200	1
a05-32-spread	spread	miss	404	412
a05-32-spread	spread	hit	200	1
a05-32-spread	spread	miss	404	178
a05-32-spread	spread	hit	200	1
a05-32-spread	spread	miss	404	413
a05-32-spread	spread	hit	200	1
a05-32-spread	spread	miss	404	332
a05-32-spread	spread	hit	200	2
a05-32-spread	spread	miss	404	359
a05-32-spread	spread	hit	200	1
a05-32-spread	spread	miss	404	404
a05-32-spread	spread	hit	200	1
a05-32-spread	spread	miss	404	525
a05-32-spread	spread	hit	200	1
a05-32-spread	spread	miss	404	476
a05-32-spread	spread	hit	200	1
a05-32-spread	spread	miss	404	449
a05-32-spread	spread	hit	200	1
a05-32-spread	spread	miss	404	430
a05-32-spread	spread	hit	200	1
a05-32-spread	spread	miss	404	187
a05-32-spread	spread	hit	200	1
a05-32-spread	spread	miss	404	506
a05-32-spread	spread	hit	200	2
a05-32-spread	spread	miss	404	496
a05-32-spread	spread	hit	200	1
a05-32-spread	spread	miss	404	507
a05-32-spread	spread	hit	200	1
a05-32-spread	spread	miss	404	521
a05-32-spread	spread	hit	200	1
a05-32-spread	spread	miss	404	361
a05-32-spread	spread	hit	200	1
a05-32-spread	spread	miss	404	402
a05-32-spread	spread	hit	200	1
a05-32-spread	spread	miss	404	309
a05-32-spread	spread	hit	200	1
a05-32-spread	spread	miss	404	525
a05-32-spread	spread	hit	200	1
a05-32-spread	spread	miss	404	360
a05-32-spread	spread	hit	200	1
a05-32-spread	spread	miss	404	395
a05-32-spread	spread	hit	200	1
a05-32-spread	spread	miss	404	310
a05-32-spread	spread	hit	200	1
a05-32-spread	spread	miss	404	470
a05-32-spread	spread	hit	200	1
a05-32-spread	spread	miss	404	478
a05-32-spread	spread	hit	200	1
a05-32-spread	spread	miss	404	501
a05-32-spread	spread	hit	200	1
a05-32-spread	spread	miss	404	508
a05-32-spread	spread	hit	200	1
a05-32-spread	spread	miss	404	446
a05-32-spread	spread	hit	200	1
a05-32-spread	spread	miss	404	476
a05-32-spread	spread	hit	200	1
a05-32-spread	spread	miss	404	497
a05-32-spread	spread	hit	200	1
a05-32-spread	spread	miss	404	428
a05-32-spread	spread	hit	200	1
a05-32-spread	spread	miss	404	464
a05-32-spread	spread	hit	200	1
a05-32-spread	spread	miss	404	259
a05-32-spread	spread	hit	200	1
a05-32-spread	spread	miss	404	330
a05-32-spread	spread	hit	200	1
a05-32-spread	spread	miss	404	192
a05-32-spread	spread	hit	200	1
a05-32-spread	spread	miss	404	320
a05-32-spread	spread	hit	200	2
a05-32-spread	spread	miss	404	306
a05-32-spread	spread	hit	200	1
a05-32-spread	spread	miss	404	413
a05-32-spread	spread	hit	200	2
a05-32-spread	spread	miss	404	312
a05-32-spread	spread	hit	200	1
a05-32-spread	spread	miss	404	505
a05-32-spread	spread	hit	200	1
a05-32-spread	spread	miss	404	485
a05-32-spread	spread	hit	200	1
a05-32-spread	spread	miss	404	385
a05-32-spread	spread	hit	200	1
a05-32-spread	spread	miss	404	388
a05-32-spread	spread	hit	200	1
a05-32-spread	spread	miss	404	485
a05-32-spread	spread	hit	200	1
a05-32-spread	spread	miss	404	447
a05-32-spread	spread	hit	200	1
a05-32-spread	spread	miss	404	333
a05-32-spread	spread	hit	200	1
a05-32-spread	spread	miss	404	359
a05-32-spread	spread	hit	200	1
a05-32-spread	spread	miss	404	273
a05-32-spread	spread	hit	200	2
a05-32-spread	spread	miss	404	524
a05-32-spread	spread	hit	200	1
a05-32-spread	spread	miss	404	457
a05-32-spread	spread	hit	200	3
a05-32-spread	spread	miss	404	395
a05-32-spread	spread	hit	200	1
a05-32-spread	spread	miss	404	402
a05-32-spread	spread	hit	200	4
a05-32-spread	spread	miss	404	472
a05-32-spread	spread	hit	200	1
a05-32-spread	spread	miss	404	482
a05-32-spread	spread	hit	200	1
a05-32-spread	spread	miss	404	504
a05-32-spread	spread	hit	200	1
a05-32-spread	spread	miss	404	476
a05-32-spread	spread	hit	200	1
a05-32-spread	spread	miss	404	485
a05-32-spread	spread	hit	200	1
a05-32-spread	spread	miss	404	497
a05-32-spread	spread	hit	200	2
a05-32-spread	spread	miss	404	300
a05-32-spread	spread	hit	200	1
a05-32-spread	spread	miss	404	569
a05-32-spread	spread	hit	200	1
a05-32-spread	spread	miss	404	432
a05-32-spread	spread	hit	200	1
a05-32-spread	spread	miss	404	395
a05-32-spread	spread	hit	200	1
a05-32-spread	spread	miss	404	347
a05-32-spread	spread	hit	200	1
a05-32-spread	spread	miss	404	441
a05-32-spread	spread	hit	200	1
a05-32-spread	spread	miss	404	327
a05-32-spread	spread	hit	200	1
a05-32-spread	spread	miss	404	317
a05-32-spread	spread	hit	200	1
a05-32-spread	spread	miss	404	312
a05-32-spread	spread	hit	200	1
a05-32-spread	spread	miss	404	468
a05-32-spread	spread	hit	200	1
a05-32-spread	spread	miss	404	429
a05-32-spread	spread	hit	200	1
a05-32-spread	spread	miss	404	205
a05-32-spread	spread	hit	200	1
a05-32-spread	spread	miss	404	344
a05-32-spread	spread	hit	200	1
a05-32-spread	spread	miss	404	471
a05-32-spread	spread	hit	200	1
a05-32-spread	spread	miss	404	541
a05-32-spread	spread	hit	200	5
a05-32-spread	spread	miss	404	365
a05-32-spread	spread	hit	200	1
a05-32-spread	spread	miss	404	413
a05-32-spread	spread	hit	200	1
a05-32-spread	spread	miss	404	414
a05-32-spread	spread	hit	200	1
a05-32-spread	spread	miss	404	408
a05-32-spread	spread	hit	200	1
a05-32-spread	spread	miss	404	328
a05-32-spread	spread	hit	200	1
a05-32-spread	spread	miss	404	447
a05-32-spread	spread	hit	200	3
a05-32-spread	spread	miss	404	456
a05-32-spread	spread	hit	200	3
a05-32-spread	spread	miss	404	322
a05-32-spread	spread	hit	200	1
a05-32-spread	spread	miss	404	442
a05-32-spread	spread	hit	200	1
a05-32-spread	spread	miss	404	431
a05-32-spread	spread	hit	200	1
a05-32-spread	spread	miss	404	461
a05-32-spread	spread	hit	200	23
a05-32-spread	spread	miss	404	439
a05-32-spread	spread	hit	200	22
a05-32-spread	spread	miss	404	379
a05-32-spread	spread	hit	200	1
a05-32-spread	spread	miss	404	457
a05-32-spread	spread	hit	200	1
a05-32-spread	spread	miss	404	438
a05-32-spread	spread	hit	200	1
a05-32-spread	spread	miss	404	504
a05-32-spread	spread	hit	200	1
a05-32-spread	spread	miss	404	524
a05-32-spread	spread	hit	200	1
a05-32-spread	spread	miss	404	451
a05-32-spread	spread	hit	200	1
a05-32-spread	spread	miss	404	331
a05-32-spread	spread	hit	200	1
a05-32-spread	spread	miss	404	178
a05-32-spread	spread	hit	200	1
a05-32-spread	spread	miss	404	300
a05-32-spread	spread	hit	200	1
a05-32-spread	spread	miss	404	478
a05-32-spread	spread	hit	200	1
a05-32-spread	spread	miss	404	562
a05-32-spread	spread	hit	200	1
a05-32-spread	spread	miss	404	352
a05-32-spread	spread	hit	200	1
a05-32-spread	spread	miss	404	562
a05-32-spread	spread	hit	200	1
a05-32-spread	spread	miss	404	384
a05-32-spread	spread	hit	200	1
a05-32-spread	spread	miss	404	338
a05-32-spread	spread	hit	200	1
a05-32-spread	spread	miss	404	559
a05-32-spread	spread	hit	200	1
a05-32-spread	spread	miss	404	200
a05-32-spread	spread	hit	200	1
a05-32-spread	spread	miss	404	367
a05-32-spread	spread	hit	200	2
a05-32-spread	spread	miss	404	471
a05-32-spread	spread	hit	200	1
a05-32-spread	spread	miss	404	191
a05-32-spread	spread	hit	200	1
a05-32-spread	spread	miss	404	481
a05-32-spread	spread	hit	200	1
a05-32-spread	spread	miss	404	192
a05-32-spread	spread	hit	200	1
a05-32-spread	spread	miss	404	432
a05-32-spread	spread	hit	200	1
a05-32-spread	spread	miss	404	374
a05-32-spread	spread	hit	200	1
a05-32-spread	spread	miss	404	416
a05-32-spread	spread	hit	200	1
a05-32-spread	spread	miss	404	368
a05-32-spread	spread	hit	200	1
a05-32-spread	spread	miss	404	334
a05-32-spread	spread	hit	200	1
a05-32-spread	spread	miss	404	516
a05-32-spread	spread	hit	200	1
a05-32-spread	spread	miss	404	578
a05-32-spread	spread	hit	200	1
a05-32-spread	spread	miss	404	393
a05-32-spread	spread	hit	200	1
a05-32-spread	spread	miss	404	333
a05-32-spread	spread	hit	200	1
a05-32-spread	spread	miss	404	321
a05-32-spread	spread	hit	200	1
a05-32-spread	spread	miss	404	411
a05-32-spread	spread	hit	200	1
a05-32-spread	spread	miss	404	458
a05-32-spread	spread	hit	200	32
a05-32-spread	spread	miss	404	404
a05-32-spread	spread	hit	200	12
a05-32-spread	spread	miss	404	476
a05-32-spread	spread	hit	200	9
a05-32-spread	spread	miss	404	439
a05-32-spread	spread	hit	200	14
a05-32-spread	spread	miss	404	474
a05-32-spread	spread	hit	200	9
a05-32-spread	spread	miss	404	555
a05-32-spread	spread	hit	200	9
a05-32-spread	spread	miss	404	374
a05-32-spread	spread	hit	200	5
a05-32-spread	spread	miss	404	424
a05-32-spread	spread	hit	200	1
a05-32-spread	spread	miss	404	342
a05-32-spread	spread	hit	200	1
a05-32-spread	spread	miss	404	415
a05-32-spread	spread	hit	200	1
a05-32-spread	spread	miss	404	644
a05-32-spread	spread	hit	200	1
a05-32-spread	spread	miss	404	293
a05-32-spread	spread	hit	200	1
a05-32-spread	spread	miss	404	433
a05-32-spread	spread	hit	200	1
a05-32-spread	spread	miss	404	434
a05-32-spread	spread	hit	200	1
a05-32-spread	spread	miss	404	444
a05-32-spread	spread	hit	200	1
a05-32-spread	spread	miss	404	415
a05-32-spread	spread	hit	200	1
a05-32-spread	spread	miss	404	283
a05-32-spread	spread	hit	200	1
a05-32-spread	spread	miss	404	643
a05-32-spread	spread	hit	200	1
a05-32-spread	spread	miss	404	506
a05-32-spread	spread	hit	200	1
a05-32-spread	spread	miss	404	402
a05-32-spread	spread	hit	200	1
a05-32-spread	spread	miss	404	207
a05-32-spread	spread	hit	200	1
a05-32-spread	spread	miss	404	374
a05-32-spread	spread	hit	200	1
a05-32-spread	spread	miss	404	391
a05-32-spread	spread	hit	200	1
a05-32-spread	spread	miss	404	274
a05-32-spread	spread	hit	200	1
a05-32-spread	spread	miss	404	372
a05-32-spread	spread	hit	200	1
a05-32-spread	spread	miss	404	382
a05-32-spread	spread	hit	200	1
a05-32-spread	spread	miss	404	457
a05-32-spread	spread	hit	200	1
a05-32-spread	spread	miss	404	438
a05-32-spread	spread	hit	200	1
a05-32-spread	spread	miss	404	505
a05-32-spread	spread	hit	200	1
a05-32-spread	spread	miss	404	389
a05-32-spread	spread	hit	200	1
a05-32-spread	spread	miss	404	553
a05-32-spread	spread	hit	200	1
a05-32-spread	spread	miss	404	404
a05-32-spread	spread	hit	200	1
a05-32-spread	spread	miss	404	280
a05-32-spread	spread	hit	200	1
a05-32-spread	spread	miss	404	374
a05-32-spread	spread	hit	200	1
a05-32-spread	spread	miss	404	196
a05-32-spread	spread	hit	200	1
a05-32-spread	spread	miss	404	384
a05-32-spread	spread	hit	200	1
a05-32-spread	spread	miss	404	379
a05-32-spread	spread	hit	200	1
a05-32-spread	spread	miss	404	534
a05-32-spread	spread	hit	200	1
a05-32-spread	spread	miss	404	466
a05-32-spread	spread	hit	200	1
a05-32-spread	spread	miss	404	541
a05-32-spread	spread	hit	200	1
a05-32-spread	spread	miss	404	395
a05-32-spread	spread	hit	200	8
a05-32-spread	spread	miss	404	417
a05-32-spread	spread	hit	200	17
a05-32-spread	spread	miss	404	329
a05-32-spread	spread	hit	200	25
a05-32-spread	spread	miss	404	387
a05-32-spread	spread	hit	200	30
a05-32-spread	spread	miss	404	264
a05-32-spread	spread	hit	200	8
a05-32-spread	spread	miss	404	451
a05-32-spread	spread	hit	200	14
a05-32-spread	spread	miss	404	332
a05-32-spread	spread	hit	200	16
a05-32-spread	spread	miss	404	453
a05-32-spread	spread	hit	200	1
a05-32-spread	spread	miss	404	181
a05-32-spread	spread	hit	200	1
a05-32-spread	spread	miss	404	294
a05-32-spread	spread	hit	200	1
a05-32-spread	spread	miss	404	523
a05-32-spread	spread	hit	200	1
a05-32-spread	spread	miss	404	352
a05-32-spread	spread	hit	200	1
a05-32-spread	spread	miss	404	528
a05-32-spread	spread	hit	200	2
a05-32-spread	spread	miss	404	368
a05-32-spread	spread	hit	200	1
a05-32-spread	spread	miss	404	289
a05-32-spread	spread	hit	200	1
a05-32-spread	spread	miss	404	441
a05-32-spread	spread	hit	200	1
a05-32-spread	spread	miss	404	426
a05-32-spread	spread	hit	200	1
a05-32-spread	spread	miss	404	435
a05-32-spread	spread	hit	200	1
a05-32-spread	spread	miss	404	447
a05-32-spread	spread	hit	200	1
a05-32-spread	spread	miss	404	392
a05-32-spread	spread	hit	200	1
a05-32-spread	spread	miss	404	495
a05-32-spread	spread	hit	200	1
a05-32-spread	spread	miss	404	452
a05-32-spread	spread	hit	200	1
a05-32-spread	spread	miss	404	425
a05-32-spread	spread	hit	200	1
a05-32-spread	spread	miss	404	592
a05-32-spread	spread	hit	200	1
a05-32-spread	spread	miss	404	410
a05-32-spread	spread	hit	200	1
a05-32-spread	spread	miss	404	392
a05-32-spread	spread	hit	200	1
a05-32-spread	spread	miss	404	303
a05-32-spread	spread	hit	200	1
a05-32-spread	spread	miss	404	530
a05-32-spread	spread	hit	200	1
a05-32-spread	spread	miss	404	546
a05-32-spread	spread	hit	200	1
a05-32-spread	spread	miss	404	494
a05-32-spread	spread	hit	200	1
a05-32-spread	spread	miss	404	456
a05-32-spread	spread	hit	200	2
a05-32-spread	spread	miss	404	496
a05-32-spread	spread	hit	200	1
a05-32-spread	spread	miss	404	344
a05-32-spread	spread	hit	200	1
a05-32-spread	spread	miss	404	139
a05-32-spread	spread	hit	200	1
a05-32-spread	spread	miss	404	525
a05-32-spread	spread	hit	200	2
a05-32-spread	spread	miss	404	483
a05-32-spread	spread	hit	200	1
a05-32-spread	spread	miss	404	299
a05-32-spread	spread	hit	200	1
a05-32-spread	spread	miss	404	462
a05-32-spread	spread	hit	200	1
a05-32-spread	spread	miss	404	526
a05-32-spread	spread	hit	200	1
a05-32-spread	spread	miss	404	462
a05-32-spread	spread	hit	200	2
a05-32-spread	spread	miss	404	436
a05-32-spread	spread	hit	200	25
a05-32-spread	spread	miss	404	417
a05-32-spread	spread	hit	200	12
a05-32-spread	spread	miss	404	442
a05-32-spread	spread	hit	200	34
a05-32-spread	spread	miss	404	428
a05-32-spread	spread	hit	200	31
a05-32-spread	spread	miss	404	403
a05-32-spread	spread	hit	200	31
a05-32-spread	spread	miss	404	380
a05-32-spread	spread	hit	200	10
a05-32-spread	spread	miss	404	512
a05-32-spread	spread	hit	200	10
a05-32-spread	spread	miss	404	411
a05-32-spread	spread	hit	200	1
a05-32-spread	spread	miss	404	446
a05-32-spread	spread	hit	200	1
a05-32-spread	spread	miss	404	417
a05-32-spread	spread	hit	200	1
a05-32-spread	spread	miss	404	488
a05-32-spread	spread	hit	200	1
a05-32-spread	spread	miss	404	337
a05-32-spread	spread	hit	200	1
a05-32-spread	spread	miss	404	447
a05-32-spread	spread	hit	200	1
a05-32-spread	spread	miss	404	325
a05-32-spread	spread	hit	200	1
a05-32-spread	spread	miss	404	367
a05-32-spread	spread	hit	200	1
a05-32-spread	spread	miss	404	543
a05-32-spread	spread	hit	200	1
a05-32-spread	spread	miss	404	571
a05-32-spread	spread	hit	200	1
a05-32-spread	spread	miss	404	475
a05-32-spread	spread	hit	200	1
a05-32-spread	spread	miss	404	316
a05-32-spread	spread	hit	200	1
a05-32-spread	spread	miss	404	489
a05-32-spread	spread	hit	200	1
a05-32-spread	spread	miss	404	481
a05-32-spread	spread	hit	200	1
a05-32-spread	spread	miss	404	295
a05-32-spread	spread	hit	200	1
a05-32-spread	spread	miss	404	333
a05-32-spread	spread	hit	200	1
a05-32-spread	spread	miss	404	479
a05-32-spread	spread	hit	200	1
a05-32-spread	spread	miss	404	451
a05-32-spread	spread	hit	200	1
a05-32-spread	spread	miss	404	496
a05-32-spread	spread	hit	200	1
a05-32-spread	spread	miss	404	367
a05-32-spread	spread	hit	200	1
a05-32-spread	spread	miss	404	338
a05-32-spread	spread	hit	200	1
a05-32-spread	spread	miss	404	478
a05-32-spread	spread	hit	200	1
a05-32-spread	spread	miss	404	490
a05-32-spread	spread	hit	200	1
a05-32-spread	spread	miss	404	361
a05-32-spread	spread	hit	200	1
a05-32-spread	spread	miss	404	404
a05-32-spread	spread	hit	200	1
a05-32-spread	spread	miss	404	148
a05-32-spread	spread	hit	200	1
a05-32-spread	spread	miss	404	471
a05-32-spread	spread	hit	200	1
a05-32-spread	spread	miss	404	548
a05-32-spread	spread	hit	200	1
a05-32-spread	spread	miss	404	411
a05-32-spread	spread	hit	200	1
a05-32-spread	spread	miss	404	347
a05-32-spread	spread	hit	200	1
a05-32-spread	spread	miss	404	371
a05-32-spread	spread	hit	200	1
a05-32-spread	spread	miss	404	507
a05-32-spread	spread	hit	200	1
a05-32-spread	spread	miss	404	279
a05-32-spread	spread	hit	200	1
a05-32-spread	spread	miss	404	542
a05-32-spread	spread	hit	200	16
a05-32-spread	spread	miss	404	500
a05-32-spread	spread	hit	200	8
a05-32-spread	spread	miss	404	441
a05-32-spread	spread	hit	200	13
a05-32-spread	spread	miss	404	758
a05-32-spread	spread	hit	200	9
a05-32-spread	spread	miss	404	367
a05-32-spread	spread	hit	200	23
a05-32-spread	spread	miss	404	481
a05-32-spread	spread	hit	200	9
a05-32-spread	spread	miss	404	211
a05-32-spread	spread	hit	200	10
a05-32-spread	spread	miss	404	380
a05-32-spread	spread	hit	200	1
a05-32-spread	spread	miss	404	382
a05-32-spread	spread	hit	200	1
a05-32-spread	spread	miss	404	435
a05-32-spread	spread	hit	200	1
a05-32-spread	spread	miss	404	404
a05-32-spread	spread	hit	200	1
a05-32-spread	spread	miss	404	454
a05-32-spread	spread	hit	200	1
a05-32-spread	spread	miss	404	407
a05-32-spread	spread	hit	200	1
a05-32-spread	spread	miss	404	255
a05-32-spread	spread	hit	200	1
a05-32-spread	spread	miss	404	359
a05-32-spread	spread	hit	200	1
a05-32-spread	spread	miss	404	455
a05-32-spread	spread	hit	200	2
a05-32-spread	spread	miss	404	381
a05-32-spread	spread	hit	200	1
a05-32-spread	spread	miss	404	484
a05-32-spread	spread	hit	200	1
a05-32-spread	spread	miss	404	420
a05-32-spread	spread	hit	200	1
a05-32-spread	spread	miss	404	397
a05-32-spread	spread	hit	200	1
a05-32-spread	spread	miss	404	382
a05-32-spread	spread	hit	200	1
a05-32-spread	spread	miss	404	493
a05-32-spread	spread	hit	200	1
a05-32-spread	spread	miss	404	460
a05-32-spread	spread	hit	200	1
a05-32-spread	spread	miss	404	409
a05-32-spread	spread	hit	200	1
a05-32-spread	spread	miss	404	519
a05-32-spread	spread	hit	200	1
a05-32-spread	spread	miss	404	461
a05-32-spread	spread	hit	200	1
a05-32-spread	spread	miss	404	324
a05-32-spread	spread	hit	200	1
a05-32-spread	spread	miss	404	328
a05-32-spread	spread	hit	200	1
a05-32-spread	spread	miss	404	537
a05-32-spread	spread	hit	200	1
a05-32-spread	spread	miss	404	348
a05-32-spread	spread	hit	200	1
a05-32-spread	spread	miss	404	374
a05-32-spread	spread	hit	200	1
a05-32-spread	spread	miss	404	477
a05-32-spread	spread	hit	200	1
a05-32-spread	spread	miss	404	398
a05-32-spread	spread	hit	200	1
a05-32-spread	spread	miss	404	298
a05-32-spread	spread	hit	200	1
a05-32-spread	spread	miss	404	461
a05-32-spread	spread	hit	200	1
a05-32-spread	spread	miss	404	405
a05-32-spread	spread	hit	200	1
a05-32-spread	spread	miss	404	415
a05-32-spread	spread	hit	200	1
a05-32-spread	spread	miss	404	539
a05-32-spread	spread	hit	200	1
a05-32-spread	spread	miss	404	526
a05-32-spread	spread	hit	200	1
a05-32-spread	spread	miss	404	456
a05-32-spread	spread	hit	200	1
a05-32-spread	spread	miss	404	482
a05-32-spread	spread	hit	200	9
a05-32-spread	spread	miss	404	266
a05-32-spread	spread	hit	200	8
a05-32-spread	spread	miss	404	363
a05-32-spread	spread	hit	200	7
a05-32-spread	spread	miss	404	480
a05-32-spread	spread	hit	200	12
a05-32-spread	spread	miss	404	557
a05-32-spread	spread	hit	200	10
a05-32-spread	spread	miss	404	188
a05-32-spread	spread	hit	200	7
a05-32-spread	spread	miss	404	477
a05-32-spread	spread	hit	200	30
a05-32-spread	spread	miss	404	531
a05-32-spread	spread	hit	200	1
a05-32-spread	spread	miss	404	398
a05-32-spread	spread	hit	200	1
a05-32-spread	spread	miss	404	485
a05-32-spread	spread	hit	200	1
a05-32-spread	spread	miss	404	384
a05-32-spread	spread	hit	200	1
a05-32-spread	spread	miss	404	482
a05-32-spread	spread	hit	200	1
a05-32-spread	spread	miss	404	483
a05-32-spread	spread	hit	200	1
a05-32-spread	spread	miss	404	195
a05-32-spread	spread	hit	200	1
a05-32-spread	spread	miss	404	482
a05-32-spread	spread	hit	200	1
a05-32-spread	spread	miss	404	464
a05-32-spread	spread	hit	200	1
a05-32-spread	spread	miss	404	457
a05-32-spread	spread	hit	200	1
a05-32-spread	spread	miss	404	406
a05-32-spread	spread	hit	200	1
a05-32-spread	spread	miss	404	431
a05-32-spread	spread	hit	200	1
a05-32-spread	spread	miss	404	419
a05-32-spread	spread	hit	200	1
a05-32-spread	spread	miss	404	507
a05-32-spread	spread	hit	200	1
a05-32-spread	spread	miss	404	385
a05-32-spread	spread	hit	200	1
a05-32-spread	spread	miss	404	448
a05-32-spread	spread	hit	200	1
a05-32-spread	spread	miss	404	413
a05-32-spread	spread	hit	200	1
a05-32-spread	spread	miss	404	169
a05-32-spread	spread	hit	200	1
a05-32-spread	spread	miss	404	480
a05-32-spread	spread	hit	200	1
a05-32-spread	spread	miss	404	709
a05-32-spread	spread	hit	200	1
a05-32-spread	spread	miss	404	496
a05-32-spread	spread	hit	200	1
a05-32-spread	spread	miss	404	506
a05-32-spread	spread	hit	200	1
a05-32-spread	spread	miss	404	451
a05-32-spread	spread	hit	200	1
a05-32-spread	spread	miss	404	449
a05-32-spread	spread	hit	200	1
a05-32-spread	spread	miss	404	444
a05-32-spread	spread	hit	200	1
a05-32-spread	spread	miss	404	416
a05-32-spread	spread	hit	200	1
a05-32-spread	spread	miss	404	325
a05-32-spread	spread	hit	200	1
a05-32-spread	spread	miss	404	515
a05-32-spread	spread	hit	200	2
a05-32-spread	spread	miss	404	452
a05-32-spread	spread	hit	200	1
a05-32-spread	spread	miss	404	509
a05-32-spread	spread	hit	200	1
a05-32-spread	spread	miss	404	391
a05-32-spread	spread	hit	200	1
a05-32-spread	spread	miss	404	417
a05-32-spread	spread	hit	200	1
a05-32-spread	spread	miss	404	482
a05-32-spread	spread	hit	200	1
a05-32-spread	spread	miss	404	458
a05-32-spread	spread	hit	200	35
a05-32-spread	spread	miss	404	383
a05-32-spread	spread	hit	200	35
a05-32-spread	spread	miss	404	334
a05-32-spread	spread	hit	200	9
a05-32-spread	spread	miss	404	530
a05-32-spread	spread	hit	200	20
a05-32-spread	spread	miss	404	416
a05-32-spread	spread	hit	200	5
a05-32-spread	spread	miss	404	542
a05-32-spread	spread	hit	200	44
a05-32-spread	spread	miss	404	564
a05-32-spread	spread	hit	200	4
a05-32-spread	spread	miss	404	413
a05-32-spread	spread	hit	200	1
a05-32-spread	spread	miss	404	494
a05-32-spread	spread	hit	200	1
a05-32-spread	spread	miss	404	315
a05-32-spread	spread	hit	200	1
a05-32-spread	spread	miss	404	216
a05-32-spread	spread	hit	200	1
a05-32-spread	spread	miss	404	394
a05-32-spread	spread	hit	200	1
a05-32-spread	spread	miss	404	424
a05-32-spread	spread	hit	200	1
a05-32-spread	spread	miss	404	435
a05-32-spread	spread	hit	200	1
a05-32-spread	spread	miss	404	392
a05-32-spread	spread	hit	200	1
a05-32-spread	spread	miss	404	434
a05-32-spread	spread	hit	200	1
a05-32-spread	spread	miss	404	524
a05-32-spread	spread	hit	200	2
a05-32-spread	spread	miss	404	491
a05-32-spread	spread	hit	200	1
a05-32-spread	spread	miss	404	482
a05-32-spread	spread	hit	200	1
a05-32-spread	spread	miss	404	454
a05-32-spread	spread	hit	200	2
a05-32-spread	spread	miss	404	458
a05-32-spread	spread	hit	200	1
a05-32-spread	spread	miss	404	348
a05-32-spread	spread	hit	200	1
a05-32-spread	spread	miss	404	370
a05-32-spread	spread	hit	200	1
a05-32-spread	spread	miss	404	490
a05-32-spread	spread	hit	200	1
a05-32-spread	spread	miss	404	408
a05-32-spread	spread	hit	200	1
a05-32-spread	spread	miss	404	561
a05-32-spread	spread	hit	200	5
a05-32-spread	spread	miss	404	352
a05-32-spread	spread	hit	200	1
a05-32-spread	spread	miss	404	454
a05-32-spread	spread	hit	200	1
a05-32-spread	spread	miss	404	427
a05-32-spread	spread	hit	200	1
a05-32-spread	spread	miss	404	343
a05-32-spread	spread	hit	200	1
a05-32-spread	spread	miss	404	330
a05-32-spread	spread	hit	200	1
a05-32-spread	spread	miss	404	472
a05-32-spread	spread	hit	200	1
a05-32-spread	spread	miss	404	465
a05-32-spread	spread	hit	200	1
a05-32-spread	spread	miss	404	473
a05-32-spread	spread	hit	200	1
a05-32-spread	spread	miss	404	386
a05-32-spread	spread	hit	200	1
a05-32-spread	spread	miss	404	376
a05-32-spread	spread	hit	200	1
a05-32-spread	spread	miss	404	372
a05-32-spread	spread	hit	200	1
a05-32-spread	spread	miss	404	436
a05-32-spread	spread	hit	200	1
a05-32-spread	spread	miss	404	345
a05-32-spread	spread	hit	200	1
a05-32-spread	spread	miss	404	536
a05-32-spread	spread	hit	200	2
a05-32-spread	spread	miss	404	329
a05-32-spread	spread	hit	200	2
a05-32-spread	spread	miss	404	509
a05-32-spread	spread	hit	200	1
a05-32-spread	spread	miss	404	400
a05-32-spread	spread	hit	200	1
a05-32-spread	spread	miss	404	244
a05-32-spread	spread	hit	200	1
a05-32-spread	spread	miss	404	434
a05-32-spread	spread	hit	200	1
a05-32-spread	spread	miss	404	334
a05-32-spread	spread	hit	200	1
a05-32-spread	spread	miss	404	433
a05-32-spread	spread	hit	200	1
a05-32-spread	spread	miss	404	545
a05-32-spread	spread	hit	200	1
a05-32-spread	spread	miss	404	354
a05-32-spread	spread	hit	200	1
a05-32-spread	spread	miss	404	340
a05-32-spread	spread	hit	200	1
a05-32-spread	spread	miss	404	466
a05-32-spread	spread	hit	200	1
a05-32-spread	spread	miss	404	463
a05-32-spread	spread	hit	200	1
a05-32-spread	spread	miss	404	469
a05-32-spread	spread	hit	200	1
a05-32-spread	spread	miss	404	512
a05-32-spread	spread	hit	200	1
a05-32-spread	spread	miss	404	305
a05-32-spread	spread	hit	200	1
a05-32-spread	spread	miss	404	242
a05-32-spread	spread	hit	200	1
a05-32-spread	spread	miss	404	567
a05-32-spread	spread	hit	200	1
a05-32-spread	spread	miss	404	447
a05-32-spread	spread	hit	200	2
a05-32-spread	spread	miss	404	493
a05-32-spread	spread	hit	200	1
a05-32-spread	spread	miss	404	506
a05-32-spread	spread	hit	200	1
a05-32-spread	spread	miss	404	370
a05-32-spread	spread	hit	200	2
a05-32-spread	spread	miss	404	569
a05-32-spread	spread	hit	200	1
a05-32-spread	spread	miss	404	349
a05-32-spread	spread	hit	200	2
a05-32-spread	spread	miss	404	377
a05-32-spread	spread	hit	200	1
a05-32-spread	spread	miss	404	489
a05-32-spread	spread	hit	200	1
a05-32-spread	spread	miss	404	308
a05-32-spread	spread	hit	200	3
a05-32-spread	spread	miss	404	564
a05-32-spread	spread	hit	200	1
a05-32-spread	spread	miss	404	440
a05-32-spread	spread	hit	200	1
a05-32-spread	spread	miss	404	524
a05-32-spread	spread	hit	200	1
a05-32-spread	spread	miss	404	569
a05-32-spread	spread	hit	200	1
a05-32-spread	spread	miss	404	384
a05-32-spread	spread	hit	200	1
a05-32-spread	spread	miss	404	473
a05-32-spread	spread	hit	200	1
a05-32-spread	spread	miss	404	214
a05-32-spread	spread	hit	200	3
a05-32-spread	spread	miss	404	342
a05-32-spread	spread	hit	200	1
a05-32-spread	spread	miss	404	505
a05-32-spread	spread	hit	200	1
a05-32-spread	spread	miss	404	310
a05-32-spread	spread	hit	200	1
a05-32-spread	spread	miss	404	296
a05-32-spread	spread	hit	200	1
a05-32-spread	spread	miss	404	358
a05-32-spread	spread	hit	200	1
a05-32-spread	spread	miss	404	492
a05-32-spread	spread	hit	200	1
a05-32-spread	spread	miss	404	532
a05-32-spread	spread	hit	200	2
a05-32-spread	spread	miss	404	524
a05-32-spread	spread	hit	200	38
a05-32-spread	spread	miss	404	390
a05-32-spread	spread	hit	200	33
a05-32-spread	spread	miss	404	450
a05-32-spread	spread	hit	200	7
a05-32-spread	spread	miss	404	465
a05-32-spread	spread	hit	200	11
a05-32-spread	spread	miss	404	201
a05-32-spread	spread	hit	200	26
a05-32-spread	spread	miss	404	439
a05-32-spread	spread	hit	200	8
a05-32-spread	spread	miss	404	312
a05-32-spread	spread	hit	200	7
a05-32-spread	spread	miss	404	562
a05-32-spread	spread	hit	200	1
a05-32-spread	spread	miss	404	294
a05-32-spread	spread	hit	200	1
a05-32-spread	spread	miss	404	502
a05-32-spread	spread	hit	200	1
a05-32-spread	spread	miss	404	479
a05-32-spread	spread	hit	200	1
a05-32-spread	spread	miss	404	421
a05-32-spread	spread	hit	200	1
a05-32-spread	spread	miss	404	361
a05-32-spread	spread	hit	200	1
a05-32-spread	spread	miss	404	311
a05-32-spread	spread	hit	200	1
a05-32-spread	spread	miss	404	462
a05-32-spread	spread	hit	200	1
a05-32-spread	spread	miss	404	414
a05-32-spread	spread	hit	200	1
a05-32-spread	spread	miss	404	506
a05-32-spread	spread	hit	200	1
a05-32-spread	spread	miss	404	519
a05-32-spread	spread	hit	200	1
a05-32-spread	spread	miss	404	505
a05-32-spread	spread	hit	200	1
a05-32-spread	spread	miss	404	332
a05-32-spread	spread	hit	200	1
a05-32-spread	spread	miss	404	477
a05-32-spread	spread	hit	200	1
a05-32-spread	spread	miss	404	565
a05-32-spread	spread	hit	200	1
a05-32-spread	spread	miss	404	177
a05-32-spread	spread	hit	200	1
a05-32-spread	spread	miss	404	493
a05-32-spread	spread	hit	200	1
a05-32-spread	spread	miss	404	487
a05-32-spread	spread	hit	200	1
a05-32-spread	spread	miss	404	276
a05-32-spread	spread	hit	200	1
a05-32-spread	spread	miss	404	391
a05-32-spread	spread	hit	200	1
a05-32-spread	spread	miss	404	398
a05-32-spread	spread	hit	200	1
a05-32-spread	spread	miss	404	197
a05-32-spread	spread	hit	200	1
a05-32-spread	spread	miss	404	473
a05-32-spread	spread	hit	200	1
a05-32-spread	spread	miss	404	387
a05-32-spread	spread	hit	200	1
a05-32-spread	spread	miss	404	185
a05-32-spread	spread	hit	200	1
a05-32-spread	spread	miss	404	499
a05-32-spread	spread	hit	200	1
a05-32-spread	spread	miss	404	489
a05-32-spread	spread	hit	200	1
a05-32-spread	spread	miss	404	416
a05-32-spread	spread	hit	200	1
a05-32-spread	spread	miss	404	493
a05-32-spread	spread	hit	200	1
a05-32-spread	spread	miss	404	204
a05-32-spread	spread	hit	200	1
a05-32-spread	spread	miss	404	478
a05-32-spread	spread	hit	200	1
a05-32-spread	spread	miss	404	315
a05-32-spread	spread	hit	200	1
a05-32-spread	spread	miss	404	317
a05-32-spread	spread	hit	200	1
a05-32-spread	spread	miss	404	378
a05-32-spread	spread	hit	200	10
a05-32-spread	spread	miss	404	537
a05-32-spread	spread	hit	200	26
a05-32-spread	spread	miss	404	538
a05-32-spread	spread	hit	200	9
a05-32-spread	spread	miss	404	547
a05-32-spread	spread	hit	200	9
a05-32-spread	spread	miss	404	341
a05-32-spread	spread	hit	200	4
a05-32-spread	spread	miss	404	477
a05-32-spread	spread	hit	200	42
a05-32-spread	spread	miss	404	748
a05-32-spread	spread	hit	200	23
a05-32-spread	spread	miss	404	372
a05-32-spread	spread	hit	200	1
a05-32-spread	spread	miss	404	348
a05-32-spread	spread	hit	200	1
a05-32-spread	spread	miss	404	367
a05-32-spread	spread	hit	200	1
a05-32-spread	spread	miss	404	507
a05-32-spread	spread	hit	200	1
a05-32-spread	spread	miss	404	285
a05-32-spread	spread	hit	200	1
a05-32-spread	spread	miss	404	363
a05-32-spread	spread	hit	200	1
a05-32-spread	spread	miss	404	432
a05-32-spread	spread	hit	200	1
a05-32-spread	spread	miss	404	375
a05-32-spread	spread	hit	200	1
a05-32-spread	spread	miss	404	154
a05-32-spread	spread	hit	200	1
a05-32-spread	spread	miss	404	230
a05-32-spread	spread	hit	200	1
a05-32-spread	spread	miss	404	431
a05-32-spread	spread	hit	200	1
a05-32-spread	spread	miss	404	209
a05-32-spread	spread	hit	200	1
a05-32-spread	spread	miss	404	585
a05-32-spread	spread	hit	200	1
a05-32-spread	spread	miss	404	410
a05-32-spread	spread	hit	200	2
a05-32-spread	spread	miss	404	412
a05-32-spread	spread	hit	200	1
a05-32-spread	spread	miss	404	408
a05-32-spread	spread	hit	200	1
a05-32-spread	spread	miss	404	486
a05-32-spread	spread	hit	200	1
a05-32-spread	spread	miss	404	331
a05-32-spread	spread	hit	200	1
a05-32-spread	spread	miss	404	422
a05-32-spread	spread	hit	200	1
a05-32-spread	spread	miss	404	527
a05-32-spread	spread	hit	200	1
a05-32-spread	spread	miss	404	453
a05-32-spread	spread	hit	200	1
a05-32-spread	spread	miss	404	445
a05-32-spread	spread	hit	200	1
a05-32-spread	spread	miss	404	375
a05-32-spread	spread	hit	200	1
a05-32-spread	spread	miss	404	527
a05-32-spread	spread	hit	200	1
a05-32-spread	spread	miss	404	180
a05-32-spread	spread	hit	200	1
a05-32-spread	spread	miss	404	422
a05-32-spread	spread	hit	200	1
a05-32-spread	spread	miss	404	367
a05-32-spread	spread	hit	200	1
a05-32-spread	spread	miss	404	476
a05-32-spread	spread	hit	200	1
a05-32-spread	spread	miss	404	471
a05-32-spread	spread	hit	200	1
a05-32-spread	spread	miss	404	436
a05-32-spread	spread	hit	200	1
a05-32-spread	spread	miss	404	190
a05-32-spread	spread	hit	200	1
a05-32-spread	spread	miss	404	576
a05-32-spread	spread	hit	200	1
a05-32-spread	spread	miss	404	499
a05-32-spread	spread	hit	200	1
a05-32-spread	spread	miss	404	391
a05-32-spread	spread	hit	200	8
a05-32-spread	spread	miss	404	442
a05-32-spread	spread	hit	200	13
a05-32-spread	spread	miss	404	428
a05-32-spread	spread	hit	200	35
a05-32-spread	spread	miss	404	378
a05-32-spread	spread	hit	200	15
a05-32-spread	spread	miss	404	619
a05-32-spread	spread	hit	200	36
a05-32-spread	spread	miss	404	464
a05-32-spread	spread	hit	200	6
a05-32-spread	spread	miss	404	125
a05-32-spread	spread	hit	200	15
a05-32-spread	spread	miss	404	395
a05-32-spread	spread	hit	200	1
a05-32-spread	spread	miss	404	398
a05-32-spread	spread	hit	200	1
a05-32-spread	spread	miss	404	357
a05-32-spread	spread	hit	200	1
a05-32-spread	spread	miss	404	480
a05-32-spread	spread	hit	200	1
a05-32-spread	spread	miss	404	482
a05-32-spread	spread	hit	200	1
a05-32-spread	spread	miss	404	469
a05-32-spread	spread	hit	200	1
a05-32-spread	spread	miss	404	407
a05-32-spread	spread	hit	200	2
a05-32-spread	spread	miss	404	435
a05-32-spread	spread	hit	200	1
a05-32-spread	spread	miss	404	420
a05-32-spread	spread	hit	200	1
a05-32-spread	spread	miss	404	419
a05-32-spread	spread	hit	200	1
a05-32-spread	spread	miss	404	377
a05-32-spread	spread	hit	200	1
a05-32-spread	spread	miss	404	501
a05-32-spread	spread	hit	200	1
a05-32-spread	spread	miss	404	315
a05-32-spread	spread	hit	200	1
a05-32-spread	spread	miss	404	353
a05-32-spread	spread	hit	200	1
a05-32-spread	spread	miss	404	415
a05-32-spread	spread	hit	200	1
a05-32-spread	spread	miss	404	266
a05-32-spread	spread	hit	200	1
a05-32-spread	spread	miss	404	410
a05-32-spread	spread	hit	200	1
a05-32-spread	spread	miss	404	386
a05-32-spread	spread	hit	200	1
a05-32-spread	spread	miss	404	566
a05-32-spread	spread	hit	200	1
a05-32-spread	spread	miss	404	553
a05-32-spread	spread	hit	200	1
a05-32-spread	spread	miss	404	439
a05-32-spread	spread	hit	200	1
a05-32-spread	spread	miss	404	431
a05-32-spread	spread	hit	200	1
a05-32-spread	spread	miss	404	495
a05-32-spread	spread	hit	200	1
a05-32-spread	spread	miss	404	398
a05-32-spread	spread	hit	200	1
a05-32-spread	spread	miss	404	344
a05-32-spread	spread	hit	200	1
a05-32-spread	spread	miss	404	422
a05-32-spread	spread	hit	200	1
a05-32-spread	spread	miss	404	369
a05-32-spread	spread	hit	200	1
a05-32-spread	spread	miss	404	479
a05-32-spread	spread	hit	200	1
a05-32-spread	spread	miss	404	291
a05-32-spread	spread	hit	200	1
a05-32-spread	spread	miss	404	183
a05-32-spread	spread	hit	200	1
a05-32-spread	spread	miss	404	454
a05-32-spread	spread	hit	200	1
a05-32-spread	spread	miss	404	304
a05-32-spread	spread	hit	200	1
a05-32-spread	spread	miss	404	474
a05-32-spread	spread	hit	200	1
a05-32-spread	spread	miss	404	612
a05-32-spread	spread	hit	200	81
a05-32-spread	spread	miss	404	346
a05-32-spread	spread	hit	200	12
a05-32-spread	spread	miss	404	525
a05-32-spread	spread	hit	200	36
a05-32-spread	spread	miss	404	401
a05-32-spread	spread	hit	200	16
a05-32-spread	spread	miss	404	477
a05-32-spread	spread	hit	200	5
a05-32-spread	spread	miss	404	492
a05-32-spread	spread	hit	200	12
a05-32-spread	spread	miss	404	362
a05-32-spread	spread	hit	200	8
a05-32-spread	spread	miss	404	435
a05-32-spread	spread	hit	200	1
a05-32-spread	spread	miss	404	448
a05-32-spread	spread	hit	200	1
a05-32-spread	spread	miss	404	433
a05-32-spread	spread	hit	200	1
a05-32-spread	spread	miss	404	555
a05-32-spread	spread	hit	200	1
a05-32-spread	spread	miss	404	466
a05-32-spread	spread	hit	200	1
a05-32-spread	spread	miss	404	502
a05-32-spread	spread	hit	200	1
a05-32-spread	spread	miss	404	426
a05-32-spread	spread	hit	200	1
a05-32-spread	spread	miss	404	408
a05-32-spread	spread	hit	200	1
a05-32-spread	spread	miss	404	101
a05-32-spread	spread	hit	200	1
a05-32-spread	spread	miss	404	386
a05-32-spread	spread	hit	200	1
a05-32-spread	spread	miss	404	481
a05-32-spread	spread	hit	200	1
a05-32-spread	spread	miss	404	366
a05-32-spread	spread	hit	200	1
a05-32-spread	spread	miss	404	410
a05-32-spread	spread	hit	200	1
a05-32-spread	spread	miss	404	184
a05-32-spread	spread	hit	200	1
a05-32-spread	spread	miss	404	333
a05-32-spread	spread	hit	200	1
a05-32-spread	spread	miss	404	430
a05-32-spread	spread	hit	200	1
a05-32-spread	spread	miss	404	449
a05-32-spread	spread	hit	200	2
a05-32-spread	spread	miss	404	447
a05-32-spread	spread	hit	200	1
a05-32-spread	spread	miss	404	146
a05-32-spread	spread	hit	200	1
a05-32-spread	spread	miss	404	208
a05-32-spread	spread	hit	200	1
a05-32-spread	spread	miss	404	490
a05-32-spread	spread	hit	200	1
a05-32-spread	spread	miss	404	328
a05-32-spread	spread	hit	200	1
a05-32-spread	spread	miss	404	366
a05-32-spread	spread	hit	200	1
a05-32-spread	spread	miss	404	518
a05-32-spread	spread	hit	200	1
a05-32-spread	spread	miss	404	446
a05-32-spread	spread	hit	200	1
a05-32-spread	spread	miss	404	344
a05-32-spread	spread	hit	200	1
a05-32-spread	spread	miss	404	305
a05-32-spread	spread	hit	200	1
a05-32-spread	spread	miss	404	435
a05-32-spread	spread	hit	200	2
a05-32-spread	spread	miss	404	486
a05-32-spread	spread	hit	200	1
a05-32-spread	spread	miss	404	243
a05-32-spread	spread	hit	200	1
a05-32-spread	spread	miss	404	330
a05-32-spread	spread	hit	200	1
a05-32-spread	spread	miss	404	431
a05-32-spread	spread	hit	200	1
a05-32-spread	spread	miss	404	419
a05-32-spread	spread	hit	200	1
a05-32-spread	spread	miss	404	387
a05-32-spread	spread	hit	200	7
a05-32-spread	spread	miss	404	486
a05-32-spread	spread	hit	200	43
a05-32-spread	spread	miss	404	431
a05-32-spread	spread	hit	200	19
a05-32-spread	spread	miss	404	616
a05-32-spread	spread	hit	200	8
a05-32-spread	spread	miss	404	552
a05-32-spread	spread	hit	200	11
a05-32-spread	spread	miss	404	450
a05-32-spread	spread	hit	200	7
a05-32-spread	spread	miss	404	371
a05-32-spread	spread	hit	200	10
a05-32-spread	spread	miss	404	361
a05-32-spread	spread	hit	200	1
a05-32-spread	spread	miss	404	500
a05-32-spread	spread	hit	200	1
a05-32-spread	spread	miss	404	307
a05-32-spread	spread	hit	200	1
a05-32-spread	spread	miss	404	355
a05-32-spread	spread	hit	200	3
a05-32-spread	spread	miss	404	377
a05-32-spread	spread	hit	200	1
a05-32-spread	spread	miss	404	382
a05-32-spread	spread	hit	200	1
a05-32-spread	spread	miss	404	368
a05-32-spread	spread	hit	200	1
a05-32-spread	spread	miss	404	583
a05-32-spread	spread	hit	200	1
a05-32-spread	spread	miss	404	306
a05-32-spread	spread	hit	200	1
a05-32-spread	spread	miss	404	376
a05-32-spread	spread	hit	200	1
a05-32-spread	spread	miss	404	472
a05-32-spread	spread	hit	200	1
a05-32-spread	spread	miss	404	364
a05-32-spread	spread	hit	200	1
a05-32-spread	spread	miss	404	431
a05-32-spread	spread	hit	200	1
a05-32-spread	spread	miss	404	435
a05-32-spread	spread	hit	200	1
a05-32-spread	spread	miss	404	399
a05-32-spread	spread	hit	200	1
a05-32-spread	spread	miss	404	456
a05-32-spread	spread	hit	200	1
a05-32-spread	spread	miss	404	458
a05-32-spread	spread	hit	200	1
a05-32-spread	spread	miss	404	442
a05-32-spread	spread	hit	200	1
a05-32-spread	spread	miss	404	517
a05-32-spread	spread	hit	200	1
a05-32-spread	spread	miss	404	519
a05-32-spread	spread	hit	200	1
a05-32-spread	spread	miss	404	454
a05-32-spread	spread	hit	200	1
a05-32-spread	spread	miss	404	501
a05-32-spread	spread	hit	200	1
a05-32-spread	spread	miss	404	494
a05-32-spread	spread	hit	200	1
a05-32-spread	spread	miss	404	380
a05-32-spread	spread	hit	200	1
a05-32-spread	spread	miss	404	488
a05-32-spread	spread	hit	200	1
a05-32-spread	spread	miss	404	361
a05-32-spread	spread	hit	200	1
a05-32-spread	spread	miss	404	320
a05-32-spread	spread	hit	200	1
a05-32-spread	spread	miss	404	399
a05-32-spread	spread	hit	200	1
a05-32-spread	spread	miss	404	338
a05-32-spread	spread	hit	200	1
a05-32-spread	spread	miss	404	451
a05-32-spread	spread	hit	200	1
a05-32-spread	spread	miss	404	327
a05-32-spread	spread	hit	200	2
a05-32-spread	spread	miss	404	335
a05-32-spread	spread	hit	200	1
a05-32-spread	spread	miss	404	497
a05-32-spread	spread	hit	200	1
a05-32-spread	spread	miss	404	542
a05-32-spread	spread	hit	200	48
a05-32-spread	spread	miss	404	229
a05-32-spread	spread	hit	200	7
a05-32-spread	spread	miss	404	464
a05-32-spread	spread	hit	200	20
a05-32-spread	spread	miss	404	479
a05-32-spread	spread	hit	200	8
a05-32-spread	spread	miss	404	474
a05-32-spread	spread	hit	200	8
a05-32-spread	spread	miss	404	294
a05-32-spread	spread	hit	200	40
a05-32-spread	spread	miss	404	484
a05-32-spread	spread	hit	200	19
a05-32-spread	spread	miss	404	492
a05-32-spread	spread	hit	200	1
a05-32-spread	spread	miss	404	519
a05-32-spread	spread	hit	200	1
a05-32-spread	spread	miss	404	426
a05-32-spread	spread	hit	200	1
a05-32-spread	spread	miss	404	403
a05-32-spread	spread	hit	200	1
a05-32-spread	spread	miss	404	336
a05-32-spread	spread	hit	200	1
a05-32-spread	spread	miss	404	400
a05-32-spread	spread	hit	200	1
a05-32-spread	spread	miss	404	370
a05-32-spread	spread	hit	200	1
a05-32-spread	spread	miss	404	367
a05-32-spread	spread	hit	200	1
a05-32-spread	spread	miss	404	414
a05-32-spread	spread	hit	200	1
a05-32-spread	spread	miss	404	410
a05-32-spread	spread	hit	200	1
a05-32-spread	spread	miss	404	394
a05-32-spread	spread	hit	200	1
a05-32-spread	spread	miss	404	220
a05-32-spread	spread	hit	200	1
a05-32-spread	spread	miss	404	193
a05-32-spread	spread	hit	200	2
a05-32-spread	spread	miss	404	428
a05-32-spread	spread	hit	200	1
a05-32-spread	spread	miss	404	491
a05-32-spread	spread	hit	200	5
a05-32-spread	spread	miss	404	447
a05-32-spread	spread	hit	200	1
a05-32-spread	spread	miss	404	371
a05-32-spread	spread	hit	200	1
a05-32-spread	spread	miss	404	469
a05-32-spread	spread	hit	200	1
a05-32-spread	spread	miss	404	482
a05-32-spread	spread	hit	200	1
a05-32-spread	spread	miss	404	326
a05-32-spread	spread	hit	200	1
a05-32-spread	spread	miss	404	519
a05-32-spread	spread	hit	200	1
a05-32-spread	spread	miss	404	528
a05-32-spread	spread	hit	200	1
a05-32-spread	spread	miss	404	203
a05-32-spread	spread	hit	200	1
a05-32-spread	spread	miss	404	509
a05-32-spread	spread	hit	200	1
a05-32-spread	spread	miss	404	458
a05-32-spread	spread	hit	200	2
a05-32-spread	spread	miss	404	414
a05-32-spread	spread	hit	200	1
a05-32-spread	spread	miss	404	248
a05-32-spread	spread	hit	200	1
a05-32-spread	spread	miss	404	501
a05-32-spread	spread	hit	200	2
a05-32-spread	spread	miss	404	216
a05-32-spread	spread	hit	200	2
a05-32-spread	spread	miss	404	156
a05-32-spread	spread	hit	200	1
a05-32-spread	spread	miss	404	507
a05-32-spread	spread	hit	200	1
a05-32-spread	spread	miss	404	379
a05-32-spread	spread	hit	200	1
a05-32-spread	spread	miss	404	474
a05-32-spread	spread	hit	200	1
a05-32-spread	spread	miss	404	424
a05-32-spread	spread	hit	200	11
a05-32-spread	spread	miss	404	285
a05-32-spread	spread	hit	200	6
a05-32-spread	spread	miss	404	180
a05-32-spread	spread	hit	200	7
a05-32-spread	spread	miss	404	420
a05-32-spread	spread	hit	200	35
a05-32-spread	spread	miss	404	393
a05-32-spread	spread	hit	200	20
a05-32-spread	spread	miss	404	606
a05-32-spread	spread	hit	200	25
a05-32-spread	spread	miss	404	428
a05-32-spread	spread	hit	200	11
a05-32-spread	spread	miss	404	490
a05-32-spread	spread	hit	200	1
a05-32-spread	spread	miss	404	685
a05-32-spread	spread	hit	200	1
a05-32-spread	spread	miss	404	309
a05-32-spread	spread	hit	200	1
a05-32-spread	spread	miss	404	504
a05-32-spread	spread	hit	200	1
a05-32-spread	spread	miss	404	459
a05-32-spread	spread	hit	200	1
a05-32-spread	spread	miss	404	431
a05-32-spread	spread	hit	200	1
a05-32-spread	spread	miss	404	364
a05-32-spread	spread	hit	200	1
a05-32-spread	spread	miss	404	305
a05-32-spread	spread	hit	200	1
a05-32-spread	spread	miss	404	494
a05-32-spread	spread	hit	200	1
a05-32-spread	spread	miss	404	357
a05-32-spread	spread	hit	200	1
a05-32-spread	spread	miss	404	411
a05-32-spread	spread	hit	200	1
a05-32-spread	spread	miss	404	475
a05-32-spread	spread	hit	200	1
a05-32-spread	spread	miss	404	557
a05-32-spread	spread	hit	200	1
a05-32-spread	spread	miss	404	422
a05-32-spread	spread	hit	200	1
a05-32-spread	spread	miss	404	587
a05-32-spread	spread	hit	200	1
a05-32-spread	spread	miss	404	438
a05-32-spread	spread	hit	200	1
a05-32-spread	spread	miss	404	475
a05-32-spread	spread	hit	200	1
a05-32-spread	spread	miss	404	290
a05-32-spread	spread	hit	200	1
a05-32-spread	spread	miss	404	512
a05-32-spread	spread	hit	200	1
a05-32-spread	spread	miss	404	383
a05-32-spread	spread	hit	200	1
a05-32-spread	spread	miss	404	510
a05-32-spread	spread	hit	200	1
a05-32-spread	spread	miss	404	334
a05-32-spread	spread	hit	200	1
a05-32-spread	spread	miss	404	479
a05-32-spread	spread	hit	200	1
a05-32-spread	spread	miss	404	395
a05-32-spread	spread	hit	200	1
a05-32-spread	spread	miss	404	456
a05-32-spread	spread	hit	200	1
a05-32-spread	spread	miss	404	433
a05-32-spread	spread	hit	200	1
a05-32-spread	spread	miss	404	483
a05-32-spread	spread	hit	200	1
a05-32-spread	spread	miss	404	464
a05-32-spread	spread	hit	200	1
a05-32-spread	spread	miss	404	376
a05-32-spread	spread	hit	200	1
a05-32-spread	spread	miss	404	372
a05-32-spread	spread	hit	200	1
a05-32-spread	spread	miss	404	546
a05-32-spread	spread	hit	200	1
a05-32-spread	spread	miss	404	438
a05-32-spread	spread	hit	200	2
a05-32-spread	spread	miss	404	449
a05-32-spread	spread	hit	200	1
a05-32-spread	spread	miss	404	392
a05-32-spread	spread	hit	200	42
a05-32-spread	spread	miss	404	442
a05-32-spread	spread	hit	200	23
a05-32-spread	spread	miss	404	404
a05-32-spread	spread	hit	200	7
a05-32-spread	spread	miss	404	303
a05-32-spread	spread	hit	200	7
a05-32-spread	spread	miss	404	502
a05-32-spread	spread	hit	200	10
a05-32-spread	spread	miss	404	249
a05-32-spread	spread	hit	200	33
a05-32-spread	spread	miss	404	388
a05-32-spread	spread	hit	200	17
a05-32-spread	spread	miss	404	410
a05-32-spread	spread	hit	200	2
a05-32-spread	spread	miss	404	468
a05-32-spread	spread	hit	200	1
a05-32-spread	spread	miss	404	475
a05-32-spread	spread	hit	200	1
a05-32-spread	spread	miss	404	431
a05-32-spread	spread	hit	200	1
a05-32-spread	spread	miss	404	461
a05-32-spread	spread	hit	200	1
a05-32-spread	spread	miss	404	382
a05-32-spread	spread	hit	200	1
a05-32-spread	spread	miss	404	134
a05-32-spread	spread	hit	200	1
a05-32-spread	spread	miss	404	480
a05-32-spread	spread	hit	200	1
a05-32-spread	spread	miss	404	397
a05-32-spread	spread	hit	200	1
a05-32-spread	spread	miss	404	197
a05-32-spread	spread	hit	200	1
a05-32-spread	spread	miss	404	369
a05-32-spread	spread	hit	200	1
a05-32-spread	spread	miss	404	501
a05-32-spread	spread	hit	200	1
a05-32-spread	spread	miss	404	417
a05-32-spread	spread	hit	200	1
a05-32-spread	spread	miss	404	164
a05-32-spread	spread	hit	200	1
a05-32-spread	spread	miss	404	477
a05-32-spread	spread	hit	200	1
a05-32-spread	spread	miss	404	480
a05-32-spread	spread	hit	200	1
a05-32-spread	spread	miss	404	435
a05-32-spread	spread	hit	200	1
a05-32-spread	spread	miss	404	374
a05-32-spread	spread	hit	200	1
a05-32-spread	spread	miss	404	489
a05-32-spread	spread	hit	200	2
a05-32-spread	spread	miss	404	522
a05-32-spread	spread	hit	200	1
a05-32-spread	spread	miss	404	503
a05-32-spread	spread	hit	200	1
a05-32-spread	spread	miss	404	432
a05-32-spread	spread	hit	200	1
a05-32-spread	spread	miss	404	487
a05-32-spread	spread	hit	200	1
a05-32-spread	spread	miss	404	470
a05-32-spread	spread	hit	200	1
a05-32-spread	spread	miss	404	420
a05-32-spread	spread	hit	200	1
a05-32-spread	spread	miss	404	406
a05-32-spread	spread	hit	200	1
a05-32-spread	spread	miss	404	438
a05-32-spread	spread	hit	200	2
a05-32-spread	spread	miss	404	526
a05-32-spread	spread	hit	200	1
a05-32-spread	spread	miss	404	321
a05-32-spread	spread	hit	200	1
a05-32-spread	spread	miss	404	375
a05-32-spread	spread	hit	200	1
a05-32-spread	spread	miss	404	443
a05-32-spread	spread	hit	200	1
a05-32-spread	spread	miss	404	320
a05-32-spread	spread	hit	200	1
a05-32-spread	spread	miss	404	530
a05-32-spread	spread	hit	200	1
a05-32-spread	spread	miss	404	498
a05-32-spread	spread	hit	200	8
a05-32-spread	spread	miss	404	535
a05-32-spread	spread	hit	200	10
a05-32-spread	spread	miss	404	631
a05-32-spread	spread	hit	200	9
a05-32-spread	spread	miss	404	486
a05-32-spread	spread	hit	200	45
a05-32-spread	spread	miss	404	460
a05-32-spread	spread	hit	200	1
a05-32-spread	spread	miss	404	416
a05-32-spread	spread	hit	200	1
a05-32-spread	spread	miss	404	437
a05-32-spread	spread	hit	200	1
a05-32-spread	spread	miss	404	281
a05-32-spread	spread	hit	200	1
a05-32-spread	spread	miss	404	402
a05-32-spread	spread	hit	200	1
a05-32-spread	spread	miss	404	428
a05-32-spread	spread	hit	200	1
a05-32-spread	spread	miss	404	294
a05-32-spread	spread	hit	200	1
a05-32-spread	spread	miss	404	383
a05-32-spread	spread	hit	200	1
a05-32-spread	spread	miss	404	497
a05-32-spread	spread	hit	200	1
a05-32-spread	spread	miss	404	437
a05-32-spread	spread	hit	200	1
a05-32-spread	spread	miss	404	402
a05-32-spread	spread	hit	200	1
a05-32-spread	spread	miss	404	462
a05-32-spread	spread	hit	200	1
a05-32-spread	spread	miss	404	438
a05-32-spread	spread	hit	200	1
a05-32-spread	spread	miss	404	401
a05-32-spread	spread	hit	200	4
a05-32-spread	spread	miss	404	437
a05-32-spread	spread	hit	200	1
a05-32-spread	spread	miss	404	574
a05-32-spread	spread	hit	200	1
a05-32-spread	spread	miss	404	389
a05-32-spread	spread	hit	200	1
a05-32-spread	spread	miss	404	424
a05-32-spread	spread	hit	200	1
a05-32-spread	spread	miss	404	380
a05-32-spread	spread	hit	200	1
a05-32-spread	spread	miss	404	452
a05-32-spread	spread	hit	200	1
a05-32-spread	spread	miss	404	330
a05-32-spread	spread	hit	200	1
a05-32-spread	spread	miss	404	410
a05-32-spread	spread	hit	200	1
a05-32-spread	spread	miss	404	374
a05-32-spread	spread	hit	200	1
a05-32-spread	spread	miss	404	377
a05-32-spread	spread	hit	200	2
a05-32-spread	spread	miss	404	609
a05-32-spread	spread	hit	200	1
a05-32-spread	spread	miss	404	292
a05-32-spread	spread	hit	200	1
a05-32-spread	spread	miss	404	484
a05-32-spread	spread	hit	200	1
a05-32-spread	spread	miss	404	402
a05-32-spread	spread	hit	200	1
a05-32-spread	spread	miss	404	439
a05-32-spread	spread	hit	200	1
a05-32-spread	spread	miss	404	362
a05-32-spread	spread	hit	200	1
a05-32-spread	spread	miss	404	441
a05-32-spread	spread	hit	200	1
a05-32-spread	spread	miss	404	389
a05-32-spread	spread	hit	200	1
a05-32-spread	spread	miss	404	438
a05-32-spread	spread	hit	200	1
a05-32-spread	spread	miss	404	297
a05-32-spread	spread	hit	200	1
a05-32-spread	spread	miss	404	469
a05-32-spread	spread	hit	200	1
a05-32-spread	spread	miss	404	615
a05-32-spread	spread	hit	200	2
a05-32-spread	spread	miss	404	465
a05-32-spread	spread	hit	200	2
a05-32-spread	spread	miss	404	481
a05-32-spread	spread	hit	200	1
a05-32-spread	spread	miss	404	427
a05-32-spread	spread	hit	200	1
a05-32-spread	spread	miss	404	227
a05-32-spread	spread	hit	200	1
a05-32-spread	spread	miss	404	452
a05-32-spread	spread	hit	200	1
a05-32-spread	spread	miss	404	540
a05-32-spread	spread	hit	200	1
a05-32-spread	spread	miss	404	410
a05-32-spread	spread	hit	200	1
a05-32-spread	spread	miss	404	523
a05-32-spread	spread	hit	200	1
a05-32-spread	spread	miss	404	455
a05-32-spread	spread	hit	200	1
a05-32-spread	spread	miss	404	628
a05-32-spread	spread	hit	200	1
a05-32-spread	spread	miss	404	234
a05-32-spread	spread	hit	200	1
a05-32-spread	spread	miss	404	521
a05-32-spread	spread	hit	200	1
a05-32-spread	spread	miss	404	379
a05-32-spread	spread	hit	200	1
a05-32-spread	spread	miss	404	436
a05-32-spread	spread	hit	200	1
a05-32-spread	spread	miss	404	362
a05-32-spread	spread	hit	200	2
a05-32-spread	spread	miss	404	443
a05-32-spread	spread	hit	200	2
a05-32-spread	spread	miss	404	382
a05-32-spread	spread	hit	200	1
a05-32-spread	spread	miss	404	411
a05-32-spread	spread	hit	200	1
a05-32-spread	spread	miss	404	540
a05-32-spread	spread	hit	200	1
a05-32-spread	spread	miss	404	386
a05-32-spread	spread	hit	200	1
a05-32-spread	spread	miss	404	406
a05-32-spread	spread	hit	200	1
a05-32-spread	spread	miss	404	505
a05-32-spread	spread	hit	200	1
a05-32-spread	spread	miss	404	339
a05-32-spread	spread	hit	200	1
a05-32-spread	spread	miss	404	424
a05-32-spread	spread	hit	200	1
a05-32-spread	spread	miss	404	334
a05-32-spread	spread	hit	200	1
a05-32-spread	spread	miss	404	386
a05-32-spread	spread	hit	200	1
a05-32-spread	spread	miss	404	483
a05-32-spread	spread	hit	200	1
a05-32-spread	spread	miss	404	497
a05-32-spread	spread	hit	200	1
a05-32-spread	spread	miss	404	516
a05-32-spread	spread	hit	200	1
a05-32-spread	spread	miss	404	402
a05-32-spread	spread	hit	200	1
a05-32-spread	spread	miss	404	462
a05-32-spread	spread	hit	200	1
a05-32-spread	spread	miss	404	542
a05-32-spread	spread	hit	200	1
a05-32-spread	spread	miss	404	426
a05-32-spread	spread	hit	200	1
a05-32-spread	spread	miss	404	402
a05-32-spread	spread	hit	200	1
a05-32-spread	spread	miss	404	480
a05-32-spread	spread	hit	200	1
a05-32-spread	spread	miss	404	489
a05-32-spread	spread	hit	200	1
a05-32-spread	spread	miss	404	370
a05-32-spread	spread	hit	200	1
a05-32-spread	spread	miss	404	512
a05-32-spread	spread	hit	200	1
a05-32-spread	spread	miss	404	463
a05-32-spread	spread	hit	200	2
a05-32-spread	spread	miss	404	359
a05-32-spread	spread	hit	200	1
a05-32-spread	spread	miss	404	450
a05-32-spread	spread	hit	200	4
a05-32-spread	spread	miss	404	488
a05-32-spread	spread	hit	200	1
a05-32-spread	spread	miss	404	514
a05-32-spread	spread	hit	200	1
a05-32-spread	spread	miss	404	446
a05-32-spread	spread	hit	200	1
a05-32-spread	spread	miss	404	503
a05-32-spread	spread	hit	200	2
a05-32-spread	spread	miss	404	512
a05-32-spread	spread	hit	200	1
a05-32-spread	spread	miss	404	415
a05-32-spread	spread	hit	200	2
a05-32-spread	spread	miss	404	261
a05-32-spread	spread	hit	200	1
a05-32-spread	spread	miss	404	247
a05-32-spread	spread	hit	200	1
a05-32-spread	spread	miss	404	551
a05-32-spread	spread	hit	200	1
a05-32-spread	spread	miss	404	456
a05-32-spread	spread	hit	200	1
a05-32-spread	spread	miss	404	326
a05-32-spread	spread	hit	200	1
a05-32-spread	spread	miss	404	408
a05-32-spread	spread	hit	200	1
a05-32-spread	spread	miss	404	332
a05-32-spread	spread	hit	200	2
a05-32-spread	spread	miss	404	433
a05-32-spread	spread	hit	200	1
a05-32-spread	spread	miss	404	458
a05-32-spread	spread	hit	200	1
a05-32-spread	spread	miss	404	271
a05-32-spread	spread	hit	200	1
a05-32-spread	spread	miss	404	394
a05-32-spread	spread	hit	200	1
a05-32-spread	spread	miss	404	485
a05-32-spread	spread	hit	200	1
a05-32-spread	spread	miss	404	448
a05-32-spread	spread	hit	200	1
a05-32-spread	spread	miss	404	558
a05-32-spread	spread	hit	200	2
a05-32-spread	spread	miss	404	478
a05-32-spread	spread	hit	200	1
a05-32-spread	spread	miss	404	424
a05-32-spread	spread	hit	200	1
a05-32-spread	spread	miss	404	584
a05-32-spread	spread	hit	200	1
a05-32-spread	spread	miss	404	402
a05-32-spread	spread	hit	200	1
a05-32-spread	spread	miss	404	582
a05-32-spread	spread	hit	200	2
a05-32-spread	spread	miss	404	418
a05-32-spread	spread	hit	200	1
a05-32-spread	spread	miss	404	183
a05-32-spread	spread	hit	200	1
a05-32-spread	spread	miss	404	474
a05-32-spread	spread	hit	200	1
a05-32-spread	spread	miss	404	456
a05-32-spread	spread	hit	200	1
a05-32-spread	spread	miss	404	371
a05-32-spread	spread	hit	200	1
a05-32-spread	spread	miss	404	453
a05-32-spread	spread	hit	200	1
a05-32-spread	spread	miss	404	363
a05-32-spread	spread	hit	200	2
a05-32-spread	spread	miss	404	499
a05-32-spread	spread	hit	200	1
a05-32-spread	spread	miss	404	396
a05-32-spread	spread	hit	200	1
a05-32-spread	spread	miss	404	464
a05-32-spread	spread	hit	200	1
a05-32-spread	spread	miss	404	497
a05-32-spread	spread	hit	200	1
a05-32-spread	spread	miss	404	468
a05-32-spread	spread	hit	200	1
a05-32-spread	spread	miss	404	544
a05-32-spread	spread	hit	200	1
a05-32-spread	spread	miss	404	348
a05-32-spread	spread	hit	200	1
a05-32-spread	spread	miss	404	185
a05-32-spread	spread	hit	200	2
a05-32-spread	spread	miss	404	412
a05-32-spread	spread	hit	200	1
a05-32-spread	spread	miss	404	427
a05-32-spread	spread	hit	200	1
a05-32-spread	spread	miss	404	479
a05-32-spread	spread	hit	200	1
a05-32-spread	spread	miss	404	579
a05-32-spread	spread	hit	200	1
a05-32-spread	spread	miss	404	367
a05-32-spread	spread	hit	200	1
a05-32-spread	spread	miss	404	483
a05-32-spread	spread	hit	200	1
a05-32-spread	spread	miss	404	480
a05-32-spread	spread	hit	200	1
a05-32-spread	spread	miss	404	307
a05-32-spread	spread	hit	200	1
a05-32-spread	spread	miss	404	489
a05-32-spread	spread	hit	200	1
a05-32-spread	spread	miss	404	434
a05-32-spread	spread	hit	200	1
a05-32-spread	spread	miss	404	470
a05-32-spread	spread	hit	200	1
a05-32-spread	spread	miss	404	408
a05-32-spread	spread	hit	200	1
a05-32-spread	spread	miss	404	414
a05-32-spread	spread	hit	200	1
a05-32-spread	spread	miss	404	374
a05-32-spread	spread	hit	200	1
a05-32-spread	spread	miss	404	492
a05-32-spread	spread	hit	200	1
a05-32-spread	spread	miss	404	426
a05-32-spread	spread	hit	200	1
a05-32-spread	spread	miss	404	457
a05-32-spread	spread	hit	200	1
a05-32-spread	spread	miss	404	524
a05-32-spread	spread	hit	200	1
a05-32-spread	spread	miss	404	278
a05-32-spread	spread	hit	200	1
a05-32-spread	spread	miss	404	462
a05-32-spread	spread	hit	200	1
a05-32-spread	spread	miss	404	494
a05-32-spread	spread	hit	200	1
a05-32-spread	spread	miss	404	494
a05-32-spread	spread	hit	200	1
a05-32-spread	spread	miss	404	472
a05-32-spread	spread	hit	200	1
a05-32-spread	spread	miss	404	323
a05-32-spread	spread	hit	200	1
a05-32-spread	spread	miss	404	368
a05-32-spread	spread	hit	200	1
a05-32-spread	spread	miss	404	471
a05-32-spread	spread	hit	200	1
a05-32-spread	spread	miss	404	488
a05-32-spread	spread	hit	200	1
a05-32-spread	spread	miss	404	355
a05-32-spread	spread	hit	200	1
a05-32-spread	spread	miss	404	531
a05-32-spread	spread	hit	200	1
a05-32-spread	spread	miss	404	181
a05-32-spread	spread	hit	200	1
a05-32-spread	spread	miss	404	419
a05-32-spread	spread	hit	200	1
a05-32-spread	spread	miss	404	506
a05-32-spread	spread	hit	200	1
a05-32-spread	spread	miss	404	437
a05-32-spread	spread	hit	200	1
a05-32-spread	spread	miss	404	353
a05-32-spread	spread	hit	200	1
a05-32-spread	spread	miss	404	386
a05-32-spread	spread	hit	200	2
a05-32-spread	spread	miss	404	397
a05-32-spread	spread	hit	200	1
a05-32-spread	spread	miss	404	438
a05-32-spread	spread	hit	200	1
a05-32-spread	spread	miss	404	363
a05-32-spread	spread	hit	200	2
a05-32-spread	spread	miss	404	494
a05-32-spread	spread	hit	200	2
a05-32-spread	spread	miss	404	425
a05-32-spread	spread	hit	200	3
a05-32-spread	spread	miss	404	283
a05-32-spread	spread	hit	200	1
a05-32-spread	spread	miss	404	363
a05-32-spread	spread	hit	200	1
a05-32-spread	spread	miss	404	463
a05-32-spread	spread	hit	200	1
a05-32-spread	spread	miss	404	342
a05-32-spread	spread	hit	200	2
a05-32-spread	spread	miss	404	708
a05-32-spread	spread	hit	200	1
a05-32-spread	spread	miss	404	437
a05-32-spread	spread	hit	200	1
a05-32-spread	spread	miss	404	369
a05-32-spread	spread	hit	200	1
a05-32-spread	spread	miss	404	335
a05-32-spread	spread	hit	200	1
a05-32-spread	spread	miss	404	395
a05-32-spread	spread	hit	200	1
a05-32-spread	spread	miss	404	389
a05-32-spread	spread	hit	200	1
a05-32-spread	spread	miss	404	305
a05-32-spread	spread	hit	200	1
a05-32-spread	spread	miss	404	401
a05-32-spread	spread	hit	200	1
a05-32-spread	spread	miss	404	397
a05-32-spread	spread	hit	200	1
a05-32-spread	spread	miss	404	478
a05-32-spread	spread	hit	200	1
a05-32-spread	spread	miss	404	426
a05-32-spread	spread	hit	200	1
a05-32-spread	spread	miss	404	243
a05-32-spread	spread	hit	200	1
a05-32-spread	spread	miss	404	312
a05-32-spread	spread	hit	200	1
a05-32-spread	spread	miss	404	433
a05-32-spread	spread	hit	200	2
a05-32-spread	spread	miss	404	420
a05-32-spread	spread	hit	200	1
a05-32-spread	spread	miss	404	183
a05-32-spread	spread	hit	200	1
a05-32-spread	spread	miss	404	332
a05-32-spread	spread	hit	200	1
a05-32-spread	spread	miss	404	276
a05-32-spread	spread	hit	200	1
a05-32-spread	spread	miss	404	533
a05-32-spread	spread	hit	200	1
a05-32-spread	spread	miss	404	526
a05-32-spread	spread	hit	200	1
a05-32-spread	spread	miss	404	340
a05-32-spread	spread	hit	200	1
a05-32-spread	spread	miss	404	423
a05-32-spread	spread	hit	200	1
a05-32-spread	spread	miss	404	314
a05-32-spread	spread	hit	200	1
a05-32-spread	spread	miss	404	401
a05-32-spread	spread	hit	200	1
a05-32-spread	spread	miss	404	348
a05-32-spread	spread	hit	200	1
a05-32-spread	spread	miss	404	314
a05-32-spread	spread	hit	200	1
a05-32-spread	spread	miss	404	522
a05-32-spread	spread	hit	200	1
a05-32-spread	spread	miss	404	369
a05-32-spread	spread	hit	200	1
a05-32-spread	spread	miss	404	499
a05-32-spread	spread	hit	200	1
a05-32-spread	spread	miss	404	441
a05-32-spread	spread	hit	200	1
a05-32-spread	spread	miss	404	472
a05-32-spread	spread	hit	200	2
a05-32-spread	spread	miss	404	428
a05-32-spread	spread	hit	200	1
a05-32-spread	spread	miss	404	463
a05-32-spread	spread	hit	200	1
a05-32-spread	spread	miss	404	395
a05-32-spread	spread	hit	200	1
a05-32-spread	spread	miss	404	342
a05-32-spread	spread	hit	200	1
a05-32-spread	spread	miss	404	455
a05-32-spread	spread	hit	200	1
a05-32-spread	spread	miss	404	209
a05-32-spread	spread	hit	200	1
a05-32-spread	spread	miss	404	424
a05-32-spread	spread	hit	200	1
a05-32-spread	spread	miss	404	452
a05-32-spread	spread	hit	200	1
a05-32-spread	spread	miss	404	318
a05-32-spread	spread	hit	200	1
a05-32-spread	spread	miss	404	499
a05-32-spread	spread	hit	200	1
a05-32-spread	spread	miss	404	355
a05-32-spread	spread	hit	200	1
a05-32-spread	spread	miss	404	350
a05-32-spread	spread	hit	200	1
a05-32-spread	spread	miss	404	427
a05-32-spread	spread	hit	200	1
a05-32-spread	spread	miss	404	245
a05-32-spread	spread	hit	200	1
a05-32-spread	spread	miss	404	431
a05-32-spread	spread	hit	200	1
a05-32-spread	spread	miss	404	432
a05-32-spread	spread	hit	200	1
a05-32-spread	spread	miss	404	297
a05-32-spread	spread	hit	200	1
a05-32-spread	spread	miss	404	496
a05-32-spread	spread	hit	200	1
a05-32-spread	spread	miss	404	463
a05-32-spread	spread	hit	200	4
a05-32-spread	spread	miss	404	448
a05-32-spread	spread	hit	200	1
a05-32-spread	spread	miss	404	344
a05-32-spread	spread	hit	200	1
a05-32-spread	spread	miss	404	359
a05-32-spread	spread	hit	200	1
a05-32-spread	spread	miss	404	459
a05-32-spread	spread	hit	200	1
a05-32-spread	spread	miss	404	155
a05-32-spread	spread	hit	200	1
a05-32-spread	spread	miss	404	410
a05-32-spread	spread	hit	200	1
a05-32-spread	spread	miss	404	599
a05-32-spread	spread	hit	200	1
a05-32-spread	spread	miss	404	447
a05-32-spread	spread	hit	200	1
a05-32-spread	spread	miss	404	491
a05-32-spread	spread	hit	200	1
a05-32-spread	spread	miss	404	465
a05-32-spread	spread	hit	200	1
a05-32-spread	spread	miss	404	472
a05-32-spread	spread	hit	200	1
a05-32-spread	spread	miss	404	679
a05-32-spread	spread	hit	200	1
a05-32-spread	spread	miss	404	431
a05-32-spread	spread	hit	200	1
a05-32-spread	spread	miss	404	457
a05-32-spread	spread	hit	200	1
a05-32-spread	spread	miss	404	318
a05-32-spread	spread	hit	200	1
a05-32-spread	spread	miss	404	405
a05-32-spread	spread	hit	200	1
a05-32-spread	spread	miss	404	459
a05-32-spread	spread	hit	200	1
a05-32-spread	spread	miss	404	396
a05-32-spread	spread	hit	200	1
a05-32-spread	spread	miss	404	400
a05-32-spread	spread	hit	200	1
a05-32-spread	spread	miss	404	361
a05-32-spread	spread	hit	200	1
a05-32-spread	spread	miss	404	419
a05-32-spread	spread	hit	200	1
a05-32-spread	spread	miss	404	340
a05-32-spread	spread	hit	200	1
a05-32-spread	spread	miss	404	343
a05-32-spread	spread	hit	200	1
a05-32-spread	spread	miss	404	328
a05-32-spread	spread	hit	200	1
a05-32-spread	spread	miss	404	504
a05-32-spread	spread	hit	200	1
a05-32-spread	spread	miss	404	422
a05-32-spread	spread	hit	200	3
a05-32-spread	spread	miss	404	430
a05-32-spread	spread	hit	200	1
a05-32-spread	spread	miss	404	477
a05-32-spread	spread	hit	200	2
a05-32-spread	spread	miss	404	485
a05-32-spread	spread	hit	200	1
a05-32-spread	spread	miss	404	574
a05-32-spread	spread	hit	200	1
a05-32-spread	spread	miss	404	366
a05-32-spread	spread	hit	200	2
a05-32-spread	spread	miss	404	377
a05-32-spread	spread	hit	200	1
a05-32-spread	spread	miss	404	431
a05-32-spread	spread	hit	200	1
a05-32-spread	spread	miss	404	365
a05-32-spread	spread	hit	200	4
a05-32-spread	spread	miss	404	484
a05-32-spread	spread	hit	200	1
a05-32-spread	spread	miss	404	471
a05-32-spread	spread	hit	200	2
a05-32-spread	spread	miss	404	399
a05-32-spread	spread	hit	200	1
a05-32-spread	spread	miss	404	369
a05-32-spread	spread	hit	200	1
a05-32-spread	spread	miss	404	389
a05-32-spread	spread	hit	200	2
a05-32-spread	spread	miss	404	381
a05-32-spread	spread	hit	200	1
a05-32-spread	spread	miss	404	198
a05-32-spread	spread	hit	200	1
a05-32-spread	spread	miss	404	470
a05-32-spread	spread	hit	200	1
a05-32-spread	spread	miss	404	496
a05-32-spread	spread	hit	200	1
a05-32-spread	spread	miss	404	290
a05-32-spread	spread	hit	200	1
a05-32-spread	spread	miss	404	453
a05-32-spread	spread	hit	200	1
a05-32-spread	spread	miss	404	335
a05-32-spread	spread	hit	200	1
a05-32-spread	spread	miss	404	400
a05-32-spread	spread	hit	200	1
a05-32-spread	spread	miss	404	513
a05-32-spread	spread	hit	200	1
a05-32-spread	spread	miss	404	475
a05-32-spread	spread	hit	200	1
a05-32-spread	spread	miss	404	297
a05-32-spread	spread	hit	200	1
a05-32-spread	spread	miss	404	420
a05-32-spread	spread	hit	200	1
a05-32-spread	spread	miss	404	473
a05-32-spread	spread	hit	200	1
a05-32-spread	spread	miss	404	468
a05-32-spread	spread	hit	200	1
a05-32-spread	spread	miss	404	485
a05-32-spread	spread	hit	200	1
a05-32-spread	spread	miss	404	348
a05-32-spread	spread	hit	200	1
a05-32-spread	spread	miss	404	440
a05-32-spread	spread	hit	200	1
a05-32-spread	spread	miss	404	445
a05-32-spread	spread	hit	200	1
a05-32-spread	spread	miss	404	530
a05-32-spread	spread	hit	200	1
a05-32-spread	spread	miss	404	408
a05-32-spread	spread	hit	200	1
a05-32-spread	spread	miss	404	302
a05-32-spread	spread	hit	200	2
a05-32-spread	spread	miss	404	341
a05-32-spread	spread	hit	200	1
a05-32-spread	spread	miss	404	342
a05-32-spread	spread	hit	200	1
a05-32-spread	spread	miss	404	485
a05-32-spread	spread	hit	200	1
a05-32-spread	spread	miss	404	442
a05-32-spread	spread	hit	200	1
a05-32-spread	spread	miss	404	533
a05-32-spread	spread	hit	200	1
a05-32-spread	spread	miss	404	419
a05-32-spread	spread	hit	200	3
a05-32-spread	spread	miss	404	209
a05-32-spread	spread	hit	200	1
a05-32-spread	spread	miss	404	489
a05-32-spread	spread	hit	200	1
a05-32-spread	spread	miss	404	378
a05-32-spread	spread	hit	200	1
a05-32-spread	spread	miss	404	407
a05-32-spread	spread	hit	200	3
a05-32-spread	spread	miss	404	527
a05-32-spread	spread	hit	200	1
a05-32-spread	spread	miss	404	444
a05-32-spread	spread	hit	200	1
a05-32-spread	spread	miss	404	443
a05-32-spread	spread	hit	200	1
a05-32-spread	spread	miss	404	468
a05-32-spread	spread	hit	200	1
a05-32-spread	spread	miss	404	334
a05-32-spread	spread	hit	200	1
a05-32-spread	spread	miss	404	443
a05-32-spread	spread	hit	200	1
a05-32-spread	spread	miss	404	478
a05-32-spread	spread	hit	200	1
a05-32-spread	spread	miss	404	286
a05-32-spread	spread	hit	200	1
a05-32-spread	spread	miss	404	392
a05-32-spread	spread	hit	200	1
a05-32-spread	spread	miss	404	464
a05-32-spread	spread	hit	200	1
a05-32-spread	spread	miss	404	305
a05-32-spread	spread	hit	200	1
a05-32-spread	spread	miss	404	429
a05-32-spread	spread	hit	200	1
a05-32-spread	spread	miss	404	452
a05-32-spread	spread	hit	200	1
a05-32-spread	spread	miss	404	305
a05-32-spread	spread	hit	200	1
a05-32-spread	spread	miss	404	317
a05-32-spread	spread	hit	200	1
a05-32-spread	spread	miss	404	466
a05-32-spread	spread	hit	200	1
a05-32-spread	spread	miss	404	524
a05-32-spread	spread	hit	200	1
a05-32-spread	spread	miss	404	510
a05-32-spread	spread	hit	200	1
a05-32-spread	spread	miss	404	547
a05-32-spread	spread	hit	200	1
a05-32-spread	spread	miss	404	387
a05-32-spread	spread	hit	200	1
a05-32-spread	spread	miss	404	477
a05-32-spread	spread	hit	200	1
a05-32-spread	spread	miss	404	254
a05-32-spread	spread	hit	200	1
a05-32-spread	spread	miss	404	503
a05-32-spread	spread	hit	200	1
a05-32-spread	spread	miss	404	501
a05-32-spread	spread	hit	200	1
a05-32-spread	spread	miss	404	551
a05-32-spread	spread	hit	200	1
a05-32-spread	spread	miss	404	449
a05-32-spread	spread	hit	200	1
a05-32-spread	spread	miss	404	152
a05-32-spread	spread	hit	200	1
a05-32-spread	spread	miss	404	445
a05-32-spread	spread	hit	200	1
a05-32-spread	spread	miss	404	427
a05-32-spread	spread	hit	200	1
a05-32-spread	spread	miss	404	431
a05-32-spread	spread	hit	200	1
a05-32-spread	spread	miss	404	253
a05-32-spread	spread	hit	200	1
a05-32-spread	spread	miss	404	471
a05-32-spread	spread	hit	200	1
a05-32-spread	spread	miss	404	327
a05-32-spread	spread	hit	200	1
a05-32-spread	spread	miss	404	490
a05-32-spread	spread	hit	200	1
a05-32-spread	spread	miss	404	191
a05-32-spread	spread	hit	200	1
a05-32-spread	spread	miss	404	168
a05-32-spread	spread	hit	200	4
a05-32-spread	spread	miss	404	324
a05-32-spread	spread	hit	200	1
a05-32-spread	spread	miss	404	528
a05-32-spread	spread	hit	200	1
a05-32-spread	spread	miss	404	303
a05-32-spread	spread	hit	200	1
a05-32-spread	spread	miss	404	416
a05-32-spread	spread	hit	200	1
a05-32-spread	spread	miss	404	441
a05-32-spread	spread	hit	200	1
a05-32-spread	spread	miss	404	204
a05-32-spread	spread	hit	200	1
a05-32-spread	spread	miss	404	512
a05-32-spread	spread	hit	200	1
a05-32-spread	spread	miss	404	542
a05-32-spread	spread	hit	200	1
a05-32-spread	spread	miss	404	305
a05-32-spread	spread	hit	200	1
a05-32-spread	spread	miss	404	459
a05-32-spread	spread	hit	200	1
a05-32-spread	spread	miss	404	494
a05-32-spread	spread	hit	200	1
a05-32-spread	spread	miss	404	435
a05-32-spread	spread	hit	200	1
a05-32-spread	spread	miss	404	407
a05-32-spread	spread	hit	200	1
a05-32-spread	spread	miss	404	547
a05-32-spread	spread	hit	200	1
a05-32-spread	spread	miss	404	407
a05-32-spread	spread	hit	200	1
a05-32-spread	spread	miss	404	374
a05-32-spread	spread	hit	200	1
a05-32-spread	spread	miss	404	374
a05-32-spread	spread	hit	200	1
a05-32-spread	spread	miss	404	455
a05-32-spread	spread	hit	200	1
a05-32-spread	spread	miss	404	473
a05-32-spread	spread	hit	200	1
a05-32-spread	spread	miss	404	335
a05-32-spread	spread	hit	200	1
a05-32-spread	spread	miss	404	446
a05-32-spread	spread	hit	200	1
a05-32-spread	spread	miss	404	576
a05-32-spread	spread	hit	200	1
a05-32-spread	spread	miss	404	486
a05-32-spread	spread	hit	200	1
a05-32-spread	spread	miss	404	321
a05-32-spread	spread	hit	200	1
a05-32-spread	spread	miss	404	300
a05-32-spread	spread	hit	200	1
a05-32-spread	spread	miss	404	374
a05-32-spread	spread	hit	200	1
a05-32-spread	spread	miss	404	234
a05-32-spread	spread	hit	200	1
a05-32-spread	spread	miss	404	381
a05-32-spread	spread	hit	200	1
a05-32-spread	spread	miss	404	418
a05-32-spread	spread	hit	200	1
a05-32-spread	spread	miss	404	351
a05-32-spread	spread	hit	200	1
a05-32-spread	spread	miss	404	440
a05-32-spread	spread	hit	200	2
a05-32-spread	spread	miss	404	483
a05-32-spread	spread	hit	200	1
a05-32-spread	spread	miss	404	372
a05-32-spread	spread	hit	200	1
a05-32-spread	spread	miss	404	374
a05-32-spread	spread	hit	200	1
a05-32-spread	spread	miss	404	295
a05-32-spread	spread	hit	200	1
a05-32-spread	spread	miss	404	476
a05-32-spread	spread	hit	200	1
a05-32-spread	spread	miss	404	363
a05-32-spread	spread	hit	200	1
a05-32-spread	spread	miss	404	471
a05-32-spread	spread	hit	200	1
a05-32-spread	spread	miss	404	211
a05-32-spread	spread	hit	200	1
a05-32-spread	spread	miss	404	291
a05-32-spread	spread	hit	200	3
a05-32-spread	spread	miss	404	395
a05-32-spread	spread	hit	200	1
a05-32-spread	spread	miss	404	511
a05-32-spread	spread	hit	200	1
a05-32-spread	spread	miss	404	474
a05-32-spread	spread	hit	200	1
a05-32-spread	spread	miss	404	667
a05-32-spread	spread	hit	200	1
a05-32-spread	spread	miss	404	438
a05-32-spread	spread	hit	200	2
a05-32-spread	spread	miss	404	304
a05-32-spread	spread	hit	200	1
a05-32-spread	spread	miss	404	360
a05-32-spread	spread	hit	200	1
a05-32-spread	spread	miss	404	508
a05-32-spread	spread	hit	200	1
a05-32-spread	spread	miss	404	216
a05-32-spread	spread	hit	200	1
a05-32-spread	spread	miss	404	485
a05-32-spread	spread	hit	200	1
a05-32-spread	spread	miss	404	172
a05-32-spread	spread	hit	200	1
a05-32-spread	spread	miss	404	341
a05-32-spread	spread	hit	200	1
a05-32-spread	spread	miss	404	419
a05-32-spread	spread	hit	200	1
a05-32-spread	spread	miss	404	292
a05-32-spread	spread	hit	200	2
a05-32-spread	spread	miss	404	458
a05-32-spread	spread	hit	200	3
a05-32-spread	spread	miss	404	619
a05-32-spread	spread	hit	200	1
a05-32-spread	spread	miss	404	280
a05-32-spread	spread	hit	200	1
a05-32-spread	spread	miss	404	472
a05-32-spread	spread	hit	200	1
a05-32-spread	spread	miss	404	476
a05-32-spread	spread	hit	200	1
a05-32-spread	spread	miss	404	515
a05-32-spread	spread	hit	200	1
a05-32-spread	spread	miss	404	506
a05-32-spread	spread	hit	200	1
a05-32-spread	spread	miss	404	470
a05-32-spread	spread	hit	200	1
a05-32-spread	spread	miss	404	521
a05-32-spread	spread	hit	200	1
a05-32-spread	spread	miss	404	466
a05-32-spread	spread	hit	200	1
a05-32-spread	spread	miss	404	388
a05-32-spread	spread	hit	200	1
a05-32-spread	spread	miss	404	304
a05-32-spread	spread	hit	200	1
a05-32-spread	spread	miss	404	527
a05-32-spread	spread	hit	200	1
a05-32-spread	spread	miss	404	338
a05-32-spread	spread	hit	200	1
a05-32-spread	spread	miss	404	399
a05-32-spread	spread	hit	200	1
a05-32-spread	spread	miss	404	378
a05-32-spread	spread	hit	200	3
a05-32-spread	spread	miss	404	357
a05-32-spread	spread	hit	200	1
a05-32-spread	spread	miss	404	485
a05-32-spread	spread	hit	200	1
a05-32-spread	spread	miss	404	426
a05-32-spread	spread	hit	200	1
a05-32-spread	spread	miss	404	445
a05-32-spread	spread	hit	200	1
a05-32-spread	spread	miss	404	431
a05-32-spread	spread	hit	200	1
a05-32-spread	spread	miss	404	454
a05-32-spread	spread	hit	200	1
a05-32-spread	spread	miss	404	391
a05-32-spread	spread	hit	200	1
a05-32-spread	spread	miss	404	562
a05-32-spread	spread	hit	200	1
a05-32-spread	spread	miss	404	540
a05-32-spread	spread	hit	200	2
a05-32-spread	spread	miss	404	212
a05-32-spread	spread	hit	200	4
a05-32-spread	spread	miss	404	417
a05-32-spread	spread	hit	200	1
a05-32-spread	spread	miss	404	464
a05-32-spread	spread	hit	200	1
a05-32-spread	spread	miss	404	387
a05-32-spread	spread	hit	200	1
a05-32-spread	spread	miss	404	399
a05-32-spread	spread	hit	200	1
a05-32-spread	spread	miss	404	229
a05-32-spread	spread	hit	200	2
a05-32-spread	spread	miss	404	353
a05-32-spread	spread	hit	200	1
a05-32-spread	spread	miss	404	303
a05-32-spread	spread	hit	200	1
a05-32-spread	spread	miss	404	703
a05-32-spread	spread	hit	200	1
a05-32-spread	spread	miss	404	413
a05-32-spread	spread	hit	200	1
a05-32-spread	spread	miss	404	215
a05-32-spread	spread	hit	200	1
a05-32-spread	spread	miss	404	374
a05-32-spread	spread	hit	200	1
a05-32-spread	spread	miss	404	380
a05-32-spread	spread	hit	200	1
a05-32-spread	spread	miss	404	452
a05-32-spread	spread	hit	200	1
a05-32-spread	spread	miss	404	505
a05-32-spread	spread	hit	200	1
a05-32-spread	spread	miss	404	331
a05-32-spread	spread	hit	200	1
a05-32-spread	spread	miss	404	394
a05-32-spread	spread	hit	200	1
a05-32-spread	spread	miss	404	496
a05-32-spread	spread	hit	200	1
a05-32-spread	spread	miss	404	564
a05-32-spread	spread	hit	200	1
a05-32-spread	spread	miss	404	347
a05-32-spread	spread	hit	200	1
a05-32-spread	spread	miss	404	209
a05-32-spread	spread	hit	200	1
a05-32-spread	spread	miss	404	533
a05-32-spread	spread	hit	200	1
a05-32-spread	spread	miss	404	388
a05-32-spread	spread	hit	200	1
a05-32-spread	spread	miss	404	205
a05-32-spread	spread	hit	200	1
a05-32-spread	spread	miss	404	389
a05-32-spread	spread	hit	200	1
a05-32-spread	spread	miss	404	410
a05-32-spread	spread	hit	200	1
a05-32-spread	spread	miss	404	482
a05-32-spread	spread	hit	200	1
a05-32-spread	spread	miss	404	489
a05-32-spread	spread	hit	200	1
a05-32-spread	spread	miss	404	430
a05-32-spread	spread	hit	200	1
a05-32-spread	spread	miss	404	558
a05-32-spread	spread	hit	200	1
a05-32-spread	spread	miss	404	408
a05-32-spread	spread	hit	200	1
a05-32-spread	spread	miss	404	386
a05-32-spread	spread	hit	200	2
a05-32-spread	spread	miss	404	469
a05-32-spread	spread	hit	200	1
a05-32-spread	spread	miss	404	471
a05-32-spread	spread	hit	200	1
a05-32-spread	spread	miss	404	466
a05-32-spread	spread	hit	200	1
a05-32-spread	spread	miss	404	463
a05-32-spread	spread	hit	200	1
a05-32-spread	spread	miss	404	334
a05-32-spread	spread	hit	200	1
a05-32-spread	spread	miss	404	294
a05-32-spread	spread	hit	200	1
a05-32-spread	spread	miss	404	485
a05-32-spread	spread	hit	200	1
a05-32-spread	spread	miss	404	427
a05-32-spread	spread	hit	200	1
a05-32-spread	spread	miss	404	381
a05-32-spread	spread	hit	200	3
a05-32-spread	spread	miss	404	501
a05-32-spread	spread	hit	200	1
a05-32-spread	spread	miss	404	414
a05-32-spread	spread	hit	200	1
a05-32-spread	spread	miss	404	451
a05-32-spread	spread	hit	200	1
a05-32-spread	spread	miss	404	456
a05-32-spread	spread	hit	200	1
a05-32-spread	spread	miss	404	517
a05-32-spread	spread	hit	200	1
a05-32-spread	spread	miss	404	499
a05-32-spread	spread	hit	200	1
a05-32-spread	spread	miss	404	307
a05-32-spread	spread	hit	200	1
a05-32-spread	spread	miss	404	449
a05-32-spread	spread	hit	200	1
a05-32-spread	spread	miss	404	496
a05-32-spread	spread	hit	200	1
a05-32-spread	spread	miss	404	468
a05-32-spread	spread	hit	200	1
a05-32-spread	spread	miss	404	333
a05-32-spread	spread	hit	200	1
a05-32-spread	spread	miss	404	425
a05-32-spread	spread	hit	200	1
a05-32-spread	spread	miss	404	399
a05-32-spread	spread	hit	200	1
a05-32-spread	spread	miss	404	454
a05-32-spread	spread	hit	200	1
a05-32-spread	spread	miss	404	795
a05-32-spread	spread	hit	200	1
a05-32-spread	spread	miss	404	440
a05-32-spread	spread	hit	200	1
a05-32-spread	spread	miss	404	449
a05-32-spread	spread	hit	200	1
a05-32-spread	spread	miss	404	507
a05-32-spread	spread	hit	200	2
a05-32-spread	spread	miss	404	833
a05-32-spread	spread	hit	200	1
a05-32-spread	spread	miss	404	357
a05-32-spread	spread	hit	200	1
a05-32-spread	spread	miss	404	330
a05-32-spread	spread	hit	200	1
a05-32-spread	spread	miss	404	396
a05-32-spread	spread	hit	200	1
a05-32-spread	spread	miss	404	507
a05-32-spread	spread	hit	200	1
a05-32-spread	spread	miss	404	558
a05-32-spread	spread	hit	200	1
a05-32-spread	spread	miss	404	627
a05-32-spread	spread	hit	200	1
a05-32-spread	spread	miss	404	449
a05-32-spread	spread	hit	200	1
a05-32-spread	spread	miss	404	477
a05-32-spread	spread	hit	200	1
a05-32-spread	spread	miss	404	367
a05-32-spread	spread	hit	200	1
a05-32-spread	spread	miss	404	391
a05-32-spread	spread	hit	200	1
a05-32-spread	spread	miss	404	456
a05-32-spread	spread	hit	200	2
a05-32-spread	spread	miss	404	487
a05-32-spread	spread	hit	200	1
a05-32-spread	spread	miss	404	418
a05-32-spread	spread	hit	200	1
a05-32-spread	spread	miss	404	422
a05-32-spread	spread	hit	200	1
a05-32-spread	spread	miss	404	405
a05-32-spread	spread	hit	200	1
a05-32-spread	spread	miss	404	400
a05-32-spread	spread	hit	200	1
a05-32-spread	spread	miss	404	414
a05-32-spread	spread	hit	200	2
a05-32-spread	spread	miss	404	575
a05-32-spread	spread	hit	200	2
a05-32-spread	spread	miss	404	411
a05-32-spread	spread	hit	200	1
a05-32-spread	spread	miss	404	556
a05-32-spread	spread	hit	200	2
a05-32-spread	spread	miss	404	476
a05-32-spread	spread	hit	200	3
a05-32-spread	spread	miss	404	372
a05-32-spread	spread	hit	200	2
a05-32-spread	spread	miss	404	483
a05-32-spread	spread	hit	200	1
a05-32-spread	spread	miss	404	454
a05-32-spread	spread	hit	200	1
a05-32-spread	spread	miss	404	377
a05-32-spread	spread	hit	200	2
a05-32-spread	spread	miss	404	443
a05-32-spread	spread	hit	200	1
a05-32-spread	spread	miss	404	389
a05-32-spread	spread	hit	200	1
a05-32-spread	spread	miss	404	432
a05-32-spread	spread	hit	200	1
a05-32-spread	spread	miss	404	304
a05-32-spread	spread	hit	200	1
a05-32-spread	spread	miss	404	498
a05-32-spread	spread	hit	200	1
a05-32-spread	spread	miss	404	394
a05-32-spread	spread	hit	200	1
a05-32-spread	spread	miss	404	507
a05-32-spread	spread	hit	200	1
a05-32-spread	spread	miss	404	342
a05-32-spread	spread	hit	200	1
a05-32-spread	spread	miss	404	451
a05-32-spread	spread	hit	200	1
a05-32-spread	spread	miss	404	487
a05-32-spread	spread	hit	200	1
a05-32-spread	spread	miss	404	433
a05-32-spread	spread	hit	200	1
a05-32-spread	spread	miss	404	500
a05-32-spread	spread	hit	200	1
a05-32-spread	spread	miss	404	409
a05-32-spread	spread	hit	200	1
a05-32-spread	spread	miss	404	386
a05-32-spread	spread	hit	200	1
a05-32-spread	spread	miss	404	391
a05-32-spread	spread	hit	200	1
a05-32-spread	spread	miss	404	444
a05-32-spread	spread	hit	200	1
a05-32-spread	spread	miss	404	449
a05-32-spread	spread	hit	200	1
a05-32-spread	spread	miss	404	356
a05-32-spread	spread	hit	200	1
a05-32-spread	spread	miss	404	320
a05-32-spread	spread	hit	200	2
a05-32-spread	spread	miss	404	400
a05-32-spread	spread	hit	200	1
a05-32-spread	spread	miss	404	421
a05-32-spread	spread	hit	200	1
a05-32-spread	spread	miss	404	457
a05-32-spread	spread	hit	200	1
a05-32-spread	spread	miss	404	305
a05-32-spread	spread	hit	200	1
a05-32-spread	spread	miss	404	365
a05-32-spread	spread	hit	200	1
a05-32-spread	spread	miss	404	219
a05-32-spread	spread	hit	200	1
a05-32-spread	spread	miss	404	383
a05-32-spread	spread	hit	200	1
a05-32-spread	spread	miss	404	402
a05-32-spread	spread	hit	200	1
a05-32-spread	spread	miss	404	391
a05-32-spread	spread	hit	200	1
a05-32-spread	spread	miss	404	242
a05-32-spread	spread	hit	200	1
a05-32-spread	spread	miss	404	394
a05-32-spread	spread	hit	200	1
a05-32-spread	spread	miss	404	440
a05-32-spread	spread	hit	200	1
a05-32-spread	spread	miss	404	381
a05-32-spread	spread	hit	200	1
a05-32-spread	spread	miss	404	294
a05-32-spread	spread	hit	200	1
a05-32-spread	spread	miss	404	487
a05-32-spread	spread	hit	200	1
a05-32-spread	spread	miss	404	392
a05-32-spread	spread	hit	200	3
a05-32-spread	spread	miss	404	451
a06-32-same	same	hit	200	3
a06-32-same	same	miss	404	417
a06-32-same	same	hit	200	1
a06-32-same	same	miss	404	545
a06-32-same	same	hit	200	1
a06-32-same	same	miss	404	522
a06-32-same	same	hit	200	1
a06-32-same	same	miss	404	322
a06-32-same	same	hit	200	1
a06-32-same	same	miss	404	310
a06-32-same	same	hit	200	1
a06-32-same	same	miss	404	373
a06-32-same	same	hit	200	1
a06-32-same	same	miss	404	299
a06-32-same	same	hit	200	1
a06-32-same	same	miss	404	306
a06-32-same	same	hit	200	1
a06-32-same	same	miss	404	396
a06-32-same	same	hit	200	1
a06-32-same	same	miss	404	471
a06-32-same	same	hit	200	1
a06-32-same	same	miss	404	394
a06-32-same	same	hit	200	1
a06-32-same	same	miss	404	490
a06-32-same	same	hit	200	1
a06-32-same	same	miss	404	403
a06-32-same	same	hit	200	1
a06-32-same	same	miss	404	427
a06-32-same	same	hit	200	1
a06-32-same	same	miss	404	412
a06-32-same	same	hit	200	1
a06-32-same	same	miss	404	378
a06-32-same	same	hit	200	1
a06-32-same	same	miss	404	493
a06-32-same	same	hit	200	1
a06-32-same	same	miss	404	440
a06-32-same	same	hit	200	1
a06-32-same	same	miss	404	354
a06-32-same	same	hit	200	1
a06-32-same	same	miss	404	391
a06-32-same	same	hit	200	1
a06-32-same	same	miss	404	349
a06-32-same	same	hit	200	1
a06-32-same	same	miss	404	438
a06-32-same	same	hit	200	1
a06-32-same	same	miss	404	651
a06-32-same	same	hit	200	1
a06-32-same	same	miss	404	328
a06-32-same	same	hit	200	1
a06-32-same	same	miss	404	463
a06-32-same	same	hit	200	1
a06-32-same	same	miss	404	497
a06-32-same	same	hit	200	1
a06-32-same	same	miss	404	532
a06-32-same	same	hit	200	1
a06-32-same	same	miss	404	504
a06-32-same	same	hit	200	2
a06-32-same	same	miss	404	337
a06-32-same	same	hit	200	2
a06-32-same	same	miss	404	553
a06-32-same	same	hit	200	1
a06-32-same	same	miss	404	449
a06-32-same	same	hit	200	1
a06-32-same	same	miss	404	511
a06-32-same	same	hit	200	1
a06-32-same	same	miss	404	265
a06-32-same	same	hit	200	1
a06-32-same	same	miss	404	305
a06-32-same	same	hit	200	1
a06-32-same	same	miss	404	376
a06-32-same	same	hit	200	1
a06-32-same	same	miss	404	563
a06-32-same	same	hit	200	1
a06-32-same	same	miss	404	534
a06-32-same	same	hit	200	1
a06-32-same	same	miss	404	405
a06-32-same	same	hit	200	1
a06-32-same	same	miss	404	425
a06-32-same	same	hit	200	1
a06-32-same	same	miss	404	314
a06-32-same	same	hit	200	3
a06-32-same	same	miss	404	415
a06-32-same	same	hit	200	1
a06-32-same	same	miss	404	426
a06-32-same	same	hit	200	1
a06-32-same	same	miss	404	405
a06-32-same	same	hit	200	1
a06-32-same	same	miss	404	498
a06-32-same	same	hit	200	1
a06-32-same	same	miss	404	494
a06-32-same	same	hit	200	1
a06-32-same	same	miss	404	511
a06-32-same	same	hit	200	1
a06-32-same	same	miss	404	406
a06-32-same	same	hit	200	1
a06-32-same	same	miss	404	449
a06-32-same	same	hit	200	1
a06-32-same	same	miss	404	448
a06-32-same	same	hit	200	1
a06-32-same	same	miss	404	394
a06-32-same	same	hit	200	1
a06-32-same	same	miss	404	270
a06-32-same	same	hit	200	1
a06-32-same	same	miss	404	395
a06-32-same	same	hit	200	1
a06-32-same	same	miss	404	472
a06-32-same	same	hit	200	1
a06-32-same	same	miss	404	388
a06-32-same	same	hit	200	1
a06-32-same	same	miss	404	501
a06-32-same	same	hit	200	1
a06-32-same	same	miss	404	250
a06-32-same	same	hit	200	1
a06-32-same	same	miss	404	437
a06-32-same	same	hit	200	1
a06-32-same	same	miss	404	335
a06-32-same	same	hit	200	1
a06-32-same	same	miss	404	382
a06-32-same	same	hit	200	1
a06-32-same	same	miss	404	399
a06-32-same	same	hit	200	1
a06-32-same	same	miss	404	422
a06-32-same	same	hit	200	1
a06-32-same	same	miss	404	413
a06-32-same	same	hit	200	1
a06-32-same	same	miss	404	243
a06-32-same	same	hit	200	1
a06-32-same	same	miss	404	546
a06-32-same	same	hit	200	1
a06-32-same	same	miss	404	444
a06-32-same	same	hit	200	1
a06-32-same	same	miss	404	356
a06-32-same	same	hit	200	1
a06-32-same	same	miss	404	464
a06-32-same	same	hit	200	1
a06-32-same	same	miss	404	511
a06-32-same	same	hit	200	1
a06-32-same	same	miss	404	426
a06-32-same	same	hit	200	1
a06-32-same	same	miss	404	476
a06-32-same	same	hit	200	1
a06-32-same	same	miss	404	465
a06-32-same	same	hit	200	1
a06-32-same	same	miss	404	378
a06-32-same	same	hit	200	1
a06-32-same	same	miss	404	366
a06-32-same	same	hit	200	1
a06-32-same	same	miss	404	364
a06-32-same	same	hit	200	2
a06-32-same	same	miss	404	440
a06-32-same	same	hit	200	4
a06-32-same	same	miss	404	460
a06-32-same	same	hit	200	1
a06-32-same	same	miss	404	573
a06-32-same	same	hit	200	1
a06-32-same	same	miss	404	441
a06-32-same	same	hit	200	1
a06-32-same	same	miss	404	466
a06-32-same	same	hit	200	2
a06-32-same	same	miss	404	416
a06-32-same	same	hit	200	2
a06-32-same	same	miss	404	326
a06-32-same	same	hit	200	2
a06-32-same	same	miss	404	469
a06-32-same	same	hit	200	1
a06-32-same	same	miss	404	428
a06-32-same	same	hit	200	1
a06-32-same	same	miss	404	347
a06-32-same	same	hit	200	1
a06-32-same	same	miss	404	458
a06-32-same	same	hit	200	1
a06-32-same	same	miss	404	414
a06-32-same	same	hit	200	1
a06-32-same	same	miss	404	366
a06-32-same	same	hit	200	1
a06-32-same	same	miss	404	340
a06-32-same	same	hit	200	1
a06-32-same	same	miss	404	507
a06-32-same	same	hit	200	1
a06-32-same	same	miss	404	397
a06-32-same	same	hit	200	1
a06-32-same	same	miss	404	414
a06-32-same	same	hit	200	1
a06-32-same	same	miss	404	437
a06-32-same	same	hit	200	1
a06-32-same	same	miss	404	459
a06-32-same	same	hit	200	1
a06-32-same	same	miss	404	363
a06-32-same	same	hit	200	1
a06-32-same	same	miss	404	599
a06-32-same	same	hit	200	1
a06-32-same	same	miss	404	469
a06-32-same	same	hit	200	1
a06-32-same	same	miss	404	513
a06-32-same	same	hit	200	2
a06-32-same	same	miss	404	479
a06-32-same	same	hit	200	1
a06-32-same	same	miss	404	462
a06-32-same	same	hit	200	1
a06-32-same	same	miss	404	522
a06-32-same	same	hit	200	1
a06-32-same	same	miss	404	465
a06-32-same	same	hit	200	1
a06-32-same	same	miss	404	533
a06-32-same	same	hit	200	1
a06-32-same	same	miss	404	519
a06-32-same	same	hit	200	1
a06-32-same	same	miss	404	180
a06-32-same	same	hit	200	1
a06-32-same	same	miss	404	517
a06-32-same	same	hit	200	1
a06-32-same	same	miss	404	391
a06-32-same	same	hit	200	1
a06-32-same	same	miss	404	485
a06-32-same	same	hit	200	1
a06-32-same	same	miss	404	422
a06-32-same	same	hit	200	1
a06-32-same	same	miss	404	501
a06-32-same	same	hit	200	1
a06-32-same	same	miss	404	181
a06-32-same	same	hit	200	1
a06-32-same	same	miss	404	504
a06-32-same	same	hit	200	1
a06-32-same	same	miss	404	345
a06-32-same	same	hit	200	1
a06-32-same	same	miss	404	357
a06-32-same	same	hit	200	1
a06-32-same	same	miss	404	341
a06-32-same	same	hit	200	1
a06-32-same	same	miss	404	322
a06-32-same	same	hit	200	1
a06-32-same	same	miss	404	416
a06-32-same	same	hit	200	1
a06-32-same	same	miss	404	515
a06-32-same	same	hit	200	1
a06-32-same	same	miss	404	283
a06-32-same	same	hit	200	1
a06-32-same	same	miss	404	495
a06-32-same	same	hit	200	1
a06-32-same	same	miss	404	349
a06-32-same	same	hit	200	1
a06-32-same	same	miss	404	409
a06-32-same	same	hit	200	1
a06-32-same	same	miss	404	571
a06-32-same	same	hit	200	1
a06-32-same	same	miss	404	421
a06-32-same	same	hit	200	1
a06-32-same	same	miss	404	251
a06-32-same	same	hit	200	1
a06-32-same	same	miss	404	448
a06-32-same	same	hit	200	1
a06-32-same	same	miss	404	494
a06-32-same	same	hit	200	1
a06-32-same	same	miss	404	518
a06-32-same	same	hit	200	1
a06-32-same	same	miss	404	395
a06-32-same	same	hit	200	1
a06-32-same	same	miss	404	314
a06-32-same	same	hit	200	1
a06-32-same	same	miss	404	424
a06-32-same	same	hit	200	1
a06-32-same	same	miss	404	413
a06-32-same	same	hit	200	1
a06-32-same	same	miss	404	383
a06-32-same	same	hit	200	1
a06-32-same	same	miss	404	489
a06-32-same	same	hit	200	1
a06-32-same	same	miss	404	466
a06-32-same	same	hit	200	1
a06-32-same	same	miss	404	202
a06-32-same	same	hit	200	1
a06-32-same	same	miss	404	419
a06-32-same	same	hit	200	1
a06-32-same	same	miss	404	459
a06-32-same	same	hit	200	1
a06-32-same	same	miss	404	308
a06-32-same	same	hit	200	1
a06-32-same	same	miss	404	450
a06-32-same	same	hit	200	2
a06-32-same	same	miss	404	548
a06-32-same	same	hit	200	1
a06-32-same	same	miss	404	450
a06-32-same	same	hit	200	1
a06-32-same	same	miss	404	351
a06-32-same	same	hit	200	2
a06-32-same	same	miss	404	607
a06-32-same	same	hit	200	1
a06-32-same	same	miss	404	201
a06-32-same	same	hit	200	1
a06-32-same	same	miss	404	381
a06-32-same	same	hit	200	1
a06-32-same	same	miss	404	444
a06-32-same	same	hit	200	1
a06-32-same	same	miss	404	529
a06-32-same	same	hit	200	1
a06-32-same	same	miss	404	392
a06-32-same	same	hit	200	1
a06-32-same	same	miss	404	364
a06-32-same	same	hit	200	1
a06-32-same	same	miss	404	520
a06-32-same	same	hit	200	1
a06-32-same	same	miss	404	221
a06-32-same	same	hit	200	1
a06-32-same	same	miss	404	412
a06-32-same	same	hit	200	1
a06-32-same	same	miss	404	547
a06-32-same	same	hit	200	1
a06-32-same	same	miss	404	399
a06-32-same	same	hit	200	1
a06-32-same	same	miss	404	424
a06-32-same	same	hit	200	1
a06-32-same	same	miss	404	337
a06-32-same	same	hit	200	1
a06-32-same	same	miss	404	468
a06-32-same	same	hit	200	1
a06-32-same	same	miss	404	388
a06-32-same	same	hit	200	1
a06-32-same	same	miss	404	465
a06-32-same	same	hit	200	1
a06-32-same	same	miss	404	116
a06-32-same	same	hit	200	2
a06-32-same	same	miss	404	454
a06-32-same	same	hit	200	1
a06-32-same	same	miss	404	409
a06-32-same	same	hit	200	1
a06-32-same	same	miss	404	462
a06-32-same	same	hit	200	1
a06-32-same	same	miss	404	449
a06-32-same	same	hit	200	1
a06-32-same	same	miss	404	350
a06-32-same	same	hit	200	1
a06-32-same	same	miss	404	381
a06-32-same	same	hit	200	1
a06-32-same	same	miss	404	262
a06-32-same	same	hit	200	1
a06-32-same	same	miss	404	486
a06-32-same	same	hit	200	1
a06-32-same	same	miss	404	409
a06-32-same	same	hit	200	1
a06-32-same	same	miss	404	394
a06-32-same	same	hit	200	1
a06-32-same	same	miss	404	430
a06-32-same	same	hit	200	1
a06-32-same	same	miss	404	512
a06-32-same	same	hit	200	1
a06-32-same	same	miss	404	404
a06-32-same	same	hit	200	1
a06-32-same	same	miss	404	298
a06-32-same	same	hit	200	1
a06-32-same	same	miss	404	278
a06-32-same	same	hit	200	1
a06-32-same	same	miss	404	517
a06-32-same	same	hit	200	1
a06-32-same	same	miss	404	634
a06-32-same	same	hit	200	1
a06-32-same	same	miss	404	483
a06-32-same	same	hit	200	1
a06-32-same	same	miss	404	349
a06-32-same	same	hit	200	1
a06-32-same	same	miss	404	529
a06-32-same	same	hit	200	1
a06-32-same	same	miss	404	515
a06-32-same	same	hit	200	1
a06-32-same	same	miss	404	476
a06-32-same	same	hit	200	1
a06-32-same	same	miss	404	551
a06-32-same	same	hit	200	1
a06-32-same	same	miss	404	545
a06-32-same	same	hit	200	1
a06-32-same	same	miss	404	495
a06-32-same	same	hit	200	2
a06-32-same	same	miss	404	294
a06-32-same	same	hit	200	1
a06-32-same	same	miss	404	405
a06-32-same	same	hit	200	1
a06-32-same	same	miss	404	252
a06-32-same	same	hit	200	1
a06-32-same	same	miss	404	470
a06-32-same	same	hit	200	1
a06-32-same	same	miss	404	433
a06-32-same	same	hit	200	1
a06-32-same	same	miss	404	331
a06-32-same	same	hit	200	1
a06-32-same	same	miss	404	446
a06-32-same	same	hit	200	1
a06-32-same	same	miss	404	283
a06-32-same	same	hit	200	1
a06-32-same	same	miss	404	328
a06-32-same	same	hit	200	1
a06-32-same	same	miss	404	445
a06-32-same	same	hit	200	1
a06-32-same	same	miss	404	215
a06-32-same	same	hit	200	1
a06-32-same	same	miss	404	387
a06-32-same	same	hit	200	1
a06-32-same	same	miss	404	454
a06-32-same	same	hit	200	1
a06-32-same	same	miss	404	376
a06-32-same	same	hit	200	1
a06-32-same	same	miss	404	510
a06-32-same	same	hit	200	2
a06-32-same	same	miss	404	328
a06-32-same	same	hit	200	2
a06-32-same	same	miss	404	406
a06-32-same	same	hit	200	1
a06-32-same	same	miss	404	411
a06-32-same	same	hit	200	1
a06-32-same	same	miss	404	383
a06-32-same	same	hit	200	1
a06-32-same	same	miss	404	215
a06-32-same	same	hit	200	1
a06-32-same	same	miss	404	464
a06-32-same	same	hit	200	1
a06-32-same	same	miss	404	399
a06-32-same	same	hit	200	1
a06-32-same	same	miss	404	378
a06-32-same	same	hit	200	1
a06-32-same	same	miss	404	453
a06-32-same	same	hit	200	1
a06-32-same	same	miss	404	432
a06-32-same	same	hit	200	1
a06-32-same	same	miss	404	361
a06-32-same	same	hit	200	1
a06-32-same	same	miss	404	473
a06-32-same	same	hit	200	1
a06-32-same	same	miss	404	426
a06-32-same	same	hit	200	1
a06-32-same	same	miss	404	423
a06-32-same	same	hit	200	1
a06-32-same	same	miss	404	190
a06-32-same	same	hit	200	1
a06-32-same	same	miss	404	466
a06-32-same	same	hit	200	1
a06-32-same	same	miss	404	449
a06-32-same	same	hit	200	1
a06-32-same	same	miss	404	457
a06-32-same	same	hit	200	1
a06-32-same	same	miss	404	489
a06-32-same	same	hit	200	1
a06-32-same	same	miss	404	422
a06-32-same	same	hit	200	1
a06-32-same	same	miss	404	440
a06-32-same	same	hit	200	1
a06-32-same	same	miss	404	424
a06-32-same	same	hit	200	1
a06-32-same	same	miss	404	395
a06-32-same	same	hit	200	1
a06-32-same	same	miss	404	489
a06-32-same	same	hit	200	1
a06-32-same	same	miss	404	438
a06-32-same	same	hit	200	1
a06-32-same	same	miss	404	370
a06-32-same	same	hit	200	1
a06-32-same	same	miss	404	523
a06-32-same	same	hit	200	1
a06-32-same	same	miss	404	467
a06-32-same	same	hit	200	1
a06-32-same	same	miss	404	373
a06-32-same	same	hit	200	1
a06-32-same	same	miss	404	473
a06-32-same	same	hit	200	1
a06-32-same	same	miss	404	310
a06-32-same	same	hit	200	1
a06-32-same	same	miss	404	394
a06-32-same	same	hit	200	1
a06-32-same	same	miss	404	352
a06-32-same	same	hit	200	2
a06-32-same	same	miss	404	378
a06-32-same	same	hit	200	2
a06-32-same	same	miss	404	232
a06-32-same	same	hit	200	1
a06-32-same	same	miss	404	307
a06-32-same	same	hit	200	1
a06-32-same	same	miss	404	494
a06-32-same	same	hit	200	1
a06-32-same	same	miss	404	485
a06-32-same	same	hit	200	1
a06-32-same	same	miss	404	400
a06-32-same	same	hit	200	1
a06-32-same	same	miss	404	417
a06-32-same	same	hit	200	2
a06-32-same	same	miss	404	486
a06-32-same	same	hit	200	1
a06-32-same	same	miss	404	443
a06-32-same	same	hit	200	1
a06-32-same	same	miss	404	359
a06-32-same	same	hit	200	1
a06-32-same	same	miss	404	179
a06-32-same	same	hit	200	1
a06-32-same	same	miss	404	437
a06-32-same	same	hit	200	1
a06-32-same	same	miss	404	518
a06-32-same	same	hit	200	1
a06-32-same	same	miss	404	345
a06-32-same	same	hit	200	1
a06-32-same	same	miss	404	409
a06-32-same	same	hit	200	1
a06-32-same	same	miss	404	351
a06-32-same	same	hit	200	1
a06-32-same	same	miss	404	488
a06-32-same	same	hit	200	2
a06-32-same	same	miss	404	182
a06-32-same	same	hit	200	1
a06-32-same	same	miss	404	361
a06-32-same	same	hit	200	1
a06-32-same	same	miss	404	493
a06-32-same	same	hit	200	1
a06-32-same	same	miss	404	161
a06-32-same	same	hit	200	1
a06-32-same	same	miss	404	423
a06-32-same	same	hit	200	1
a06-32-same	same	miss	404	526
a06-32-same	same	hit	200	1
a06-32-same	same	miss	404	396
a06-32-same	same	hit	200	1
a06-32-same	same	miss	404	168
a06-32-same	same	hit	200	1
a06-32-same	same	miss	404	406
a06-32-same	same	hit	200	2
a06-32-same	same	miss	404	180
a06-32-same	same	hit	200	1
a06-32-same	same	miss	404	441
a06-32-same	same	hit	200	2
a06-32-same	same	miss	404	213
a06-32-same	same	hit	200	2
a06-32-same	same	miss	404	469
a06-32-same	same	hit	200	1
a06-32-same	same	miss	404	409
a06-32-same	same	hit	200	1
a06-32-same	same	miss	404	348
a06-32-same	same	hit	200	1
a06-32-same	same	miss	404	329
a06-32-same	same	hit	200	1
a06-32-same	same	miss	404	312
a06-32-same	same	hit	200	1
a06-32-same	same	miss	404	397
a06-32-same	same	hit	200	1
a06-32-same	same	miss	404	479
a06-32-same	same	hit	200	1
a06-32-same	same	miss	404	588
a06-32-same	same	hit	200	4
a06-32-same	same	miss	404	488
a06-32-same	same	hit	200	1
a06-32-same	same	miss	404	288
a06-32-same	same	hit	200	2
a06-32-same	same	miss	404	485
a06-32-same	same	hit	200	1
a06-32-same	same	miss	404	447
a06-32-same	same	hit	200	1
a06-32-same	same	miss	404	479
a06-32-same	same	hit	200	1
a06-32-same	same	miss	404	501
a06-32-same	same	hit	200	1
a06-32-same	same	miss	404	457
a06-32-same	same	hit	200	1
a06-32-same	same	miss	404	320
a06-32-same	same	hit	200	1
a06-32-same	same	miss	404	228
a06-32-same	same	hit	200	1
a06-32-same	same	miss	404	575
a06-32-same	same	hit	200	2
a06-32-same	same	miss	404	223
a06-32-same	same	hit	200	1
a06-32-same	same	miss	404	524
a06-32-same	same	hit	200	1
a06-32-same	same	miss	404	360
a06-32-same	same	hit	200	1
a06-32-same	same	miss	404	549
a06-32-same	same	hit	200	1
a06-32-same	same	miss	404	446
a06-32-same	same	hit	200	1
a06-32-same	same	miss	404	433
a06-32-same	same	hit	200	1
a06-32-same	same	miss	404	458
a06-32-same	same	hit	200	1
a06-32-same	same	miss	404	277
a06-32-same	same	hit	200	1
a06-32-same	same	miss	404	447
a06-32-same	same	hit	200	1
a06-32-same	same	miss	404	345
a06-32-same	same	hit	200	1
a06-32-same	same	miss	404	355
a06-32-same	same	hit	200	1
a06-32-same	same	miss	404	471
a06-32-same	same	hit	200	1
a06-32-same	same	miss	404	356
a06-32-same	same	hit	200	1
a06-32-same	same	miss	404	336
a06-32-same	same	hit	200	1
a06-32-same	same	miss	404	404
a06-32-same	same	hit	200	2
a06-32-same	same	miss	404	458
a06-32-same	same	hit	200	1
a06-32-same	same	miss	404	516
a06-32-same	same	hit	200	1
a06-32-same	same	miss	404	333
a06-32-same	same	hit	200	1
a06-32-same	same	miss	404	136
a06-32-same	same	hit	200	1
a06-32-same	same	miss	404	529
a06-32-same	same	hit	200	1
a06-32-same	same	miss	404	465
a06-32-same	same	hit	200	1
a06-32-same	same	miss	404	522
a06-32-same	same	hit	200	1
a06-32-same	same	miss	404	327
a06-32-same	same	hit	200	1
a06-32-same	same	miss	404	351
a06-32-same	same	hit	200	2
a06-32-same	same	miss	404	365
a06-32-same	same	hit	200	1
a06-32-same	same	miss	404	368
a06-32-same	same	hit	200	1
a06-32-same	same	miss	404	251
a06-32-same	same	hit	200	1
a06-32-same	same	miss	404	519
a06-32-same	same	hit	200	1
a06-32-same	same	miss	404	195
a06-32-same	same	hit	200	1
a06-32-same	same	miss	404	471
a06-32-same	same	hit	200	2
a06-32-same	same	miss	404	351
a06-32-same	same	hit	200	1
a06-32-same	same	miss	404	136
a06-32-same	same	hit	200	1
a06-32-same	same	miss	404	364
a06-32-same	same	hit	200	1
a06-32-same	same	miss	404	381
a06-32-same	same	hit	200	1
a06-32-same	same	miss	404	313
a06-32-same	same	hit	200	1
a06-32-same	same	miss	404	415
a06-32-same	same	hit	200	1
a06-32-same	same	miss	404	506
a06-32-same	same	hit	200	1
a06-32-same	same	miss	404	411
a06-32-same	same	hit	200	1
a06-32-same	same	miss	404	291
a06-32-same	same	hit	200	1
a06-32-same	same	miss	404	603
a06-32-same	same	hit	200	1
a06-32-same	same	miss	404	470
a06-32-same	same	hit	200	1
a06-32-same	same	miss	404	466
a06-32-same	same	hit	200	1
a06-32-same	same	miss	404	311
a06-32-same	same	hit	200	1
a06-32-same	same	miss	404	521
a06-32-same	same	hit	200	1
a06-32-same	same	miss	404	464
a06-32-same	same	hit	200	2
a06-32-same	same	miss	404	375
a06-32-same	same	hit	200	1
a06-32-same	same	miss	404	492
a06-32-same	same	hit	200	1
a06-32-same	same	miss	404	493
a06-32-same	same	hit	200	1
a06-32-same	same	miss	404	220
a06-32-same	same	hit	200	1
a06-32-same	same	miss	404	451
a06-32-same	same	hit	200	1
a06-32-same	same	miss	404	431
a06-32-same	same	hit	200	1
a06-32-same	same	miss	404	280
a06-32-same	same	hit	200	1
a06-32-same	same	miss	404	369
a06-32-same	same	hit	200	1
a06-32-same	same	miss	404	532
a06-32-same	same	hit	200	1
a06-32-same	same	miss	404	375
a06-32-same	same	hit	200	1
a06-32-same	same	miss	404	389
a06-32-same	same	hit	200	1
a06-32-same	same	miss	404	328
a06-32-same	same	hit	200	1
a06-32-same	same	miss	404	357
a06-32-same	same	hit	200	1
a06-32-same	same	miss	404	528
a06-32-same	same	hit	200	1
a06-32-same	same	miss	404	503
a06-32-same	same	hit	200	1
a06-32-same	same	miss	404	540
a06-32-same	same	hit	200	1
a06-32-same	same	miss	404	394
a06-32-same	same	hit	200	1
a06-32-same	same	miss	404	345
a06-32-same	same	hit	200	1
a06-32-same	same	miss	404	708
a06-32-same	same	hit	200	1
a06-32-same	same	miss	404	429
a06-32-same	same	hit	200	1
a06-32-same	same	miss	404	451
a06-32-same	same	hit	200	1
a06-32-same	same	miss	404	516
a06-32-same	same	hit	200	2
a06-32-same	same	miss	404	448
a06-32-same	same	hit	200	1
a06-32-same	same	miss	404	458
a06-32-same	same	hit	200	1
a06-32-same	same	miss	404	374
a06-32-same	same	hit	200	1
a06-32-same	same	miss	404	463
a06-32-same	same	hit	200	1
a06-32-same	same	miss	404	310
a06-32-same	same	hit	200	1
a06-32-same	same	miss	404	506
a06-32-same	same	hit	200	1
a06-32-same	same	miss	404	482
a06-32-same	same	hit	200	1
a06-32-same	same	miss	404	433
a06-32-same	same	hit	200	1
a06-32-same	same	miss	404	464
a06-32-same	same	hit	200	1
a06-32-same	same	miss	404	294
a06-32-same	same	hit	200	1
a06-32-same	same	miss	404	399
a06-32-same	same	hit	200	1
a06-32-same	same	miss	404	542
a06-32-same	same	hit	200	1
a06-32-same	same	miss	404	487
a06-32-same	same	hit	200	1
a06-32-same	same	miss	404	348
a06-32-same	same	hit	200	1
a06-32-same	same	miss	404	299
a06-32-same	same	hit	200	1
a06-32-same	same	miss	404	138
a06-32-same	same	hit	200	1
a06-32-same	same	miss	404	420
a06-32-same	same	hit	200	1
a06-32-same	same	miss	404	501
a06-32-same	same	hit	200	1
a06-32-same	same	miss	404	482
a06-32-same	same	hit	200	1
a06-32-same	same	miss	404	478
a06-32-same	same	hit	200	1
a06-32-same	same	miss	404	379
a06-32-same	same	hit	200	1
a06-32-same	same	miss	404	449
a06-32-same	same	hit	200	1
a06-32-same	same	miss	404	458
a06-32-same	same	hit	200	1
a06-32-same	same	miss	404	346
a06-32-same	same	hit	200	1
a06-32-same	same	miss	404	349
a06-32-same	same	hit	200	1
a06-32-same	same	miss	404	374
a06-32-same	same	hit	200	1
a06-32-same	same	miss	404	490
a06-32-same	same	hit	200	1
a06-32-same	same	miss	404	185
a06-32-same	same	hit	200	1
a06-32-same	same	miss	404	332
a06-32-same	same	hit	200	1
a06-32-same	same	miss	404	416
a06-32-same	same	hit	200	1
a06-32-same	same	miss	404	368
a06-32-same	same	hit	200	1
a06-32-same	same	miss	404	327
a06-32-same	same	hit	200	1
a06-32-same	same	miss	404	427
a06-32-same	same	hit	200	1
a06-32-same	same	miss	404	477
a06-32-same	same	hit	200	1
a06-32-same	same	miss	404	269
a06-32-same	same	hit	200	1
a06-32-same	same	miss	404	365
a06-32-same	same	hit	200	1
a06-32-same	same	miss	404	256
a06-32-same	same	hit	200	1
a06-32-same	same	miss	404	352
a06-32-same	same	hit	200	1
a06-32-same	same	miss	404	449
a06-32-same	same	hit	200	1
a06-32-same	same	miss	404	397
a06-32-same	same	hit	200	1
a06-32-same	same	miss	404	431
a06-32-same	same	hit	200	1
a06-32-same	same	miss	404	455
a06-32-same	same	hit	200	1
a06-32-same	same	miss	404	492
a06-32-same	same	hit	200	1
a06-32-same	same	miss	404	551
a06-32-same	same	hit	200	1
a06-32-same	same	miss	404	423
a06-32-same	same	hit	200	1
a06-32-same	same	miss	404	328
a06-32-same	same	hit	200	1
a06-32-same	same	miss	404	452
a06-32-same	same	hit	200	1
a06-32-same	same	miss	404	424
a06-32-same	same	hit	200	1
a06-32-same	same	miss	404	314
a06-32-same	same	hit	200	1
a06-32-same	same	miss	404	568
a06-32-same	same	hit	200	1
a06-32-same	same	miss	404	550
a06-32-same	same	hit	200	1
a06-32-same	same	miss	404	536
a06-32-same	same	hit	200	1
a06-32-same	same	miss	404	373
a06-32-same	same	hit	200	2
a06-32-same	same	miss	404	200
a06-32-same	same	hit	200	2
a06-32-same	same	miss	404	381
a06-32-same	same	hit	200	2
a06-32-same	same	miss	404	592
a06-32-same	same	hit	200	1
a06-32-same	same	miss	404	493
a06-32-same	same	hit	200	1
a06-32-same	same	miss	404	543
a06-32-same	same	hit	200	1
a06-32-same	same	miss	404	426
a06-32-same	same	hit	200	1
a06-32-same	same	miss	404	357
a06-32-same	same	hit	200	1
a06-32-same	same	miss	404	423
a06-32-same	same	hit	200	1
a06-32-same	same	miss	404	400
a06-32-same	same	hit	200	1
a06-32-same	same	miss	404	348
a06-32-same	same	hit	200	1
a06-32-same	same	miss	404	402
a06-32-same	same	hit	200	1
a06-32-same	same	miss	404	323
a06-32-same	same	hit	200	1
a06-32-same	same	miss	404	380
a06-32-same	same	hit	200	1
a06-32-same	same	miss	404	473
a06-32-same	same	hit	200	1
a06-32-same	same	miss	404	264
a06-32-same	same	hit	200	1
a06-32-same	same	miss	404	518
a06-32-same	same	hit	200	1
a06-32-same	same	miss	404	615
a06-32-same	same	hit	200	1
a06-32-same	same	miss	404	428
a06-32-same	same	hit	200	1
a06-32-same	same	miss	404	399
a06-32-same	same	hit	200	1
a06-32-same	same	miss	404	447
a06-32-same	same	hit	200	1
a06-32-same	same	miss	404	374
a06-32-same	same	hit	200	1
a06-32-same	same	miss	404	358
a06-32-same	same	hit	200	1
a06-32-same	same	miss	404	519
a06-32-same	same	hit	200	2
a06-32-same	same	miss	404	437
a06-32-same	same	hit	200	1
a06-32-same	same	miss	404	515
a06-32-same	same	hit	200	1
a06-32-same	same	miss	404	340
a06-32-same	same	hit	200	1
a06-32-same	same	miss	404	364
a06-32-same	same	hit	200	1
a06-32-same	same	miss	404	359
a06-32-same	same	hit	200	1
a06-32-same	same	miss	404	420
a06-32-same	same	hit	200	1
a06-32-same	same	miss	404	389
a06-32-same	same	hit	200	1
a06-32-same	same	miss	404	440
a06-32-same	same	hit	200	1
a06-32-same	same	miss	404	445
a06-32-same	same	hit	200	1
a06-32-same	same	miss	404	446
a06-32-same	same	hit	200	2
a06-32-same	same	miss	404	278
a06-32-same	same	hit	200	2
a06-32-same	same	miss	404	412
a06-32-same	same	hit	200	1
a06-32-same	same	miss	404	421
a06-32-same	same	hit	200	1
a06-32-same	same	miss	404	526
a06-32-same	same	hit	200	1
a06-32-same	same	miss	404	369
a06-32-same	same	hit	200	1
a06-32-same	same	miss	404	465
a06-32-same	same	hit	200	1
a06-32-same	same	miss	404	190
a06-32-same	same	hit	200	1
a06-32-same	same	miss	404	505
a06-32-same	same	hit	200	1
a06-32-same	same	miss	404	490
a06-32-same	same	hit	200	1
a06-32-same	same	miss	404	387
a06-32-same	same	hit	200	1
a06-32-same	same	miss	404	397
a06-32-same	same	hit	200	2
a06-32-same	same	miss	404	442
a06-32-same	same	hit	200	2
a06-32-same	same	miss	404	378
a06-32-same	same	hit	200	1
a06-32-same	same	miss	404	468
a06-32-same	same	hit	200	1
a06-32-same	same	miss	404	595
a06-32-same	same	hit	200	1
a06-32-same	same	miss	404	325
a06-32-same	same	hit	200	1
a06-32-same	same	miss	404	339
a06-32-same	same	hit	200	1
a06-32-same	same	miss	404	485
a06-32-same	same	hit	200	1
a06-32-same	same	miss	404	433
a06-32-same	same	hit	200	1
a06-32-same	same	miss	404	400
a06-32-same	same	hit	200	1
a06-32-same	same	miss	404	139
a06-32-same	same	hit	200	1
a06-32-same	same	miss	404	472
a06-32-same	same	hit	200	1
a06-32-same	same	miss	404	466
a06-32-same	same	hit	200	1
a06-32-same	same	miss	404	510
a06-32-same	same	hit	200	1
a06-32-same	same	miss	404	503
a06-32-same	same	hit	200	1
a06-32-same	same	miss	404	483
a06-32-same	same	hit	200	1
a06-32-same	same	miss	404	192
a06-32-same	same	hit	200	1
a06-32-same	same	miss	404	408
a06-32-same	same	hit	200	1
a06-32-same	same	miss	404	465
a06-32-same	same	hit	200	1
a06-32-same	same	miss	404	414
a06-32-same	same	hit	200	1
a06-32-same	same	miss	404	468
a06-32-same	same	hit	200	1
a06-32-same	same	miss	404	496
a06-32-same	same	hit	200	1
a06-32-same	same	miss	404	461
a06-32-same	same	hit	200	1
a06-32-same	same	miss	404	510
a06-32-same	same	hit	200	1
a06-32-same	same	miss	404	387
a06-32-same	same	hit	200	1
a06-32-same	same	miss	404	308
a06-32-same	same	hit	200	1
a06-32-same	same	miss	404	592
a06-32-same	same	hit	200	1
a06-32-same	same	miss	404	138
a06-32-same	same	hit	200	1
a06-32-same	same	miss	404	146
a06-32-same	same	hit	200	1
a06-32-same	same	miss	404	508
a06-32-same	same	hit	200	1
a06-32-same	same	miss	404	486
a06-32-same	same	hit	200	1
a06-32-same	same	miss	404	401
a06-32-same	same	hit	200	1
a06-32-same	same	miss	404	320
a06-32-same	same	hit	200	1
a06-32-same	same	miss	404	483
a06-32-same	same	hit	200	1
a06-32-same	same	miss	404	485
a06-32-same	same	hit	200	1
a06-32-same	same	miss	404	459
a06-32-same	same	hit	200	1
a06-32-same	same	miss	404	528
a06-32-same	same	hit	200	2
a06-32-same	same	miss	404	470
a06-32-same	same	hit	200	1
a06-32-same	same	miss	404	440
a06-32-same	same	hit	200	1
a06-32-same	same	miss	404	472
a06-32-same	same	hit	200	1
a06-32-same	same	miss	404	484
a06-32-same	same	hit	200	1
a06-32-same	same	miss	404	562
a06-32-same	same	hit	200	1
a06-32-same	same	miss	404	510
a06-32-same	same	hit	200	1
a06-32-same	same	miss	404	396
a06-32-same	same	hit	200	1
a06-32-same	same	miss	404	441
a06-32-same	same	hit	200	1
a06-32-same	same	miss	404	232
a06-32-same	same	hit	200	1
a06-32-same	same	miss	404	463
a06-32-same	same	hit	200	1
a06-32-same	same	miss	404	424
a06-32-same	same	hit	200	1
a06-32-same	same	miss	404	329
a06-32-same	same	hit	200	1
a06-32-same	same	miss	404	532
a06-32-same	same	hit	200	1
a06-32-same	same	miss	404	403
a06-32-same	same	hit	200	1
a06-32-same	same	miss	404	441
a06-32-same	same	hit	200	1
a06-32-same	same	miss	404	417
a06-32-same	same	hit	200	1
a06-32-same	same	miss	404	629
a06-32-same	same	hit	200	1
a06-32-same	same	miss	404	529
a06-32-same	same	hit	200	2
a06-32-same	same	miss	404	389
a06-32-same	same	hit	200	1
a06-32-same	same	miss	404	463
a06-32-same	same	hit	200	1
a06-32-same	same	miss	404	351
a06-32-same	same	hit	200	1
a06-32-same	same	miss	404	462
a06-32-same	same	hit	200	1
a06-32-same	same	miss	404	349
a06-32-same	same	hit	200	2
a06-32-same	same	miss	404	465
a06-32-same	same	hit	200	1
a06-32-same	same	miss	404	503
a06-32-same	same	hit	200	1
a06-32-same	same	miss	404	515
a06-32-same	same	hit	200	1
a06-32-same	same	miss	404	557
a06-32-same	same	hit	200	1
a06-32-same	same	miss	404	483
a06-32-same	same	hit	200	1
a06-32-same	same	miss	404	363
a06-32-same	same	hit	200	1
a06-32-same	same	miss	404	490
a06-32-same	same	hit	200	1
a06-32-same	same	miss	404	366
a06-32-same	same	hit	200	2
a06-32-same	same	miss	404	498
a06-32-same	same	hit	200	1
a06-32-same	same	miss	404	609
a06-32-same	same	hit	200	1
a06-32-same	same	miss	404	376
a06-32-same	same	hit	200	1
a06-32-same	same	miss	404	447
a06-32-same	same	hit	200	1
a06-32-same	same	miss	404	270
a06-32-same	same	hit	200	1
a06-32-same	same	miss	404	381
a06-32-same	same	hit	200	1
a06-32-same	same	miss	404	371
a06-32-same	same	hit	200	1
a06-32-same	same	miss	404	604
a06-32-same	same	hit	200	1
a06-32-same	same	miss	404	473
a06-32-same	same	hit	200	2
a06-32-same	same	miss	404	496
a06-32-same	same	hit	200	1
a06-32-same	same	miss	404	448
a06-32-same	same	hit	200	1
a06-32-same	same	miss	404	481
a06-32-same	same	hit	200	1
a06-32-same	same	miss	404	635
a06-32-same	same	hit	200	2
a06-32-same	same	miss	404	337
a06-32-same	same	hit	200	1
a06-32-same	same	miss	404	448
a06-32-same	same	hit	200	1
a06-32-same	same	miss	404	400
a06-32-same	same	hit	200	1
a06-32-same	same	miss	404	497
a06-32-same	same	hit	200	1
a06-32-same	same	miss	404	570
a06-32-same	same	hit	200	1
a06-32-same	same	miss	404	340
a06-32-same	same	hit	200	1
a06-32-same	same	miss	404	417
a06-32-same	same	hit	200	1
a06-32-same	same	miss	404	465
a06-32-same	same	hit	200	1
a06-32-same	same	miss	404	312
a06-32-same	same	hit	200	1
a06-32-same	same	miss	404	421
a06-32-same	same	hit	200	1
a06-32-same	same	miss	404	544
a06-32-same	same	hit	200	1
a06-32-same	same	miss	404	454
a06-32-same	same	hit	200	1
a06-32-same	same	miss	404	436
a06-32-same	same	hit	200	1
a06-32-same	same	miss	404	263
a06-32-same	same	hit	200	1
a06-32-same	same	miss	404	340
a06-32-same	same	hit	200	1
a06-32-same	same	miss	404	454
a06-32-same	same	hit	200	1
a06-32-same	same	miss	404	187
a06-32-same	same	hit	200	1
a06-32-same	same	miss	404	346
a06-32-same	same	hit	200	1
a06-32-same	same	miss	404	510
a06-32-same	same	hit	200	2
a06-32-same	same	miss	404	470
a06-32-same	same	hit	200	1
a06-32-same	same	miss	404	657
a06-32-same	same	hit	200	1
a06-32-same	same	miss	404	451
a06-32-same	same	hit	200	1
a06-32-same	same	miss	404	271
a06-32-same	same	hit	200	1
a06-32-same	same	miss	404	488
a06-32-same	same	hit	200	1
a06-32-same	same	miss	404	398
a06-32-same	same	hit	200	2
a06-32-same	same	miss	404	496
a06-32-same	same	hit	200	1
a06-32-same	same	miss	404	377
a06-32-same	same	hit	200	1
a06-32-same	same	miss	404	537
a06-32-same	same	hit	200	1
a06-32-same	same	miss	404	474
a06-32-same	same	hit	200	1
a06-32-same	same	miss	404	591
a06-32-same	same	hit	200	1
a06-32-same	same	miss	404	533
a06-32-same	same	hit	200	1
a06-32-same	same	miss	404	427
a06-32-same	same	hit	200	1
a06-32-same	same	miss	404	600
a06-32-same	same	hit	200	1
a06-32-same	same	miss	404	422
a06-32-same	same	hit	200	2
a06-32-same	same	miss	404	355
a06-32-same	same	hit	200	1
a06-32-same	same	miss	404	457
a06-32-same	same	hit	200	1
a06-32-same	same	miss	404	401
a06-32-same	same	hit	200	1
a06-32-same	same	miss	404	441
a06-32-same	same	hit	200	1
a06-32-same	same	miss	404	534
a06-32-same	same	hit	200	1
a06-32-same	same	miss	404	708
a06-32-same	same	hit	200	1
a06-32-same	same	miss	404	376
a06-32-same	same	hit	200	1
a06-32-same	same	miss	404	382
a06-32-same	same	hit	200	1
a06-32-same	same	miss	404	552
a06-32-same	same	hit	200	2
a06-32-same	same	miss	404	472
a06-32-same	same	hit	200	1
a06-32-same	same	miss	404	452
a06-32-same	same	hit	200	1
a06-32-same	same	miss	404	356
a06-32-same	same	hit	200	1
a06-32-same	same	miss	404	449
a06-32-same	same	hit	200	1
a06-32-same	same	miss	404	394
a06-32-same	same	hit	200	1
a06-32-same	same	miss	404	327
a06-32-same	same	hit	200	1
a06-32-same	same	miss	404	526
a06-32-same	same	hit	200	1
a06-32-same	same	miss	404	378
a06-32-same	same	hit	200	1
a06-32-same	same	miss	404	461
a06-32-same	same	hit	200	1
a06-32-same	same	miss	404	433
a06-32-same	same	hit	200	2
a06-32-same	same	miss	404	571
a06-32-same	same	hit	200	6
a06-32-same	same	miss	404	183
a06-32-same	same	hit	200	2
a06-32-same	same	miss	404	295
a06-32-same	same	hit	200	1
a06-32-same	same	miss	404	422
a06-32-same	same	hit	200	1
a06-32-same	same	miss	404	399
a06-32-same	same	hit	200	2
a06-32-same	same	miss	404	350
a06-32-same	same	hit	200	1
a06-32-same	same	miss	404	188
a06-32-same	same	hit	200	1
a06-32-same	same	miss	404	323
a06-32-same	same	hit	200	1
a06-32-same	same	miss	404	514
a06-32-same	same	hit	200	1
a06-32-same	same	miss	404	356
a06-32-same	same	hit	200	1
a06-32-same	same	miss	404	587
a06-32-same	same	hit	200	1
a06-32-same	same	miss	404	435
a06-32-same	same	hit	200	1
a06-32-same	same	miss	404	431
a06-32-same	same	hit	200	1
a06-32-same	same	miss	404	346
a06-32-same	same	hit	200	1
a06-32-same	same	miss	404	425
a06-32-same	same	hit	200	1
a06-32-same	same	miss	404	421
a06-32-same	same	hit	200	1
a06-32-same	same	miss	404	353
a06-32-same	same	hit	200	1
a06-32-same	same	miss	404	480
a06-32-same	same	hit	200	1
a06-32-same	same	miss	404	461
a06-32-same	same	hit	200	1
a06-32-same	same	miss	404	426
a06-32-same	same	hit	200	1
a06-32-same	same	miss	404	432
a06-32-same	same	hit	200	1
a06-32-same	same	miss	404	330
a06-32-same	same	hit	200	1
a06-32-same	same	miss	404	527
a06-32-same	same	hit	200	1
a06-32-same	same	miss	404	369
a06-32-same	same	hit	200	2
a06-32-same	same	miss	404	384
a06-32-same	same	hit	200	1
a06-32-same	same	miss	404	476
a06-32-same	same	hit	200	1
a06-32-same	same	miss	404	442
a06-32-same	same	hit	200	1
a06-32-same	same	miss	404	451
a06-32-same	same	hit	200	1
a06-32-same	same	miss	404	342
a06-32-same	same	hit	200	1
a06-32-same	same	miss	404	300
a06-32-same	same	hit	200	1
a06-32-same	same	miss	404	476
a06-32-same	same	hit	200	1
a06-32-same	same	miss	404	444
a06-32-same	same	hit	200	1
a06-32-same	same	miss	404	355
a06-32-same	same	hit	200	1
a06-32-same	same	miss	404	458
a06-32-same	same	hit	200	1
a06-32-same	same	miss	404	148
a06-32-same	same	hit	200	1
a06-32-same	same	miss	404	387
a06-32-same	same	hit	200	1
a06-32-same	same	miss	404	388
a06-32-same	same	hit	200	1
a06-32-same	same	miss	404	376
a06-32-same	same	hit	200	1
a06-32-same	same	miss	404	507
a06-32-same	same	hit	200	1
a06-32-same	same	miss	404	457
a06-32-same	same	hit	200	1
a06-32-same	same	miss	404	646
a06-32-same	same	hit	200	1
a06-32-same	same	miss	404	503
a06-32-same	same	hit	200	1
a06-32-same	same	miss	404	514
a06-32-same	same	hit	200	1
a06-32-same	same	miss	404	490
a06-32-same	same	hit	200	1
a06-32-same	same	miss	404	361
a06-32-same	same	hit	200	1
a06-32-same	same	miss	404	517
a06-32-same	same	hit	200	1
a06-32-same	same	miss	404	347
a06-32-same	same	hit	200	1
a06-32-same	same	miss	404	359
a06-32-same	same	hit	200	1
a06-32-same	same	miss	404	494
a06-32-same	same	hit	200	1
a06-32-same	same	miss	404	340
a06-32-same	same	hit	200	1
a06-32-same	same	miss	404	405
a06-32-same	same	hit	200	1
a06-32-same	same	miss	404	385
a06-32-same	same	hit	200	1
a06-32-same	same	miss	404	584
a06-32-same	same	hit	200	1
a06-32-same	same	miss	404	455
a06-32-same	same	hit	200	1
a06-32-same	same	miss	404	442
a06-32-same	same	hit	200	1
a06-32-same	same	miss	404	484
a06-32-same	same	hit	200	1
a06-32-same	same	miss	404	124
a06-32-same	same	hit	200	1
a06-32-same	same	miss	404	502
a06-32-same	same	hit	200	1
a06-32-same	same	miss	404	431
a06-32-same	same	hit	200	1
a06-32-same	same	miss	404	524
a06-32-same	same	hit	200	1
a06-32-same	same	miss	404	807
a06-32-same	same	hit	200	1
a06-32-same	same	miss	404	389
a06-32-same	same	hit	200	1
a06-32-same	same	miss	404	349
a06-32-same	same	hit	200	2
a06-32-same	same	miss	404	474
a06-32-same	same	hit	200	1
a06-32-same	same	miss	404	474
a06-32-same	same	hit	200	1
a06-32-same	same	miss	404	516
a06-32-same	same	hit	200	1
a06-32-same	same	miss	404	334
a06-32-same	same	hit	200	1
a06-32-same	same	miss	404	379
a06-32-same	same	hit	200	1
a06-32-same	same	miss	404	462
a06-32-same	same	hit	200	1
a06-32-same	same	miss	404	458
a06-32-same	same	hit	200	1
a06-32-same	same	miss	404	231
a06-32-same	same	hit	200	1
a06-32-same	same	miss	404	434
a06-32-same	same	hit	200	1
a06-32-same	same	miss	404	516
a06-32-same	same	hit	200	1
a06-32-same	same	miss	404	340
a06-32-same	same	hit	200	2
a06-32-same	same	miss	404	486
a06-32-same	same	hit	200	1
a06-32-same	same	miss	404	385
a06-32-same	same	hit	200	1
a06-32-same	same	miss	404	357
a06-32-same	same	hit	200	1
a06-32-same	same	miss	404	489
a06-32-same	same	hit	200	1
a06-32-same	same	miss	404	513
a06-32-same	same	hit	200	1
a06-32-same	same	miss	404	441
a06-32-same	same	hit	200	1
a06-32-same	same	miss	404	421
a06-32-same	same	hit	200	1
a06-32-same	same	miss	404	445
a06-32-same	same	hit	200	1
a06-32-same	same	miss	404	173
a06-32-same	same	hit	200	1
a06-32-same	same	miss	404	322
a06-32-same	same	hit	200	1
a06-32-same	same	miss	404	512
a06-32-same	same	hit	200	1
a06-32-same	same	miss	404	487
a06-32-same	same	hit	200	1
a06-32-same	same	miss	404	522
a06-32-same	same	hit	200	2
a06-32-same	same	miss	404	456
a06-32-same	same	hit	200	1
a06-32-same	same	miss	404	520
a06-32-same	same	hit	200	1
a06-32-same	same	miss	404	353
a06-32-same	same	hit	200	1
a06-32-same	same	miss	404	444
a06-32-same	same	hit	200	1
a06-32-same	same	miss	404	441
a06-32-same	same	hit	200	1
a06-32-same	same	miss	404	594
a06-32-same	same	hit	200	1
a06-32-same	same	miss	404	346
a06-32-same	same	hit	200	1
a06-32-same	same	miss	404	439
a06-32-same	same	hit	200	1
a06-32-same	same	miss	404	414
a06-32-same	same	hit	200	1
a06-32-same	same	miss	404	445
a06-32-same	same	hit	200	1
a06-32-same	same	miss	404	535
a06-32-same	same	hit	200	1
a06-32-same	same	miss	404	219
a06-32-same	same	hit	200	1
a06-32-same	same	miss	404	404
a06-32-same	same	hit	200	1
a06-32-same	same	miss	404	386
a06-32-same	same	hit	200	1
a06-32-same	same	miss	404	383
a06-32-same	same	hit	200	1
a06-32-same	same	miss	404	449
a06-32-same	same	hit	200	2
a06-32-same	same	miss	404	428
a06-32-same	same	hit	200	2
a06-32-same	same	miss	404	454
a06-32-same	same	hit	200	2
a06-32-same	same	miss	404	470
a06-32-same	same	hit	200	1
a06-32-same	same	miss	404	450
a06-32-same	same	hit	200	1
a06-32-same	same	miss	404	505
a06-32-same	same	hit	200	1
a06-32-same	same	miss	404	499
a06-32-same	same	hit	200	1
a06-32-same	same	miss	404	338
a06-32-same	same	hit	200	1
a06-32-same	same	miss	404	498
a06-32-same	same	hit	200	1
a06-32-same	same	miss	404	411
a06-32-same	same	hit	200	1
a06-32-same	same	miss	404	468
a06-32-same	same	hit	200	1
a06-32-same	same	miss	404	432
a06-32-same	same	hit	200	1
a06-32-same	same	miss	404	338
a06-32-same	same	hit	200	1
a06-32-same	same	miss	404	432
a06-32-same	same	hit	200	1
a06-32-same	same	miss	404	771
a06-32-same	same	hit	200	1
a06-32-same	same	miss	404	406
a06-32-same	same	hit	200	1
a06-32-same	same	miss	404	467
a06-32-same	same	hit	200	1
a06-32-same	same	miss	404	426
a06-32-same	same	hit	200	1
a06-32-same	same	miss	404	527
a06-32-same	same	hit	200	1
a06-32-same	same	miss	404	320
a06-32-same	same	hit	200	1
a06-32-same	same	miss	404	387
a06-32-same	same	hit	200	1
a06-32-same	same	miss	404	404
a06-32-same	same	hit	200	1
a06-32-same	same	miss	404	452
a06-32-same	same	hit	200	1
a06-32-same	same	miss	404	520
a06-32-same	same	hit	200	1
a06-32-same	same	miss	404	405
a06-32-same	same	hit	200	1
a06-32-same	same	miss	404	585
a06-32-same	same	hit	200	1
a06-32-same	same	miss	404	141
a06-32-same	same	hit	200	1
a06-32-same	same	miss	404	401
a06-32-same	same	hit	200	1
a06-32-same	same	miss	404	406
a06-32-same	same	hit	200	1
a06-32-same	same	miss	404	439
a06-32-same	same	hit	200	1
a06-32-same	same	miss	404	427
a06-32-same	same	hit	200	1
a06-32-same	same	miss	404	465
a06-32-same	same	hit	200	1
a06-32-same	same	miss	404	483
a06-32-same	same	hit	200	2
a06-32-same	same	miss	404	520
a06-32-same	same	hit	200	1
a06-32-same	same	miss	404	401
a06-32-same	same	hit	200	1
a06-32-same	same	miss	404	381
a06-32-same	same	hit	200	1
a06-32-same	same	miss	404	523
a06-32-same	same	hit	200	1
a06-32-same	same	miss	404	289
a06-32-same	same	hit	200	1
a06-32-same	same	miss	404	301
a06-32-same	same	hit	200	1
a06-32-same	same	miss	404	462
a06-32-same	same	hit	200	1
a06-32-same	same	miss	404	418
a06-32-same	same	hit	200	2
a06-32-same	same	miss	404	385
a06-32-same	same	hit	200	2
a06-32-same	same	miss	404	522
a06-32-same	same	hit	200	1
a06-32-same	same	miss	404	392
a06-32-same	same	hit	200	1
a06-32-same	same	miss	404	593
a06-32-same	same	hit	200	1
a06-32-same	same	miss	404	444
a06-32-same	same	hit	200	1
a06-32-same	same	miss	404	467
a06-32-same	same	hit	200	1
a06-32-same	same	miss	404	142
a06-32-same	same	hit	200	1
a06-32-same	same	miss	404	451
a06-32-same	same	hit	200	1
a06-32-same	same	miss	404	508
a06-32-same	same	hit	200	1
a06-32-same	same	miss	404	392
a06-32-same	same	hit	200	1
a06-32-same	same	miss	404	435
a06-32-same	same	hit	200	1
a06-32-same	same	miss	404	338
a06-32-same	same	hit	200	3
a06-32-same	same	miss	404	426
a06-32-same	same	hit	200	1
a06-32-same	same	miss	404	393
a06-32-same	same	hit	200	1
a06-32-same	same	miss	404	553
a06-32-same	same	hit	200	1
a06-32-same	same	miss	404	441
a06-32-same	same	hit	200	1
a06-32-same	same	miss	404	480
a06-32-same	same	hit	200	1
a06-32-same	same	miss	404	190
a06-32-same	same	hit	200	1
a06-32-same	same	miss	404	490
a06-32-same	same	hit	200	1
a06-32-same	same	miss	404	410
a06-32-same	same	hit	200	2
a06-32-same	same	miss	404	195
a06-32-same	same	hit	200	1
a06-32-same	same	miss	404	441
a06-32-same	same	hit	200	1
a06-32-same	same	miss	404	316
a06-32-same	same	hit	200	1
a06-32-same	same	miss	404	482
a06-32-same	same	hit	200	1
a06-32-same	same	miss	404	441
a06-32-same	same	hit	200	1
a06-32-same	same	miss	404	528
a06-32-same	same	hit	200	1
a06-32-same	same	miss	404	167
a06-32-same	same	hit	200	1
a06-32-same	same	miss	404	531
a06-32-same	same	hit	200	2
a06-32-same	same	miss	404	438
a06-32-same	same	hit	200	1
a06-32-same	same	miss	404	503
a06-32-same	same	hit	200	1
a06-32-same	same	miss	404	480
a06-32-same	same	hit	200	2
a06-32-same	same	miss	404	377
a06-32-same	same	hit	200	1
a06-32-same	same	miss	404	391
a06-32-same	same	hit	200	1
a06-32-same	same	miss	404	481
a06-32-same	same	hit	200	1
a06-32-same	same	miss	404	354
a06-32-same	same	hit	200	2
a06-32-same	same	miss	404	572
a06-32-same	same	hit	200	1
a06-32-same	same	miss	404	480
a06-32-same	same	hit	200	1
a06-32-same	same	miss	404	512
a06-32-same	same	hit	200	1
a06-32-same	same	miss	404	536
a06-32-same	same	hit	200	1
a06-32-same	same	miss	404	473
a06-32-same	same	hit	200	1
a06-32-same	same	miss	404	471
a06-32-same	same	hit	200	1
a06-32-same	same	miss	404	493
a06-32-same	same	hit	200	2
a06-32-same	same	miss	404	498
a06-32-same	same	hit	200	1
a06-32-same	same	miss	404	428
a06-32-same	same	hit	200	1
a06-32-same	same	miss	404	269
a06-32-same	same	hit	200	1
a06-32-same	same	miss	404	678
a06-32-same	same	hit	200	1
a06-32-same	same	miss	404	518
a06-32-same	same	hit	200	1
a06-32-same	same	miss	404	404
a06-32-same	same	hit	200	1
a06-32-same	same	miss	404	472
a06-32-same	same	hit	200	1
a06-32-same	same	miss	404	431
a06-32-same	same	hit	200	1
a06-32-same	same	miss	404	571
a06-32-same	same	hit	200	1
a06-32-same	same	miss	404	342
a06-32-same	same	hit	200	1
a06-32-same	same	miss	404	333
a06-32-same	same	hit	200	1
a06-32-same	same	miss	404	612
a06-32-same	same	hit	200	1
a06-32-same	same	miss	404	471
a06-32-same	same	hit	200	1
a06-32-same	same	miss	404	412
a06-32-same	same	hit	200	1
a06-32-same	same	miss	404	503
a06-32-same	same	hit	200	1
a06-32-same	same	miss	404	471
a06-32-same	same	hit	200	1
a06-32-same	same	miss	404	468
a06-32-same	same	hit	200	1
a06-32-same	same	miss	404	481
a06-32-same	same	hit	200	1
a06-32-same	same	miss	404	480
a06-32-same	same	hit	200	1
a06-32-same	same	miss	404	517
a06-32-same	same	hit	200	1
a06-32-same	same	miss	404	261
a06-32-same	same	hit	200	1
a06-32-same	same	miss	404	579
a06-32-same	same	hit	200	1
a06-32-same	same	miss	404	581
a06-32-same	same	hit	200	1
a06-32-same	same	miss	404	286
a06-32-same	same	hit	200	1
a06-32-same	same	miss	404	445
a06-32-same	same	hit	200	1
a06-32-same	same	miss	404	502
a06-32-same	same	hit	200	1
a06-32-same	same	miss	404	374
a06-32-same	same	hit	200	1
a06-32-same	same	miss	404	479
a06-32-same	same	hit	200	1
a06-32-same	same	miss	404	452
a06-32-same	same	hit	200	1
a06-32-same	same	miss	404	474
a06-32-same	same	hit	200	1
a06-32-same	same	miss	404	409
a06-32-same	same	hit	200	1
a06-32-same	same	miss	404	394
a06-32-same	same	hit	200	1
a06-32-same	same	miss	404	387
a06-32-same	same	hit	200	1
a06-32-same	same	miss	404	562
a06-32-same	same	hit	200	1
a06-32-same	same	miss	404	298
a06-32-same	same	hit	200	1
a06-32-same	same	miss	404	185
a06-32-same	same	hit	200	2
a06-32-same	same	miss	404	525
a06-32-same	same	hit	200	1
a06-32-same	same	miss	404	426
a06-32-same	same	hit	200	1
a06-32-same	same	miss	404	528
a06-32-same	same	hit	200	1
a06-32-same	same	miss	404	414
a06-32-same	same	hit	200	1
a06-32-same	same	miss	404	457
a06-32-same	same	hit	200	1
a06-32-same	same	miss	404	437
a06-32-same	same	hit	200	1
a06-32-same	same	miss	404	404
a06-32-same	same	hit	200	1
a06-32-same	same	miss	404	407
a06-32-same	same	hit	200	1
a06-32-same	same	miss	404	351
a06-32-same	same	hit	200	1
a06-32-same	same	miss	404	488
a06-32-same	same	hit	200	1
a06-32-same	same	miss	404	425
a06-32-same	same	hit	200	1
a06-32-same	same	miss	404	469
a06-32-same	same	hit	200	1
a06-32-same	same	miss	404	308
a06-32-same	same	hit	200	1
a06-32-same	same	miss	404	291
a06-32-same	same	hit	200	1
a06-32-same	same	miss	404	483
a06-32-same	same	hit	200	1
a06-32-same	same	miss	404	345
a06-32-same	same	hit	200	1
a06-32-same	same	miss	404	590
a06-32-same	same	hit	200	1
a06-32-same	same	miss	404	232
a06-32-same	same	hit	200	1
a06-32-same	same	miss	404	379
a06-32-same	same	hit	200	1
a06-32-same	same	miss	404	489
a06-32-same	same	hit	200	1
a06-32-same	same	miss	404	494
a06-32-same	same	hit	200	1
a06-32-same	same	miss	404	483
a06-32-same	same	hit	200	1
a06-32-same	same	miss	404	435
a06-32-same	same	hit	200	1
a06-32-same	same	miss	404	492
a06-32-same	same	hit	200	1
a06-32-same	same	miss	404	569
a06-32-same	same	hit	200	1
a06-32-same	same	miss	404	401
a06-32-same	same	hit	200	1
a06-32-same	same	miss	404	368
a06-32-same	same	hit	200	1
a06-32-same	same	miss	404	236
a06-32-same	same	hit	200	1
a06-32-same	same	miss	404	393
a06-32-same	same	hit	200	1
a06-32-same	same	miss	404	732
a06-32-same	same	hit	200	1
a06-32-same	same	miss	404	405
a06-32-same	same	hit	200	1
a06-32-same	same	miss	404	285
a06-32-same	same	hit	200	1
a06-32-same	same	miss	404	525
a06-32-same	same	hit	200	1
a06-32-same	same	miss	404	455
a06-32-same	same	hit	200	1
a06-32-same	same	miss	404	442
a06-32-same	same	hit	200	1
a06-32-same	same	miss	404	441
a06-32-same	same	hit	200	1
a06-32-same	same	miss	404	447
a06-32-same	same	hit	200	1
a06-32-same	same	miss	404	363
a06-32-same	same	hit	200	1
a06-32-same	same	miss	404	369
a06-32-same	same	hit	200	1
a06-32-same	same	miss	404	433
a06-32-same	same	hit	200	1
a06-32-same	same	miss	404	748
a06-32-same	same	hit	200	1
a06-32-same	same	miss	404	369
a06-32-same	same	hit	200	3
a06-32-same	same	miss	404	349
a06-32-same	same	hit	200	1
a06-32-same	same	miss	404	405
a06-32-same	same	hit	200	1
a06-32-same	same	miss	404	399
a06-32-same	same	hit	200	1
a06-32-same	same	miss	404	515
a06-32-same	same	hit	200	1
a06-32-same	same	miss	404	478
a06-32-same	same	hit	200	1
a06-32-same	same	miss	404	415
a06-32-same	same	hit	200	1
a06-32-same	same	miss	404	336
a06-32-same	same	hit	200	1
a06-32-same	same	miss	404	373
a06-32-same	same	hit	200	1
a06-32-same	same	miss	404	500
a06-32-same	same	hit	200	1
a06-32-same	same	miss	404	401
a06-32-same	same	hit	200	1
a06-32-same	same	miss	404	339
a06-32-same	same	hit	200	1
a06-32-same	same	miss	404	330
a06-32-same	same	hit	200	1
a06-32-same	same	miss	404	413
a06-32-same	same	hit	200	1
a06-32-same	same	miss	404	527
a06-32-same	same	hit	200	1
a06-32-same	same	miss	404	445
a06-32-same	same	hit	200	1
a06-32-same	same	miss	404	476
a06-32-same	same	hit	200	1
a06-32-same	same	miss	404	433
a06-32-same	same	hit	200	2
a06-32-same	same	miss	404	468
a06-32-same	same	hit	200	1
a06-32-same	same	miss	404	377
a06-32-same	same	hit	200	1
a06-32-same	same	miss	404	471
a06-32-same	same	hit	200	1
a06-32-same	same	miss	404	398
a06-32-same	same	hit	200	2
a06-32-same	same	miss	404	402
a06-32-same	same	hit	200	1
a06-32-same	same	miss	404	454
a06-32-same	same	hit	200	1
a06-32-same	same	miss	404	377
a06-32-same	same	hit	200	1
a06-32-same	same	miss	404	408
a06-32-same	same	hit	200	1
a06-32-same	same	miss	404	468
a06-32-same	same	hit	200	1
a06-32-same	same	miss	404	402
a06-32-same	same	hit	200	1
a06-32-same	same	miss	404	358
a06-32-same	same	hit	200	1
a06-32-same	same	miss	404	514
a06-32-same	same	hit	200	1
a06-32-same	same	miss	404	392
a06-32-same	same	hit	200	1
a06-32-same	same	miss	404	398
a06-32-same	same	hit	200	1
a06-32-same	same	miss	404	322
a06-32-same	same	hit	200	1
a06-32-same	same	miss	404	426
a06-32-same	same	hit	200	1
a06-32-same	same	miss	404	495
a06-32-same	same	hit	200	3
a06-32-same	same	miss	404	355
a06-32-same	same	hit	200	1
a06-32-same	same	miss	404	429
a06-32-same	same	hit	200	1
a06-32-same	same	miss	404	496
a06-32-same	same	hit	200	1
a06-32-same	same	miss	404	483
a06-32-same	same	hit	200	1
a06-32-same	same	miss	404	605
a06-32-same	same	hit	200	1
a06-32-same	same	miss	404	500
a06-32-same	same	hit	200	2
a06-32-same	same	miss	404	459
a06-32-same	same	hit	200	1
a06-32-same	same	miss	404	470
a06-32-same	same	hit	200	3
a06-32-same	same	miss	404	579
a06-32-same	same	hit	200	2
a06-32-same	same	miss	404	343
a06-32-same	same	hit	200	1
a06-32-same	same	miss	404	389
a06-32-same	same	hit	200	1
a06-32-same	same	miss	404	439
a06-32-same	same	hit	200	1
a06-32-same	same	miss	404	436
a06-32-same	same	hit	200	1
a06-32-same	same	miss	404	301
a06-32-same	same	hit	200	1
a06-32-same	same	miss	404	475
a06-32-same	same	hit	200	1
a06-32-same	same	miss	404	393
a06-32-same	same	hit	200	1
a06-32-same	same	miss	404	391
a06-32-same	same	hit	200	1
a06-32-same	same	miss	404	379
a06-32-same	same	hit	200	4
a06-32-same	same	miss	404	396
a06-32-same	same	hit	200	1
a06-32-same	same	miss	404	445
a06-32-same	same	hit	200	1
a06-32-same	same	miss	404	433
a06-32-same	same	hit	200	1
a06-32-same	same	miss	404	430
a06-32-same	same	hit	200	1
a06-32-same	same	miss	404	388
a06-32-same	same	hit	200	1
a06-32-same	same	miss	404	185
a06-32-same	same	hit	200	1
a06-32-same	same	miss	404	437
a06-32-same	same	hit	200	1
a06-32-same	same	miss	404	471
a06-32-same	same	hit	200	1
a06-32-same	same	miss	404	406
a06-32-same	same	hit	200	1
a06-32-same	same	miss	404	495
a06-32-same	same	hit	200	1
a06-32-same	same	miss	404	445
a06-32-same	same	hit	200	1
a06-32-same	same	miss	404	509
a06-32-same	same	hit	200	1
a06-32-same	same	miss	404	474
a06-32-same	same	hit	200	1
a06-32-same	same	miss	404	426
a06-32-same	same	hit	200	1
a06-32-same	same	miss	404	599
a06-32-same	same	hit	200	1
a06-32-same	same	miss	404	393
a06-32-same	same	hit	200	1
a06-32-same	same	miss	404	515
a06-32-same	same	hit	200	2
a06-32-same	same	miss	404	330
a06-32-same	same	hit	200	1
a06-32-same	same	miss	404	364
a06-32-same	same	hit	200	1
a06-32-same	same	miss	404	442
a06-32-same	same	hit	200	1
a06-32-same	same	miss	404	412
a06-32-same	same	hit	200	1
a06-32-same	same	miss	404	440
a06-32-same	same	hit	200	1
a06-32-same	same	miss	404	471
a06-32-same	same	hit	200	1
a06-32-same	same	miss	404	195
a06-32-same	same	hit	200	1
a06-32-same	same	miss	404	344
a06-32-same	same	hit	200	1
a06-32-same	same	miss	404	391
a06-32-same	same	hit	200	1
a06-32-same	same	miss	404	396
a06-32-same	same	hit	200	1
a06-32-same	same	miss	404	343
a06-32-same	same	hit	200	2
a06-32-same	same	miss	404	372
a06-32-same	same	hit	200	1
a06-32-same	same	miss	404	427
a06-32-same	same	hit	200	1
a06-32-same	same	miss	404	495
a06-32-same	same	hit	200	1
a06-32-same	same	miss	404	563
a06-32-same	same	hit	200	1
a06-32-same	same	miss	404	348
a06-32-same	same	hit	200	1
a06-32-same	same	miss	404	459
a06-32-same	same	hit	200	1
a06-32-same	same	miss	404	565
a06-32-same	same	hit	200	1
a06-32-same	same	miss	404	496
a06-32-same	same	hit	200	1
a06-32-same	same	miss	404	431
a06-32-same	same	hit	200	1
a06-32-same	same	miss	404	377
a06-32-same	same	hit	200	1
a06-32-same	same	miss	404	435
a06-32-same	same	hit	200	1
a06-32-same	same	miss	404	524
a06-32-same	same	hit	200	2
a06-32-same	same	miss	404	138
a06-32-same	same	hit	200	1
a06-32-same	same	miss	404	450
a06-32-same	same	hit	200	1
a06-32-same	same	miss	404	454
a06-32-same	same	hit	200	1
a06-32-same	same	miss	404	456
a06-32-same	same	hit	200	1
a06-32-same	same	miss	404	139
a06-32-same	same	hit	200	1
a06-32-same	same	miss	404	448
a06-32-same	same	hit	200	1
a06-32-same	same	miss	404	395
a06-32-same	same	hit	200	2
a06-32-same	same	miss	404	370
a06-32-same	same	hit	200	1
a06-32-same	same	miss	404	443
a06-32-same	same	hit	200	1
a06-32-same	same	miss	404	570
a06-32-same	same	hit	200	1
a06-32-same	same	miss	404	506
a06-32-same	same	hit	200	1
a06-32-same	same	miss	404	342
a06-32-same	same	hit	200	1
a06-32-same	same	miss	404	552
a06-32-same	same	hit	200	1
a06-32-same	same	miss	404	509
a06-32-same	same	hit	200	1
a06-32-same	same	miss	404	171
a06-32-same	same	hit	200	1
a06-32-same	same	miss	404	517
a06-32-same	same	hit	200	1
a06-32-same	same	miss	404	468
a06-32-same	same	hit	200	2
a06-32-same	same	miss	404	466
a06-32-same	same	hit	200	1
a06-32-same	same	miss	404	423
a06-32-same	same	hit	200	1
a06-32-same	same	miss	404	579
a06-32-same	same	hit	200	1
a06-32-same	same	miss	404	226
a06-32-same	same	hit	200	1
a06-32-same	same	miss	404	305
a06-32-same	same	hit	200	1
a06-32-same	same	miss	404	299
a06-32-same	same	hit	200	1
a06-32-same	same	miss	404	443
a06-32-same	same	hit	200	1
a06-32-same	same	miss	404	374
a06-32-same	same	hit	200	1
a06-32-same	same	miss	404	388
a06-32-same	same	hit	200	1
a06-32-same	same	miss	404	447
a06-32-same	same	hit	200	2
a06-32-same	same	miss	404	210
a06-32-same	same	hit	200	1
a06-32-same	same	miss	404	431
a06-32-same	same	hit	200	1
a06-32-same	same	miss	404	344
a06-32-same	same	hit	200	2
a06-32-same	same	miss	404	493
a06-32-same	same	hit	200	1
a06-32-same	same	miss	404	568
a06-32-same	same	hit	200	1
a06-32-same	same	miss	404	318
a06-32-same	same	hit	200	2
a06-32-same	same	miss	404	559
a06-32-same	same	hit	200	1
a06-32-same	same	miss	404	463
a06-32-same	same	hit	200	1
a06-32-same	same	miss	404	327
a06-32-same	same	hit	200	1
a06-32-same	same	miss	404	183
a06-32-same	same	hit	200	1
a06-32-same	same	miss	404	426
a06-32-same	same	hit	200	1
a06-32-same	same	miss	404	314
a06-32-same	same	hit	200	1
a06-32-same	same	miss	404	526
a06-32-same	same	hit	200	1
a06-32-same	same	miss	404	442
a06-32-same	same	hit	200	1
a06-32-same	same	miss	404	390
a06-32-same	same	hit	200	1
a06-32-same	same	miss	404	460
a06-32-same	same	hit	200	1
a06-32-same	same	miss	404	294
a06-32-same	same	hit	200	1
a06-32-same	same	miss	404	484
a06-32-same	same	hit	200	1
a06-32-same	same	miss	404	266
a06-32-same	same	hit	200	1
a06-32-same	same	miss	404	457
a06-32-same	same	hit	200	1
a06-32-same	same	miss	404	455
a06-32-same	same	hit	200	1
a06-32-same	same	miss	404	317
a06-32-same	same	hit	200	1
a06-32-same	same	miss	404	573
a06-32-same	same	hit	200	1
a06-32-same	same	miss	404	487
a06-32-same	same	hit	200	1
a06-32-same	same	miss	404	530
a06-32-same	same	hit	200	1
a06-32-same	same	miss	404	513
a06-32-same	same	hit	200	1
a06-32-same	same	miss	404	692
a06-32-same	same	hit	200	1
a06-32-same	same	miss	404	493
a06-32-same	same	hit	200	2
a06-32-same	same	miss	404	318
a06-32-same	same	hit	200	1
a06-32-same	same	miss	404	498
a06-32-same	same	hit	200	1
a06-32-same	same	miss	404	237
a06-32-same	same	hit	200	1
a06-32-same	same	miss	404	284
a06-32-same	same	hit	200	1
a06-32-same	same	miss	404	391
a06-32-same	same	hit	200	1
a06-32-same	same	miss	404	410
a06-32-same	same	hit	200	1
a06-32-same	same	miss	404	389
a06-32-same	same	hit	200	1
a06-32-same	same	miss	404	385
a06-32-same	same	hit	200	1
a06-32-same	same	miss	404	312
a06-32-same	same	hit	200	1
a06-32-same	same	miss	404	451
a06-32-same	same	hit	200	1
a06-32-same	same	miss	404	378
a06-32-same	same	hit	200	1
a06-32-same	same	miss	404	618
a06-32-same	same	hit	200	1
a06-32-same	same	miss	404	553
a06-32-same	same	hit	200	3
a06-32-same	same	miss	404	354
a06-32-same	same	hit	200	2
a06-32-same	same	miss	404	411
a06-32-same	same	hit	200	2
a06-32-same	same	miss	404	496
a06-32-same	same	hit	200	1
a06-32-same	same	miss	404	439
a06-32-same	same	hit	200	1
a06-32-same	same	miss	404	475
a06-32-same	same	hit	200	1
a06-32-same	same	miss	404	314
a06-32-same	same	hit	200	1
a06-32-same	same	miss	404	460
a06-32-same	same	hit	200	1
a06-32-same	same	miss	404	518
a06-32-same	same	hit	200	1
a06-32-same	same	miss	404	384
a06-32-same	same	hit	200	1
a06-32-same	same	miss	404	352
a06-32-same	same	hit	200	1
a06-32-same	same	miss	404	283
a06-32-same	same	hit	200	1
a06-32-same	same	miss	404	472
a06-32-same	same	hit	200	1
a06-32-same	same	miss	404	416
a06-32-same	same	hit	200	1
a06-32-same	same	miss	404	428
a06-32-same	same	hit	200	1
a06-32-same	same	miss	404	365
a06-32-same	same	hit	200	1
a06-32-same	same	miss	404	427
a06-32-same	same	hit	200	1
a06-32-same	same	miss	404	466
a06-32-same	same	hit	200	1
a06-32-same	same	miss	404	435
a06-32-same	same	hit	200	2
a06-32-same	same	miss	404	389
a06-32-same	same	hit	200	1
a06-32-same	same	miss	404	494
a06-32-same	same	hit	200	2
a06-32-same	same	miss	404	381
a06-32-same	same	hit	200	1
a06-32-same	same	miss	404	422
a06-32-same	same	hit	200	1
a06-32-same	same	miss	404	405
a06-32-same	same	hit	200	1
a06-32-same	same	miss	404	549
a06-32-same	same	hit	200	1
a06-32-same	same	miss	404	544
a06-32-same	same	hit	200	1
a06-32-same	same	miss	404	473
a06-32-same	same	hit	200	2
a06-32-same	same	miss	404	428
a06-32-same	same	hit	200	1
a06-32-same	same	miss	404	604
a06-32-same	same	hit	200	1
a06-32-same	same	miss	404	419
a06-32-same	same	hit	200	1
a06-32-same	same	miss	404	501
a06-32-same	same	hit	200	1
a06-32-same	same	miss	404	174
a06-32-same	same	hit	200	1
a06-32-same	same	miss	404	378
a06-32-same	same	hit	200	1
a06-32-same	same	miss	404	514
a06-32-same	same	hit	200	1
a06-32-same	same	miss	404	366
a06-32-same	same	hit	200	1
a06-32-same	same	miss	404	259
a06-32-same	same	hit	200	1
a06-32-same	same	miss	404	456
a06-32-same	same	hit	200	1
a06-32-same	same	miss	404	492
a06-32-same	same	hit	200	1
a06-32-same	same	miss	404	410
a06-32-same	same	hit	200	1
a06-32-same	same	miss	404	477
a06-32-same	same	hit	200	1
a06-32-same	same	miss	404	479
a06-32-same	same	hit	200	3
a06-32-same	same	miss	404	473
a06-32-same	same	hit	200	1
a06-32-same	same	miss	404	542
a06-32-same	same	hit	200	2
a06-32-same	same	miss	404	540
a06-32-same	same	hit	200	1
a06-32-same	same	miss	404	325
a06-32-same	same	hit	200	2
a06-32-same	same	miss	404	223
a06-32-same	same	hit	200	1
a06-32-same	same	miss	404	502
a06-32-same	same	hit	200	1
a06-32-same	same	miss	404	366
a06-32-same	same	hit	200	1
a06-32-same	same	miss	404	436
a06-32-same	same	hit	200	1
a06-32-same	same	miss	404	409
a06-32-same	same	hit	200	1
a06-32-same	same	miss	404	368
a06-32-same	same	hit	200	1
a06-32-same	same	miss	404	516
a06-32-same	same	hit	200	1
a06-32-same	same	miss	404	452
a06-32-same	same	hit	200	1
a06-32-same	same	miss	404	386
a06-32-same	same	hit	200	1
a06-32-same	same	miss	404	412
a06-32-same	same	hit	200	1
a06-32-same	same	miss	404	160
a06-32-same	same	hit	200	1
a06-32-same	same	miss	404	334
a06-32-same	same	hit	200	1
a06-32-same	same	miss	404	426
a06-32-same	same	hit	200	1
a06-32-same	same	miss	404	410
a06-32-same	same	hit	200	1
a06-32-same	same	miss	404	428
a06-32-same	same	hit	200	1
a06-32-same	same	miss	404	347
a06-32-same	same	hit	200	1
a06-32-same	same	miss	404	594
a06-32-same	same	hit	200	1
a06-32-same	same	miss	404	331
a06-32-same	same	hit	200	1
a06-32-same	same	miss	404	483
a06-32-same	same	hit	200	1
a06-32-same	same	miss	404	494
a06-32-same	same	hit	200	1
a06-32-same	same	miss	404	563
a06-32-same	same	hit	200	1
a06-32-same	same	miss	404	326
a06-32-same	same	hit	200	2
a06-32-same	same	miss	404	376
a06-32-same	same	hit	200	1
a06-32-same	same	miss	404	382
a06-32-same	same	hit	200	1
a06-32-same	same	miss	404	385
a06-32-same	same	hit	200	1
a06-32-same	same	miss	404	475
a06-32-same	same	hit	200	2
a06-32-same	same	miss	404	464
a06-32-same	same	hit	200	1
a06-32-same	same	miss	404	274
a06-32-same	same	hit	200	1
a06-32-same	same	miss	404	435
a06-32-same	same	hit	200	1
a06-32-same	same	miss	404	462
a06-32-same	same	hit	200	1
a06-32-same	same	miss	404	487
a06-32-same	same	hit	200	1
a06-32-same	same	miss	404	444
a06-32-same	same	hit	200	1
a06-32-same	same	miss	404	447
a06-32-same	same	hit	200	1
a06-32-same	same	miss	404	396
a06-32-same	same	hit	200	1
a06-32-same	same	miss	404	283
a06-32-same	same	hit	200	1
a06-32-same	same	miss	404	476
a06-32-same	same	hit	200	2
a06-32-same	same	miss	404	502
a06-32-same	same	hit	200	1
a06-32-same	same	miss	404	478
a06-32-same	same	hit	200	1
a06-32-same	same	miss	404	515
a06-32-same	same	hit	200	1
a06-32-same	same	miss	404	418
a06-32-same	same	hit	200	1
a06-32-same	same	miss	404	448
a06-32-same	same	hit	200	1
a06-32-same	same	miss	404	500
a06-32-same	same	hit	200	1
a06-32-same	same	miss	404	389
a06-32-same	same	hit	200	1
a06-32-same	same	miss	404	479
a06-32-same	same	hit	200	1
a06-32-same	same	miss	404	323
a06-32-same	same	hit	200	1
a06-32-same	same	miss	404	469
a06-32-same	same	hit	200	1
a06-32-same	same	miss	404	401
a06-32-same	same	hit	200	1
a06-32-same	same	miss	404	432
a06-32-same	same	hit	200	1
a06-32-same	same	miss	404	477
a06-32-same	same	hit	200	1
a06-32-same	same	miss	404	392
a06-32-same	same	hit	200	1
a06-32-same	same	miss	404	458
a06-32-same	same	hit	200	1
a06-32-same	same	miss	404	400
a06-32-same	same	hit	200	1
a06-32-same	same	miss	404	477
a06-32-same	same	hit	200	1
a06-32-same	same	miss	404	543
a06-32-same	same	hit	200	1
a06-32-same	same	miss	404	494
a06-32-same	same	hit	200	1
a06-32-same	same	miss	404	507
a06-32-same	same	hit	200	1
a06-32-same	same	miss	404	505
a06-32-same	same	hit	200	1
a06-32-same	same	miss	404	388
a06-32-same	same	hit	200	1
a06-32-same	same	miss	404	367
a06-32-same	same	hit	200	1
a06-32-same	same	miss	404	533
a06-32-same	same	hit	200	1
a06-32-same	same	miss	404	677
a06-32-same	same	hit	200	1
a06-32-same	same	miss	404	491
a06-32-same	same	hit	200	1
a06-32-same	same	miss	404	412
a06-32-same	same	hit	200	1
a06-32-same	same	miss	404	372
a06-32-same	same	hit	200	1
a06-32-same	same	miss	404	419
a06-32-same	same	hit	200	1
a06-32-same	same	miss	404	337
a06-32-same	same	hit	200	1
a06-32-same	same	miss	404	515
a06-32-same	same	hit	200	1
a06-32-same	same	miss	404	543
a06-32-same	same	hit	200	4
a06-32-same	same	miss	404	478
a06-32-same	same	hit	200	1
a06-32-same	same	miss	404	194
a06-32-same	same	hit	200	1
a06-32-same	same	miss	404	497
a06-32-same	same	hit	200	1
a06-32-same	same	miss	404	482
a06-32-same	same	hit	200	1
a06-32-same	same	miss	404	469
a06-32-same	same	hit	200	1
a06-32-same	same	miss	404	448
a06-32-same	same	hit	200	1
a06-32-same	same	miss	404	440
a06-32-same	same	hit	200	2
a06-32-same	same	miss	404	428
a06-32-same	same	hit	200	2
a06-32-same	same	miss	404	358
a06-32-same	same	hit	200	1
a06-32-same	same	miss	404	544
a06-32-same	same	hit	200	1
a06-32-same	same	miss	404	203
a06-32-same	same	hit	200	1
a06-32-same	same	miss	404	402
a06-32-same	same	hit	200	1
a06-32-same	same	miss	404	415
a06-32-same	same	hit	200	2
a06-32-same	same	miss	404	333
a06-32-same	same	hit	200	1
a06-32-same	same	miss	404	408
a06-32-same	same	hit	200	1
a06-32-same	same	miss	404	331
a06-32-same	same	hit	200	2
a06-32-same	same	miss	404	364
a06-32-same	same	hit	200	1
a06-32-same	same	miss	404	443
a06-32-same	same	hit	200	1
a06-32-same	same	miss	404	476
a06-32-same	same	hit	200	1
a06-32-same	same	miss	404	479
a06-32-same	same	hit	200	1
a06-32-same	same	miss	404	346
a06-32-same	same	hit	200	1
a06-32-same	same	miss	404	443
a06-32-same	same	hit	200	1
a06-32-same	same	miss	404	369
a06-32-same	same	hit	200	1
a06-32-same	same	miss	404	213
a06-32-same	same	hit	200	1
a06-32-same	same	miss	404	235
a06-32-same	same	hit	200	1
a06-32-same	same	miss	404	419
a06-32-same	same	hit	200	1
a06-32-same	same	miss	404	376
a06-32-same	same	hit	200	1
a06-32-same	same	miss	404	695
a06-32-same	same	hit	200	1
a06-32-same	same	miss	404	341
a06-32-same	same	hit	200	1
a06-32-same	same	miss	404	325
a06-32-same	same	hit	200	1
a06-32-same	same	miss	404	496
a06-32-same	same	hit	200	1
a06-32-same	same	miss	404	419
a06-32-same	same	hit	200	1
a06-32-same	same	miss	404	460
a06-32-same	same	hit	200	1
a06-32-same	same	miss	404	437
a06-32-same	same	hit	200	1
a06-32-same	same	miss	404	452
a06-32-same	same	hit	200	1
a06-32-same	same	miss	404	409
a06-32-same	same	hit	200	1
a06-32-same	same	miss	404	342
a06-32-same	same	hit	200	1
a06-32-same	same	miss	404	399
a06-32-same	same	hit	200	1
a06-32-same	same	miss	404	516
a06-32-same	same	hit	200	5
a06-32-same	same	miss	404	407
a06-32-same	same	hit	200	1
a06-32-same	same	miss	404	378
a06-32-same	same	hit	200	1
a06-32-same	same	miss	404	536
a06-32-same	same	hit	200	1
a06-32-same	same	miss	404	403
a06-32-same	same	hit	200	1
a06-32-same	same	miss	404	242
a06-32-same	same	hit	200	1
a06-32-same	same	miss	404	392
a06-32-same	same	hit	200	1
a06-32-same	same	miss	404	538
a06-32-same	same	hit	200	1
a06-32-same	same	miss	404	426
a06-32-same	same	hit	200	1
a06-32-same	same	miss	404	518
a06-32-same	same	hit	200	2
a06-32-same	same	miss	404	498
a06-32-same	same	hit	200	1
a06-32-same	same	miss	404	367
a06-32-same	same	hit	200	1
a06-32-same	same	miss	404	325
a06-32-same	same	hit	200	1
a06-32-same	same	miss	404	456
a06-32-same	same	hit	200	1
a06-32-same	same	miss	404	434
a06-32-same	same	hit	200	1
a06-32-same	same	miss	404	492
a06-32-same	same	hit	200	1
a06-32-same	same	miss	404	450
a06-32-same	same	hit	200	1
a06-32-same	same	miss	404	468
a06-32-same	same	hit	200	1
a06-32-same	same	miss	404	423
a06-32-same	same	hit	200	1
a06-32-same	same	miss	404	314
a06-32-same	same	hit	200	1
a06-32-same	same	miss	404	201
a06-32-same	same	hit	200	1
a06-32-same	same	miss	404	384
a06-32-same	same	hit	200	1
a06-32-same	same	miss	404	537
a06-32-same	same	hit	200	1
a06-32-same	same	miss	404	444
a06-32-same	same	hit	200	1
a06-32-same	same	miss	404	477
a06-32-same	same	hit	200	1
a06-32-same	same	miss	404	506
a06-32-same	same	hit	200	1
a06-32-same	same	miss	404	447
a06-32-same	same	hit	200	1
a06-32-same	same	miss	404	606
a06-32-same	same	hit	200	1
a06-32-same	same	miss	404	428
a06-32-same	same	hit	200	2
a06-32-same	same	miss	404	444
a06-32-same	same	hit	200	2
a06-32-same	same	miss	404	484
a06-32-same	same	hit	200	1
a06-32-same	same	miss	404	382
a06-32-same	same	hit	200	1
a06-32-same	same	miss	404	330
a06-32-same	same	hit	200	1
a06-32-same	same	miss	404	518
a06-32-same	same	hit	200	1
a06-32-same	same	miss	404	569
a06-32-same	same	hit	200	1
a06-32-same	same	miss	404	682
a06-32-same	same	hit	200	1
a06-32-same	same	miss	404	585
a06-32-same	same	hit	200	1
a06-32-same	same	miss	404	277
a06-32-same	same	hit	200	1
a06-32-same	same	miss	404	386
a06-32-same	same	hit	200	1
a06-32-same	same	miss	404	357
a06-32-same	same	hit	200	1
a06-32-same	same	miss	404	392
a06-32-same	same	hit	200	1
a06-32-same	same	miss	404	455
a06-32-same	same	hit	200	1
a06-32-same	same	miss	404	320
a06-32-same	same	hit	200	1
a06-32-same	same	miss	404	385
a06-32-same	same	hit	200	1
a06-32-same	same	miss	404	328
a06-32-same	same	hit	200	1
a06-32-same	same	miss	404	354
a06-32-same	same	hit	200	1
a06-32-same	same	miss	404	513
a06-32-same	same	hit	200	1
a06-32-same	same	miss	404	424
a06-32-same	same	hit	200	1
a06-32-same	same	miss	404	260
a06-32-same	same	hit	200	2
a06-32-same	same	miss	404	313
a06-32-same	same	hit	200	3
a06-32-same	same	miss	404	395
a06-32-same	same	hit	200	1
a06-32-same	same	miss	404	476
a06-32-same	same	hit	200	1
a06-32-same	same	miss	404	636
a06-32-same	same	hit	200	1
a06-32-same	same	miss	404	402
a06-32-same	same	hit	200	1
a06-32-same	same	miss	404	531
a06-32-same	same	hit	200	1
a06-32-same	same	miss	404	488
a06-32-same	same	hit	200	1
a06-32-same	same	miss	404	477
a06-32-same	same	hit	200	1
a06-32-same	same	miss	404	470
a06-32-same	same	hit	200	2
a06-32-same	same	miss	404	473
a06-32-same	same	hit	200	1
a06-32-same	same	miss	404	266
a06-32-same	same	hit	200	1
a06-32-same	same	miss	404	435
a06-32-same	same	hit	200	1
a06-32-same	same	miss	404	350
a06-32-same	same	hit	200	1
a06-32-same	same	miss	404	228
a06-32-same	same	hit	200	1
a06-32-same	same	miss	404	386
a06-32-same	same	hit	200	1
a06-32-same	same	miss	404	199
a06-32-same	same	hit	200	1
a06-32-same	same	miss	404	575
a06-32-same	same	hit	200	1
a06-32-same	same	miss	404	422
a06-32-same	same	hit	200	1
a06-32-same	same	miss	404	417
a06-32-same	same	hit	200	1
a06-32-same	same	miss	404	368
a06-32-same	same	hit	200	1
a06-32-same	same	miss	404	355
a06-32-same	same	hit	200	1
a06-32-same	same	miss	404	519
a06-32-same	same	hit	200	1
a06-32-same	same	miss	404	367
a06-32-same	same	hit	200	1
a06-32-same	same	miss	404	468
a06-32-same	same	hit	200	1
a06-32-same	same	miss	404	383
a06-32-same	same	hit	200	1
a06-32-same	same	miss	404	514
a06-32-same	same	hit	200	1
a06-32-same	same	miss	404	602
a06-32-same	same	hit	200	1
a06-32-same	same	miss	404	390
a06-32-same	same	hit	200	1
a06-32-same	same	miss	404	370
a06-32-same	same	hit	200	1
a06-32-same	same	miss	404	328
a06-32-same	same	hit	200	1
a06-32-same	same	miss	404	380
a06-32-same	same	hit	200	1
a06-32-same	same	miss	404	318
a06-32-same	same	hit	200	1
a06-32-same	same	miss	404	436
a06-32-same	same	hit	200	1
a06-32-same	same	miss	404	346
a06-32-same	same	hit	200	1
a06-32-same	same	miss	404	408
a06-32-same	same	hit	200	1
a06-32-same	same	miss	404	421
a06-32-same	same	hit	200	1
a06-32-same	same	miss	404	414
a06-32-same	same	hit	200	1
a06-32-same	same	miss	404	460
a06-32-same	same	hit	200	1
a06-32-same	same	miss	404	503
a06-32-same	same	hit	200	1
a06-32-same	same	miss	404	536
a06-32-same	same	hit	200	1
a06-32-same	same	miss	404	429
a06-32-same	same	hit	200	1
a06-32-same	same	miss	404	502
a06-32-same	same	hit	200	1
a06-32-same	same	miss	404	538
a06-32-same	same	hit	200	1
a06-32-same	same	miss	404	458
a06-32-same	same	hit	200	1
a06-32-same	same	miss	404	323
a06-32-same	same	hit	200	1
a06-32-same	same	miss	404	334
a06-32-same	same	hit	200	2
a06-32-same	same	miss	404	402
a06-32-same	same	hit	200	2
a06-32-same	same	miss	404	502
a06-32-same	same	hit	200	1
a06-32-same	same	miss	404	509
a06-32-same	same	hit	200	1
a06-32-same	same	miss	404	431
a06-32-same	same	hit	200	1
a06-32-same	same	miss	404	474
a06-32-same	same	hit	200	1
a06-32-same	same	miss	404	474
a06-32-same	same	hit	200	1
a06-32-same	same	miss	404	462
a06-32-same	same	hit	200	1
a06-32-same	same	miss	404	445
a06-32-same	same	hit	200	1
a06-32-same	same	miss	404	457
a06-32-same	same	hit	200	1
a06-32-same	same	miss	404	466
a06-32-same	same	hit	200	1
a06-32-same	same	miss	404	230
a06-32-same	same	hit	200	1
a06-32-same	same	miss	404	383
a06-32-same	same	hit	200	1
a06-32-same	same	miss	404	675
a06-32-same	same	hit	200	1
a06-32-same	same	miss	404	517
a06-32-same	same	hit	200	1
a06-32-same	same	miss	404	485
a06-32-same	same	hit	200	2
a06-32-same	same	miss	404	550
a06-32-same	same	hit	200	1
a06-32-same	same	miss	404	604
a06-32-same	same	hit	200	6
a06-32-same	same	miss	404	532
a06-32-same	same	hit	200	1
a06-32-same	same	miss	404	666
a06-32-same	same	hit	200	1
a06-32-same	same	miss	404	504
a06-32-same	same	hit	200	1
a06-32-same	same	miss	404	355
a06-32-same	same	hit	200	2
a06-32-same	same	miss	404	355
a06-32-same	same	hit	200	1
a06-32-same	same	miss	404	449
a06-32-same	same	hit	200	1
a06-32-same	same	miss	404	440
a06-32-same	same	hit	200	1
a06-32-same	same	miss	404	559
a06-32-same	same	hit	200	1
a06-32-same	same	miss	404	394
a06-32-same	same	hit	200	1
a06-32-same	same	miss	404	390
a06-32-same	same	hit	200	1
a06-32-same	same	miss	404	413
a06-32-same	same	hit	200	1
a06-32-same	same	miss	404	215
a06-32-same	same	hit	200	1
a06-32-same	same	miss	404	454
a06-32-same	same	hit	200	1
a06-32-same	same	miss	404	398
a06-32-same	same	hit	200	1
a06-32-same	same	miss	404	348
a06-32-same	same	hit	200	1
a06-32-same	same	miss	404	446
a06-32-same	same	hit	200	1
a06-32-same	same	miss	404	526
a06-32-same	same	hit	200	2
a06-32-same	same	miss	404	452
a07-1-spread	spread	hit	200	2
a07-1-spread	spread	miss	404	402
a07-1-spread	spread	hit	200	2
a07-1-spread	spread	miss	404	476
a07-1-spread	spread	hit	200	2
a07-1-spread	spread	miss	404	455
a07-1-spread	spread	hit	200	2
a07-1-spread	spread	miss	404	507
a07-1-spread	spread	hit	200	2
a07-1-spread	spread	miss	404	324
a07-1-spread	spread	hit	200	1
a07-1-spread	spread	miss	404	442
a07-1-spread	spread	hit	200	2
a07-1-spread	spread	miss	404	441
a07-1-spread	spread	hit	200	2
a07-1-spread	spread	miss	404	584
a07-1-spread	spread	hit	200	3
a07-1-spread	spread	miss	404	447
a07-1-spread	spread	hit	200	3
a07-1-spread	spread	miss	404	313
a07-1-spread	spread	hit	200	2
a07-1-spread	spread	miss	404	380
a07-1-spread	spread	hit	200	2
a07-1-spread	spread	miss	404	454
a07-1-spread	spread	hit	200	1
a07-1-spread	spread	miss	404	414
a07-1-spread	spread	hit	200	2
a07-1-spread	spread	miss	404	505
a07-1-spread	spread	hit	200	2
a07-1-spread	spread	miss	404	504
a07-1-spread	spread	hit	200	2
a07-1-spread	spread	miss	404	470
a07-1-spread	spread	hit	200	2
a07-1-spread	spread	miss	404	486
a07-1-spread	spread	hit	200	2
a07-1-spread	spread	miss	404	498
a07-1-spread	spread	hit	200	1
a07-1-spread	spread	miss	404	523
a07-1-spread	spread	hit	200	1
a07-1-spread	spread	miss	404	379
a07-1-spread	spread	hit	200	2
a07-1-spread	spread	miss	404	445
a07-1-spread	spread	hit	200	1
a07-1-spread	spread	miss	404	345
a07-1-spread	spread	hit	200	2
a07-1-spread	spread	miss	404	433
a07-1-spread	spread	hit	200	2
a07-1-spread	spread	miss	404	208
a07-1-spread	spread	hit	200	1
a07-1-spread	spread	miss	404	328
a07-1-spread	spread	hit	200	2
a07-1-spread	spread	miss	404	426
a07-1-spread	spread	hit	200	2
a07-1-spread	spread	miss	404	375
a07-1-spread	spread	hit	200	2
a07-1-spread	spread	miss	404	475
a07-1-spread	spread	hit	200	1
a07-1-spread	spread	miss	404	570
a07-1-spread	spread	hit	200	2
a07-1-spread	spread	miss	404	400
a07-1-spread	spread	hit	200	2
a07-1-spread	spread	miss	404	402
a07-1-spread	spread	hit	200	1
a07-1-spread	spread	miss	404	445
a07-1-spread	spread	hit	200	2
a07-1-spread	spread	miss	404	432
a07-1-spread	spread	hit	200	2
a07-1-spread	spread	miss	404	489
a07-1-spread	spread	hit	200	3
a07-1-spread	spread	miss	404	598
a07-1-spread	spread	hit	200	3
a07-1-spread	spread	miss	404	400
a07-1-spread	spread	hit	200	3
a07-1-spread	spread	miss	404	477
a07-1-spread	spread	hit	200	3
a07-1-spread	spread	miss	404	546
a07-1-spread	spread	hit	200	3
a07-1-spread	spread	miss	404	508
a07-1-spread	spread	hit	200	3
a07-1-spread	spread	miss	404	405
a08-128-spread	spread	hit	200	3
a08-128-spread	spread	miss	404	570
a08-128-spread	spread	hit	200	1
a08-128-spread	spread	miss	404	392
a08-128-spread	spread	hit	200	1
a08-128-spread	spread	miss	404	402
a08-128-spread	spread	hit	200	1
a08-128-spread	spread	miss	404	541
a08-128-spread	spread	hit	200	3
a08-128-spread	spread	miss	404	479
a08-128-spread	spread	hit	200	1
a08-128-spread	spread	miss	404	477
a08-128-spread	spread	hit	200	1
a08-128-spread	spread	miss	404	454
a08-128-spread	spread	hit	200	1
a08-128-spread	spread	miss	404	506
a08-128-spread	spread	hit	200	1
a08-128-spread	spread	miss	404	370
a08-128-spread	spread	hit	200	1
a08-128-spread	spread	miss	404	547
a08-128-spread	spread	hit	200	3
a08-128-spread	spread	miss	404	494
a08-128-spread	spread	hit	200	3
a08-128-spread	spread	miss	404	580
a08-128-spread	spread	hit	200	1
a08-128-spread	spread	miss	404	491
a08-128-spread	spread	hit	200	2
a08-128-spread	spread	miss	404	378
a08-128-spread	spread	hit	200	3
a08-128-spread	spread	miss	404	506
a08-128-spread	spread	hit	200	1
a08-128-spread	spread	miss	404	456
a08-128-spread	spread	hit	200	2
a08-128-spread	spread	miss	404	546
a08-128-spread	spread	hit	200	3
a08-128-spread	spread	miss	404	220
a08-128-spread	spread	hit	200	3
a08-128-spread	spread	miss	404	477
a08-128-spread	spread	hit	200	1
a08-128-spread	spread	miss	404	156
a08-128-spread	spread	hit	200	1
a08-128-spread	spread	miss	404	508
a08-128-spread	spread	hit	200	1
a08-128-spread	spread	miss	404	372
a08-128-spread	spread	hit	200	2
a08-128-spread	spread	miss	404	385
a08-128-spread	spread	hit	200	1
a08-128-spread	spread	miss	404	493
a08-128-spread	spread	hit	200	1
a08-128-spread	spread	miss	404	571
a08-128-spread	spread	hit	200	9
a08-128-spread	spread	miss	404	373
a08-128-spread	spread	hit	200	2
a08-128-spread	spread	miss	404	395
a08-128-spread	spread	hit	200	1
a08-128-spread	spread	miss	404	452
a08-128-spread	spread	hit	200	1
a08-128-spread	spread	miss	404	586
a08-128-spread	spread	hit	200	1
a08-128-spread	spread	miss	404	553
a08-128-spread	spread	hit	200	2
a08-128-spread	spread	miss	404	568
a08-128-spread	spread	hit	200	1
a08-128-spread	spread	miss	404	589
a08-128-spread	spread	hit	200	8
a08-128-spread	spread	miss	404	497
a08-128-spread	spread	hit	200	2
a08-128-spread	spread	miss	404	537
a08-128-spread	spread	hit	200	2
a08-128-spread	spread	miss	404	424
a08-128-spread	spread	hit	200	2
a08-128-spread	spread	miss	404	528
a08-128-spread	spread	hit	200	1
a08-128-spread	spread	miss	404	585
a08-128-spread	spread	hit	200	7
a08-128-spread	spread	miss	404	438
a08-128-spread	spread	hit	200	2
a08-128-spread	spread	miss	404	424
a08-128-spread	spread	hit	200	1
a08-128-spread	spread	miss	404	510
a08-128-spread	spread	hit	200	3
a08-128-spread	spread	miss	404	424
a08-128-spread	spread	hit	200	2
a08-128-spread	spread	miss	404	469
a08-128-spread	spread	hit	200	1
a08-128-spread	spread	miss	404	404
a08-128-spread	spread	hit	200	1
a08-128-spread	spread	miss	404	386
a08-128-spread	spread	hit	200	3
a08-128-spread	spread	miss	404	156
a08-128-spread	spread	hit	200	1
a08-128-spread	spread	miss	404	215
a08-128-spread	spread	hit	200	2
a08-128-spread	spread	miss	404	308
a08-128-spread	spread	hit	200	1
a08-128-spread	spread	miss	404	502
a08-128-spread	spread	hit	200	3
a08-128-spread	spread	miss	404	450
a08-128-spread	spread	hit	200	2
a08-128-spread	spread	miss	404	333
a08-128-spread	spread	hit	200	3
a08-128-spread	spread	miss	404	511
a08-128-spread	spread	hit	200	1
a08-128-spread	spread	miss	404	332
a08-128-spread	spread	hit	200	1
a08-128-spread	spread	miss	404	338
a08-128-spread	spread	hit	200	1
a08-128-spread	spread	miss	404	509
a08-128-spread	spread	hit	200	1
a08-128-spread	spread	miss	404	394
a08-128-spread	spread	hit	200	3
a08-128-spread	spread	miss	404	421
a08-128-spread	spread	hit	200	1
a08-128-spread	spread	miss	404	419
a08-128-spread	spread	hit	200	4
a08-128-spread	spread	miss	404	468
a08-128-spread	spread	hit	200	3
a08-128-spread	spread	miss	404	553
a08-128-spread	spread	hit	200	2
a08-128-spread	spread	miss	404	369
a08-128-spread	spread	hit	200	1
a08-128-spread	spread	miss	404	569
a08-128-spread	spread	hit	200	2
a08-128-spread	spread	miss	404	316
a08-128-spread	spread	hit	200	12
a08-128-spread	spread	miss	404	521
a08-128-spread	spread	hit	200	1
a08-128-spread	spread	miss	404	401
a08-128-spread	spread	hit	200	1
a08-128-spread	spread	miss	404	527
a08-128-spread	spread	hit	200	6
a08-128-spread	spread	miss	404	740
a08-128-spread	spread	hit	200	2
a08-128-spread	spread	miss	404	570
a08-128-spread	spread	hit	200	2
a08-128-spread	spread	miss	404	497
a08-128-spread	spread	hit	200	2
a08-128-spread	spread	miss	404	449
a08-128-spread	spread	hit	200	2
a08-128-spread	spread	miss	404	622
a08-128-spread	spread	hit	200	1
a08-128-spread	spread	miss	404	486
a08-128-spread	spread	hit	200	6
a08-128-spread	spread	miss	404	610
a08-128-spread	spread	hit	200	1
a08-128-spread	spread	miss	404	505
a08-128-spread	spread	hit	200	1
a08-128-spread	spread	miss	404	469
a08-128-spread	spread	hit	200	1
a08-128-spread	spread	miss	404	453
a08-128-spread	spread	hit	200	2
a08-128-spread	spread	miss	404	557
a08-128-spread	spread	hit	200	1
a08-128-spread	spread	miss	404	557
a08-128-spread	spread	hit	200	2
a08-128-spread	spread	miss	404	256
a08-128-spread	spread	hit	200	2
a08-128-spread	spread	miss	404	385
a08-128-spread	spread	hit	200	2
a08-128-spread	spread	miss	404	471
a08-128-spread	spread	hit	200	6
a08-128-spread	spread	miss	404	348
a08-128-spread	spread	hit	200	1
a08-128-spread	spread	miss	404	448
a08-128-spread	spread	hit	200	1
a08-128-spread	spread	miss	404	381
a08-128-spread	spread	hit	200	1
a08-128-spread	spread	miss	404	501
a08-128-spread	spread	hit	200	2
a08-128-spread	spread	miss	404	195
a08-128-spread	spread	hit	200	3
a08-128-spread	spread	miss	404	383
a08-128-spread	spread	hit	200	1
a08-128-spread	spread	miss	404	454
a08-128-spread	spread	hit	200	3
a08-128-spread	spread	miss	404	532
a08-128-spread	spread	hit	200	1
a08-128-spread	spread	miss	404	294
a08-128-spread	spread	hit	200	1
a08-128-spread	spread	miss	404	324
a08-128-spread	spread	hit	200	1
a08-128-spread	spread	miss	404	476
a08-128-spread	spread	hit	200	2
a08-128-spread	spread	miss	404	323
a08-128-spread	spread	hit	200	1
a08-128-spread	spread	miss	404	203
a08-128-spread	spread	hit	200	2
a08-128-spread	spread	miss	404	428
a08-128-spread	spread	hit	200	2
a08-128-spread	spread	miss	404	389
a08-128-spread	spread	hit	200	1
a08-128-spread	spread	miss	404	488
a08-128-spread	spread	hit	200	1
a08-128-spread	spread	miss	404	494
a08-128-spread	spread	hit	200	5
a08-128-spread	spread	miss	404	376
a08-128-spread	spread	hit	200	4
a08-128-spread	spread	miss	404	367
a08-128-spread	spread	hit	200	1
a08-128-spread	spread	miss	404	405
a08-128-spread	spread	hit	200	2
a08-128-spread	spread	miss	404	573
a08-128-spread	spread	hit	200	1
a08-128-spread	spread	miss	404	329
a08-128-spread	spread	hit	200	1
a08-128-spread	spread	miss	404	481
a08-128-spread	spread	hit	200	2
a08-128-spread	spread	miss	404	337
a08-128-spread	spread	hit	200	3
a08-128-spread	spread	miss	404	463
a08-128-spread	spread	hit	200	1
a08-128-spread	spread	miss	404	219
a08-128-spread	spread	hit	200	1
a08-128-spread	spread	miss	404	579
a08-128-spread	spread	hit	200	1
a08-128-spread	spread	miss	404	212
a08-128-spread	spread	hit	200	1
a08-128-spread	spread	miss	404	496
a08-128-spread	spread	hit	200	3
a08-128-spread	spread	miss	404	468
a08-128-spread	spread	hit	200	1
a08-128-spread	spread	miss	404	491
a08-128-spread	spread	hit	200	1
a08-128-spread	spread	miss	404	450
a08-128-spread	spread	hit	200	7
a08-128-spread	spread	miss	404	468
a08-128-spread	spread	hit	200	2
a08-128-spread	spread	miss	404	478
a08-128-spread	spread	hit	200	1
a08-128-spread	spread	miss	404	693
a08-128-spread	spread	hit	200	2
a08-128-spread	spread	miss	404	585
a08-128-spread	spread	hit	200	1
a08-128-spread	spread	miss	404	595
a08-128-spread	spread	hit	200	1
a08-128-spread	spread	miss	404	508
a08-128-spread	spread	hit	200	1
a08-128-spread	spread	miss	404	503
a08-128-spread	spread	hit	200	1
a08-128-spread	spread	miss	404	178
a08-128-spread	spread	hit	200	6
a08-128-spread	spread	miss	404	208
a08-128-spread	spread	hit	200	1
a08-128-spread	spread	miss	404	435
a08-128-spread	spread	hit	200	1
a08-128-spread	spread	miss	404	465
a08-128-spread	spread	hit	200	1
a08-128-spread	spread	miss	404	479
a08-128-spread	spread	hit	200	1
a08-128-spread	spread	miss	404	560
a08-128-spread	spread	hit	200	1
a08-128-spread	spread	miss	404	387
a08-128-spread	spread	hit	200	2
a08-128-spread	spread	miss	404	575
a08-128-spread	spread	hit	200	1
a08-128-spread	spread	miss	404	361
a08-128-spread	spread	hit	200	1
a08-128-spread	spread	miss	404	342
a08-128-spread	spread	hit	200	2
a08-128-spread	spread	miss	404	506
a08-128-spread	spread	hit	200	1
a08-128-spread	spread	miss	404	370
a08-128-spread	spread	hit	200	1
a08-128-spread	spread	miss	404	371
a08-128-spread	spread	hit	200	1
a08-128-spread	spread	miss	404	456
a08-128-spread	spread	hit	200	1
a08-128-spread	spread	miss	404	449
a08-128-spread	spread	hit	200	1
a08-128-spread	spread	miss	404	323
a08-128-spread	spread	hit	200	1
a08-128-spread	spread	miss	404	436
a08-128-spread	spread	hit	200	8
a08-128-spread	spread	miss	404	353
a08-128-spread	spread	hit	200	1
a08-128-spread	spread	miss	404	520
a08-128-spread	spread	hit	200	1
a08-128-spread	spread	miss	404	450
a08-128-spread	spread	hit	200	1
a08-128-spread	spread	miss	404	479
a08-128-spread	spread	hit	200	2
a08-128-spread	spread	miss	404	432
a08-128-spread	spread	hit	200	3
a08-128-spread	spread	miss	404	557
a08-128-spread	spread	hit	200	1
a08-128-spread	spread	miss	404	415
a08-128-spread	spread	hit	200	1
a08-128-spread	spread	miss	404	476
a08-128-spread	spread	hit	200	2
a08-128-spread	spread	miss	404	426
a08-128-spread	spread	hit	200	1
a08-128-spread	spread	miss	404	452
a08-128-spread	spread	hit	200	2
a08-128-spread	spread	miss	404	567
a08-128-spread	spread	hit	200	1
a08-128-spread	spread	miss	404	583
a08-128-spread	spread	hit	200	1
a08-128-spread	spread	miss	404	380
a08-128-spread	spread	hit	200	1
a08-128-spread	spread	miss	404	540
a08-128-spread	spread	hit	200	4
a08-128-spread	spread	miss	404	680
a08-128-spread	spread	hit	200	2
a08-128-spread	spread	miss	404	445
a08-128-spread	spread	hit	200	2
a08-128-spread	spread	miss	404	190
a08-128-spread	spread	hit	200	9
a08-128-spread	spread	miss	404	488
a08-128-spread	spread	hit	200	3
a08-128-spread	spread	miss	404	437
a08-128-spread	spread	hit	200	2
a08-128-spread	spread	miss	404	623
a08-128-spread	spread	hit	200	2
a08-128-spread	spread	miss	404	563
a08-128-spread	spread	hit	200	1
a08-128-spread	spread	miss	404	476
a08-128-spread	spread	hit	200	1
a08-128-spread	spread	miss	404	513
a08-128-spread	spread	hit	200	2
a08-128-spread	spread	miss	404	363
a08-128-spread	spread	hit	200	7
a08-128-spread	spread	miss	404	451
a08-128-spread	spread	hit	200	2
a08-128-spread	spread	miss	404	298
a08-128-spread	spread	hit	200	1
a08-128-spread	spread	miss	404	393
a08-128-spread	spread	hit	200	1
a08-128-spread	spread	miss	404	438
a08-128-spread	spread	hit	200	1
a08-128-spread	spread	miss	404	469
a08-128-spread	spread	hit	200	1
a08-128-spread	spread	miss	404	517
a08-128-spread	spread	hit	200	2
a08-128-spread	spread	miss	404	485
a08-128-spread	spread	hit	200	1
a08-128-spread	spread	miss	404	394
a08-128-spread	spread	hit	200	1
a08-128-spread	spread	miss	404	366
a08-128-spread	spread	hit	200	2
a08-128-spread	spread	miss	404	352
a08-128-spread	spread	hit	200	1
a08-128-spread	spread	miss	404	475
a08-128-spread	spread	hit	200	1
a08-128-spread	spread	miss	404	446
a08-128-spread	spread	hit	200	1
a08-128-spread	spread	miss	404	498
a08-128-spread	spread	hit	200	4
a08-128-spread	spread	miss	404	473
a08-128-spread	spread	hit	200	1
a08-128-spread	spread	miss	404	457
a08-128-spread	spread	hit	200	1
a08-128-spread	spread	miss	404	395
a08-128-spread	spread	hit	200	1
a08-128-spread	spread	miss	404	192
a08-128-spread	spread	hit	200	2
a08-128-spread	spread	miss	404	515
a08-128-spread	spread	hit	200	2
a08-128-spread	spread	miss	404	465
a08-128-spread	spread	hit	200	2
a08-128-spread	spread	miss	404	490
a08-128-spread	spread	hit	200	2
a08-128-spread	spread	miss	404	151
a08-128-spread	spread	hit	200	1
a08-128-spread	spread	miss	404	418
a08-128-spread	spread	hit	200	1
a08-128-spread	spread	miss	404	390
a08-128-spread	spread	hit	200	7
a08-128-spread	spread	miss	404	455
a08-128-spread	spread	hit	200	2
a08-128-spread	spread	miss	404	524
a08-128-spread	spread	hit	200	1
a08-128-spread	spread	miss	404	413
a08-128-spread	spread	hit	200	3
a08-128-spread	spread	miss	404	490
a08-128-spread	spread	hit	200	3
a08-128-spread	spread	miss	404	470
a08-128-spread	spread	hit	200	5
a08-128-spread	spread	miss	404	550
a08-128-spread	spread	hit	200	1
a08-128-spread	spread	miss	404	542
a08-128-spread	spread	hit	200	2
a08-128-spread	spread	miss	404	418
a08-128-spread	spread	hit	200	10
a08-128-spread	spread	miss	404	606
a08-128-spread	spread	hit	200	3
a08-128-spread	spread	miss	404	536
a08-128-spread	spread	hit	200	2
a08-128-spread	spread	miss	404	700
a08-128-spread	spread	hit	200	2
a08-128-spread	spread	miss	404	579
a08-128-spread	spread	hit	200	1
a08-128-spread	spread	miss	404	449
a08-128-spread	spread	hit	200	2
a08-128-spread	spread	miss	404	583
a08-128-spread	spread	hit	200	2
a08-128-spread	spread	miss	404	431
a08-128-spread	spread	hit	200	3
a08-128-spread	spread	miss	404	527
a08-128-spread	spread	hit	200	1
a08-128-spread	spread	miss	404	422
a08-128-spread	spread	hit	200	9
a08-128-spread	spread	miss	404	494
a08-128-spread	spread	hit	200	3
a08-128-spread	spread	miss	404	391
a08-128-spread	spread	hit	200	2
a08-128-spread	spread	miss	404	502
a08-128-spread	spread	hit	200	1
a08-128-spread	spread	miss	404	381
a08-128-spread	spread	hit	200	1
a08-128-spread	spread	miss	404	327
a08-128-spread	spread	hit	200	1
a08-128-spread	spread	miss	404	138
a08-128-spread	spread	hit	200	2
a08-128-spread	spread	miss	404	194
a08-128-spread	spread	hit	200	1
a08-128-spread	spread	miss	404	402
a08-128-spread	spread	hit	200	1
a08-128-spread	spread	miss	404	389
a08-128-spread	spread	hit	200	1
a08-128-spread	spread	miss	404	492
a08-128-spread	spread	hit	200	2
a08-128-spread	spread	miss	404	368
a08-128-spread	spread	hit	200	1
a08-128-spread	spread	miss	404	306
a08-128-spread	spread	hit	200	7
a08-128-spread	spread	miss	404	492
a08-128-spread	spread	hit	200	2
a08-128-spread	spread	miss	404	495
a08-128-spread	spread	hit	200	1
a08-128-spread	spread	miss	404	479
a08-128-spread	spread	hit	200	3
a08-128-spread	spread	miss	404	938
a08-128-spread	spread	hit	200	2
a08-128-spread	spread	miss	404	566
a08-128-spread	spread	hit	200	1
a08-128-spread	spread	miss	404	521
a08-128-spread	spread	hit	200	3
a08-128-spread	spread	miss	404	492
a08-128-spread	spread	hit	200	3
a08-128-spread	spread	miss	404	568
a08-128-spread	spread	hit	200	2
a08-128-spread	spread	miss	404	515
a08-128-spread	spread	hit	200	1
a08-128-spread	spread	miss	404	449
a08-128-spread	spread	hit	200	2
a08-128-spread	spread	miss	404	510
a08-128-spread	spread	hit	200	2
a08-128-spread	spread	miss	404	444
a08-128-spread	spread	hit	200	1
a08-128-spread	spread	miss	404	640
a08-128-spread	spread	hit	200	2
a08-128-spread	spread	miss	404	481
a08-128-spread	spread	hit	200	2
a08-128-spread	spread	miss	404	624
a08-128-spread	spread	hit	200	1
a08-128-spread	spread	miss	404	673
a08-128-spread	spread	hit	200	1
a08-128-spread	spread	miss	404	217
a08-128-spread	spread	hit	200	5
a08-128-spread	spread	miss	404	687
a08-128-spread	spread	hit	200	1
a08-128-spread	spread	miss	404	724
a08-128-spread	spread	hit	200	1
a08-128-spread	spread	miss	404	547
a08-128-spread	spread	hit	200	1
a08-128-spread	spread	miss	404	483
a08-128-spread	spread	hit	200	1
a08-128-spread	spread	miss	404	511
a08-128-spread	spread	hit	200	6
a08-128-spread	spread	miss	404	551
a08-128-spread	spread	hit	200	2
a08-128-spread	spread	miss	404	632
a08-128-spread	spread	hit	200	2
a08-128-spread	spread	miss	404	466
a08-128-spread	spread	hit	200	1
a08-128-spread	spread	miss	404	489
a08-128-spread	spread	hit	200	1
a08-128-spread	spread	miss	404	185
a08-128-spread	spread	hit	200	2
a08-128-spread	spread	miss	404	585
a08-128-spread	spread	hit	200	3
a08-128-spread	spread	miss	404	772
a08-128-spread	spread	hit	200	2
a08-128-spread	spread	miss	404	431
a08-128-spread	spread	hit	200	1
a08-128-spread	spread	miss	404	483
a08-128-spread	spread	hit	200	2
a08-128-spread	spread	miss	404	477
a08-128-spread	spread	hit	200	1
a08-128-spread	spread	miss	404	548
a08-128-spread	spread	hit	200	1
a08-128-spread	spread	miss	404	543
a08-128-spread	spread	hit	200	1
a08-128-spread	spread	miss	404	517
a08-128-spread	spread	hit	200	1
a08-128-spread	spread	miss	404	183
a08-128-spread	spread	hit	200	1
a08-128-spread	spread	miss	404	468
a08-128-spread	spread	hit	200	2
a08-128-spread	spread	miss	404	402
a08-128-spread	spread	hit	200	1
a08-128-spread	spread	miss	404	617
a08-128-spread	spread	hit	200	1
a08-128-spread	spread	miss	404	480
a08-128-spread	spread	hit	200	8
a08-128-spread	spread	miss	404	434
a08-128-spread	spread	hit	200	2
a08-128-spread	spread	miss	404	567
a08-128-spread	spread	hit	200	4
a08-128-spread	spread	miss	404	390
a08-128-spread	spread	hit	200	1
a08-128-spread	spread	miss	404	520
a08-128-spread	spread	hit	200	1
a08-128-spread	spread	miss	404	324
a08-128-spread	spread	hit	200	3
a08-128-spread	spread	miss	404	499
a08-128-spread	spread	hit	200	1
a08-128-spread	spread	miss	404	417
a08-128-spread	spread	hit	200	3
a08-128-spread	spread	miss	404	443
a08-128-spread	spread	hit	200	3
a08-128-spread	spread	miss	404	459
a08-128-spread	spread	hit	200	1
a08-128-spread	spread	miss	404	450
a08-128-spread	spread	hit	200	2
a08-128-spread	spread	miss	404	226
a08-128-spread	spread	hit	200	1
a08-128-spread	spread	miss	404	500
a08-128-spread	spread	hit	200	2
a08-128-spread	spread	miss	404	557
a08-128-spread	spread	hit	200	2
a08-128-spread	spread	miss	404	433
a08-128-spread	spread	hit	200	1
a08-128-spread	spread	miss	404	149
a08-128-spread	spread	hit	200	7
a08-128-spread	spread	miss	404	171
a08-128-spread	spread	hit	200	2
a08-128-spread	spread	miss	404	450
a08-128-spread	spread	hit	200	1
a08-128-spread	spread	miss	404	452
a08-128-spread	spread	hit	200	4
a08-128-spread	spread	miss	404	242
a08-128-spread	spread	hit	200	2
a08-128-spread	spread	miss	404	439
a08-128-spread	spread	hit	200	2
a08-128-spread	spread	miss	404	521
a08-128-spread	spread	hit	200	2
a08-128-spread	spread	miss	404	314
a08-128-spread	spread	hit	200	1
a08-128-spread	spread	miss	404	236
a08-128-spread	spread	hit	200	2
a08-128-spread	spread	miss	404	482
a08-128-spread	spread	hit	200	2
a08-128-spread	spread	miss	404	436
a08-128-spread	spread	hit	200	2
a08-128-spread	spread	miss	404	538
a08-128-spread	spread	hit	200	4
a08-128-spread	spread	miss	404	487
a08-128-spread	spread	hit	200	2
a08-128-spread	spread	miss	404	443
a08-128-spread	spread	hit	200	3
a08-128-spread	spread	miss	404	214
a08-128-spread	spread	hit	200	2
a08-128-spread	spread	miss	404	325
a08-128-spread	spread	hit	200	1
a08-128-spread	spread	miss	404	174
a08-128-spread	spread	hit	200	2
a08-128-spread	spread	miss	404	448
a08-128-spread	spread	hit	200	1
a08-128-spread	spread	miss	404	522
a08-128-spread	spread	hit	200	1
a08-128-spread	spread	miss	404	472
a08-128-spread	spread	hit	200	1
a08-128-spread	spread	miss	404	499
a08-128-spread	spread	hit	200	1
a08-128-spread	spread	miss	404	487
a08-128-spread	spread	hit	200	2
a08-128-spread	spread	miss	404	184
a08-128-spread	spread	hit	200	1
a08-128-spread	spread	miss	404	504
a08-128-spread	spread	hit	200	1
a08-128-spread	spread	miss	404	451
a08-128-spread	spread	hit	200	1
a08-128-spread	spread	miss	404	360
a08-128-spread	spread	hit	200	1
a08-128-spread	spread	miss	404	628
a08-128-spread	spread	hit	200	1
a08-128-spread	spread	miss	404	452
a08-128-spread	spread	hit	200	1
a08-128-spread	spread	miss	404	431
a08-128-spread	spread	hit	200	1
a08-128-spread	spread	miss	404	379
a08-128-spread	spread	hit	200	1
a08-128-spread	spread	miss	404	449
a08-128-spread	spread	hit	200	2
a08-128-spread	spread	miss	404	293
a08-128-spread	spread	hit	200	2
a08-128-spread	spread	miss	404	632
a08-128-spread	spread	hit	200	1
a08-128-spread	spread	miss	404	439
a08-128-spread	spread	hit	200	5
a08-128-spread	spread	miss	404	420
a08-128-spread	spread	hit	200	1
a08-128-spread	spread	miss	404	591
a08-128-spread	spread	hit	200	1
a08-128-spread	spread	miss	404	469
a08-128-spread	spread	hit	200	1
a08-128-spread	spread	miss	404	516
a08-128-spread	spread	hit	200	1
a08-128-spread	spread	miss	404	401
a08-128-spread	spread	hit	200	2
a08-128-spread	spread	miss	404	480
a08-128-spread	spread	hit	200	1
a08-128-spread	spread	miss	404	494
a08-128-spread	spread	hit	200	1
a08-128-spread	spread	miss	404	513
a08-128-spread	spread	hit	200	2
a08-128-spread	spread	miss	404	526
a08-128-spread	spread	hit	200	1
a08-128-spread	spread	miss	404	492
a08-128-spread	spread	hit	200	1
a08-128-spread	spread	miss	404	299
a08-128-spread	spread	hit	200	1
a08-128-spread	spread	miss	404	549
a08-128-spread	spread	hit	200	1
a08-128-spread	spread	miss	404	545
a08-128-spread	spread	hit	200	2
a08-128-spread	spread	miss	404	428
a08-128-spread	spread	hit	200	13
a08-128-spread	spread	miss	404	520
a08-128-spread	spread	hit	200	1
a08-128-spread	spread	miss	404	539
a08-128-spread	spread	hit	200	1
a08-128-spread	spread	miss	404	486
a08-128-spread	spread	hit	200	1
a08-128-spread	spread	miss	404	505
a08-128-spread	spread	hit	200	1
a08-128-spread	spread	miss	404	547
a08-128-spread	spread	hit	200	1
a08-128-spread	spread	miss	404	178
a08-128-spread	spread	hit	200	3
a08-128-spread	spread	miss	404	472
a08-128-spread	spread	hit	200	3
a08-128-spread	spread	miss	404	436
a08-128-spread	spread	hit	200	1
a08-128-spread	spread	miss	404	504
a08-128-spread	spread	hit	200	1
a08-128-spread	spread	miss	404	285
a08-128-spread	spread	hit	200	2
a08-128-spread	spread	miss	404	197
a08-128-spread	spread	hit	200	2
a08-128-spread	spread	miss	404	444
a08-128-spread	spread	hit	200	1
a08-128-spread	spread	miss	404	419
a08-128-spread	spread	hit	200	1
a08-128-spread	spread	miss	404	494
a08-128-spread	spread	hit	200	1
a08-128-spread	spread	miss	404	389
a08-128-spread	spread	hit	200	7
a08-128-spread	spread	miss	404	442
a08-128-spread	spread	hit	200	4
a08-128-spread	spread	miss	404	426
a08-128-spread	spread	hit	200	1
a08-128-spread	spread	miss	404	506
a08-128-spread	spread	hit	200	1
a08-128-spread	spread	miss	404	455
a08-128-spread	spread	hit	200	1
a08-128-spread	spread	miss	404	412
a08-128-spread	spread	hit	200	7
a08-128-spread	spread	miss	404	352
a08-128-spread	spread	hit	200	1
a08-128-spread	spread	miss	404	368
a08-128-spread	spread	hit	200	6
a08-128-spread	spread	miss	404	501
a08-128-spread	spread	hit	200	1
a08-128-spread	spread	miss	404	486
a08-128-spread	spread	hit	200	3
a08-128-spread	spread	miss	404	453
a08-128-spread	spread	hit	200	2
a08-128-spread	spread	miss	404	488
a08-128-spread	spread	hit	200	3
a08-128-spread	spread	miss	404	459
a08-128-spread	spread	hit	200	3
a08-128-spread	spread	miss	404	313
a08-128-spread	spread	hit	200	2
a08-128-spread	spread	miss	404	435
a08-128-spread	spread	hit	200	1
a08-128-spread	spread	miss	404	442
a08-128-spread	spread	hit	200	1
a08-128-spread	spread	miss	404	406
a08-128-spread	spread	hit	200	4
a08-128-spread	spread	miss	404	498
a08-128-spread	spread	hit	200	2
a08-128-spread	spread	miss	404	522
a08-128-spread	spread	hit	200	3
a08-128-spread	spread	miss	404	634
a08-128-spread	spread	hit	200	1
a08-128-spread	spread	miss	404	453
a08-128-spread	spread	hit	200	1
a08-128-spread	spread	miss	404	558
a08-128-spread	spread	hit	200	1
a08-128-spread	spread	miss	404	444
a08-128-spread	spread	hit	200	7
a08-128-spread	spread	miss	404	383
a08-128-spread	spread	hit	200	1
a08-128-spread	spread	miss	404	525
a08-128-spread	spread	hit	200	2
a08-128-spread	spread	miss	404	467
a08-128-spread	spread	hit	200	2
a08-128-spread	spread	miss	404	538
a08-128-spread	spread	hit	200	1
a08-128-spread	spread	miss	404	540
a08-128-spread	spread	hit	200	1
a08-128-spread	spread	miss	404	683
a08-128-spread	spread	hit	200	1
a08-128-spread	spread	miss	404	435
a08-128-spread	spread	hit	200	1
a08-128-spread	spread	miss	404	554
a08-128-spread	spread	hit	200	1
a08-128-spread	spread	miss	404	364
a08-128-spread	spread	hit	200	5
a08-128-spread	spread	miss	404	424
a08-128-spread	spread	hit	200	1
a08-128-spread	spread	miss	404	481
a08-128-spread	spread	hit	200	1
a08-128-spread	spread	miss	404	222
a08-128-spread	spread	hit	200	2
a08-128-spread	spread	miss	404	547
a08-128-spread	spread	hit	200	1
a08-128-spread	spread	miss	404	406
a08-128-spread	spread	hit	200	6
a08-128-spread	spread	miss	404	536
a08-128-spread	spread	hit	200	2
a08-128-spread	spread	miss	404	527
a08-128-spread	spread	hit	200	10
a08-128-spread	spread	miss	404	504
a08-128-spread	spread	hit	200	3
a08-128-spread	spread	miss	404	472
a08-128-spread	spread	hit	200	1
a08-128-spread	spread	miss	404	466
a08-128-spread	spread	hit	200	1
a08-128-spread	spread	miss	404	515
a08-128-spread	spread	hit	200	1
a08-128-spread	spread	miss	404	439
a08-128-spread	spread	hit	200	1
a08-128-spread	spread	miss	404	518
a08-128-spread	spread	hit	200	2
a08-128-spread	spread	miss	404	427
a08-128-spread	spread	hit	200	1
a08-128-spread	spread	miss	404	430
a08-128-spread	spread	hit	200	1
a08-128-spread	spread	miss	404	492
a08-128-spread	spread	hit	200	1
a08-128-spread	spread	miss	404	495
a08-128-spread	spread	hit	200	1
a08-128-spread	spread	miss	404	372
a08-128-spread	spread	hit	200	1
a08-128-spread	spread	miss	404	492
a08-128-spread	spread	hit	200	1
a08-128-spread	spread	miss	404	460
a08-128-spread	spread	hit	200	1
a08-128-spread	spread	miss	404	448
a08-128-spread	spread	hit	200	1
a08-128-spread	spread	miss	404	453
a08-128-spread	spread	hit	200	2
a08-128-spread	spread	miss	404	505
a08-128-spread	spread	hit	200	2
a08-128-spread	spread	miss	404	512
a08-128-spread	spread	hit	200	2
a08-128-spread	spread	miss	404	501
a08-128-spread	spread	hit	200	1
a08-128-spread	spread	miss	404	550
a08-128-spread	spread	hit	200	7
a08-128-spread	spread	miss	404	456
a08-128-spread	spread	hit	200	2
a08-128-spread	spread	miss	404	469
a08-128-spread	spread	hit	200	1
a08-128-spread	spread	miss	404	165
a08-128-spread	spread	hit	200	1
a08-128-spread	spread	miss	404	268
a08-128-spread	spread	hit	200	2
a08-128-spread	spread	miss	404	490
a08-128-spread	spread	hit	200	3
a08-128-spread	spread	miss	404	575
a08-128-spread	spread	hit	200	2
a08-128-spread	spread	miss	404	587
a08-128-spread	spread	hit	200	1
a08-128-spread	spread	miss	404	421
a08-128-spread	spread	hit	200	1
a08-128-spread	spread	miss	404	438
a08-128-spread	spread	hit	200	2
a08-128-spread	spread	miss	404	571
a08-128-spread	spread	hit	200	2
a08-128-spread	spread	miss	404	428
a08-128-spread	spread	hit	200	1
a08-128-spread	spread	miss	404	438
a08-128-spread	spread	hit	200	2
a08-128-spread	spread	miss	404	511
a08-128-spread	spread	hit	200	1
a08-128-spread	spread	miss	404	375
a08-128-spread	spread	hit	200	2
a08-128-spread	spread	miss	404	396
a08-128-spread	spread	hit	200	1
a08-128-spread	spread	miss	404	506
a08-128-spread	spread	hit	200	1
a08-128-spread	spread	miss	404	427
a08-128-spread	spread	hit	200	1
a08-128-spread	spread	miss	404	405
a08-128-spread	spread	hit	200	1
a08-128-spread	spread	miss	404	558
a08-128-spread	spread	hit	200	1
a08-128-spread	spread	miss	404	324
a08-128-spread	spread	hit	200	1
a08-128-spread	spread	miss	404	478
a08-128-spread	spread	hit	200	1
a08-128-spread	spread	miss	404	643
a08-128-spread	spread	hit	200	1
a08-128-spread	spread	miss	404	480
a08-128-spread	spread	hit	200	1
a08-128-spread	spread	miss	404	371
a08-128-spread	spread	hit	200	3
a08-128-spread	spread	miss	404	500
a08-128-spread	spread	hit	200	5
a08-128-spread	spread	miss	404	525
a08-128-spread	spread	hit	200	2
a08-128-spread	spread	miss	404	486
a08-128-spread	spread	hit	200	2
a08-128-spread	spread	miss	404	418
a08-128-spread	spread	hit	200	1
a08-128-spread	spread	miss	404	360
a08-128-spread	spread	hit	200	5
a08-128-spread	spread	miss	404	423
a08-128-spread	spread	hit	200	1
a08-128-spread	spread	miss	404	481
a08-128-spread	spread	hit	200	1
a08-128-spread	spread	miss	404	373
a08-128-spread	spread	hit	200	2
a08-128-spread	spread	miss	404	414
a08-128-spread	spread	hit	200	1
a08-128-spread	spread	miss	404	387
a08-128-spread	spread	hit	200	1
a08-128-spread	spread	miss	404	510
a08-128-spread	spread	hit	200	2
a08-128-spread	spread	miss	404	511
a08-128-spread	spread	hit	200	2
a08-128-spread	spread	miss	404	707
a08-128-spread	spread	hit	200	1
a08-128-spread	spread	miss	404	309
a08-128-spread	spread	hit	200	3
a08-128-spread	spread	miss	404	484
a08-128-spread	spread	hit	200	1
a08-128-spread	spread	miss	404	472
a08-128-spread	spread	hit	200	6
a08-128-spread	spread	miss	404	465
a08-128-spread	spread	hit	200	2
a08-128-spread	spread	miss	404	803
a08-128-spread	spread	hit	200	2
a08-128-spread	spread	miss	404	547
a08-128-spread	spread	hit	200	1
a08-128-spread	spread	miss	404	557
a08-128-spread	spread	hit	200	1
a08-128-spread	spread	miss	404	224
a08-128-spread	spread	hit	200	3
a08-128-spread	spread	miss	404	499
a08-128-spread	spread	hit	200	1
a08-128-spread	spread	miss	404	599
a08-128-spread	spread	hit	200	3
a08-128-spread	spread	miss	404	512
a08-128-spread	spread	hit	200	1
a08-128-spread	spread	miss	404	405
a08-128-spread	spread	hit	200	1
a08-128-spread	spread	miss	404	718
a08-128-spread	spread	hit	200	2
a08-128-spread	spread	miss	404	374
a08-128-spread	spread	hit	200	2
a08-128-spread	spread	miss	404	553
a08-128-spread	spread	hit	200	1
a08-128-spread	spread	miss	404	458
a08-128-spread	spread	hit	200	1
a08-128-spread	spread	miss	404	338
a08-128-spread	spread	hit	200	2
a08-128-spread	spread	miss	404	437
a08-128-spread	spread	hit	200	2
a08-128-spread	spread	miss	404	462
a08-128-spread	spread	hit	200	2
a08-128-spread	spread	miss	404	354
a08-128-spread	spread	hit	200	1
a08-128-spread	spread	miss	404	482
a08-128-spread	spread	hit	200	2
a08-128-spread	spread	miss	404	532
a08-128-spread	spread	hit	200	1
a08-128-spread	spread	miss	404	618
a08-128-spread	spread	hit	200	1
a08-128-spread	spread	miss	404	475
a08-128-spread	spread	hit	200	1
a08-128-spread	spread	miss	404	506
a08-128-spread	spread	hit	200	1
a08-128-spread	spread	miss	404	438
a08-128-spread	spread	hit	200	3
a08-128-spread	spread	miss	404	343
a08-128-spread	spread	hit	200	4
a08-128-spread	spread	miss	404	459
a08-128-spread	spread	hit	200	1
a08-128-spread	spread	miss	404	444
a08-128-spread	spread	hit	200	1
a08-128-spread	spread	miss	404	407
a08-128-spread	spread	hit	200	3
a08-128-spread	spread	miss	404	433
a08-128-spread	spread	hit	200	1
a08-128-spread	spread	miss	404	467
a08-128-spread	spread	hit	200	1
a08-128-spread	spread	miss	404	568
a08-128-spread	spread	hit	200	2
a08-128-spread	spread	miss	404	364
a08-128-spread	spread	hit	200	1
a08-128-spread	spread	miss	404	408
a08-128-spread	spread	hit	200	2
a08-128-spread	spread	miss	404	344
a08-128-spread	spread	hit	200	1
a08-128-spread	spread	miss	404	443
a08-128-spread	spread	hit	200	10
a08-128-spread	spread	miss	404	428
a08-128-spread	spread	hit	200	1
a08-128-spread	spread	miss	404	436
a08-128-spread	spread	hit	200	1
a08-128-spread	spread	miss	404	489
a08-128-spread	spread	hit	200	1
a08-128-spread	spread	miss	404	544
a08-128-spread	spread	hit	200	4
a08-128-spread	spread	miss	404	498
a08-128-spread	spread	hit	200	6
a08-128-spread	spread	miss	404	453
a08-128-spread	spread	hit	200	2
a08-128-spread	spread	miss	404	666
a08-128-spread	spread	hit	200	2
a08-128-spread	spread	miss	404	584
a08-128-spread	spread	hit	200	3
a08-128-spread	spread	miss	404	195
a08-128-spread	spread	hit	200	2
a08-128-spread	spread	miss	404	565
a08-128-spread	spread	hit	200	1
a08-128-spread	spread	miss	404	589
a08-128-spread	spread	hit	200	1
a08-128-spread	spread	miss	404	437
a08-128-spread	spread	hit	200	1
a08-128-spread	spread	miss	404	483
a08-128-spread	spread	hit	200	1
a08-128-spread	spread	miss	404	571
a08-128-spread	spread	hit	200	1
a08-128-spread	spread	miss	404	253
a08-128-spread	spread	hit	200	1
a08-128-spread	spread	miss	404	554
a08-128-spread	spread	hit	200	2
a08-128-spread	spread	miss	404	549
a08-128-spread	spread	hit	200	1
a08-128-spread	spread	miss	404	507
a08-128-spread	spread	hit	200	2
a08-128-spread	spread	miss	404	374
a08-128-spread	spread	hit	200	2
a08-128-spread	spread	miss	404	444
a08-128-spread	spread	hit	200	2
a08-128-spread	spread	miss	404	496
a08-128-spread	spread	hit	200	9
a08-128-spread	spread	miss	404	172
a08-128-spread	spread	hit	200	2
a08-128-spread	spread	miss	404	473
a08-128-spread	spread	hit	200	1
a08-128-spread	spread	miss	404	459
a08-128-spread	spread	hit	200	1
a08-128-spread	spread	miss	404	428
a08-128-spread	spread	hit	200	1
a08-128-spread	spread	miss	404	585
a08-128-spread	spread	hit	200	1
a08-128-spread	spread	miss	404	502
a08-128-spread	spread	hit	200	1
a08-128-spread	spread	miss	404	429
a08-128-spread	spread	hit	200	1
a08-128-spread	spread	miss	404	437
a08-128-spread	spread	hit	200	2
a08-128-spread	spread	miss	404	398
a08-128-spread	spread	hit	200	2
a08-128-spread	spread	miss	404	567
a08-128-spread	spread	hit	200	1
a08-128-spread	spread	miss	404	440
a08-128-spread	spread	hit	200	1
a08-128-spread	spread	miss	404	161
a08-128-spread	spread	hit	200	2
a08-128-spread	spread	miss	404	456
a08-128-spread	spread	hit	200	1
a08-128-spread	spread	miss	404	394
a08-128-spread	spread	hit	200	2
a08-128-spread	spread	miss	404	560
a08-128-spread	spread	hit	200	2
a08-128-spread	spread	miss	404	447
a08-128-spread	spread	hit	200	2
a08-128-spread	spread	miss	404	370
a08-128-spread	spread	hit	200	2
a08-128-spread	spread	miss	404	515
a08-128-spread	spread	hit	200	1
a08-128-spread	spread	miss	404	421
a08-128-spread	spread	hit	200	4
a08-128-spread	spread	miss	404	497
a08-128-spread	spread	hit	200	1
a08-128-spread	spread	miss	404	466
a08-128-spread	spread	hit	200	2
a08-128-spread	spread	miss	404	458
a08-128-spread	spread	hit	200	1
a08-128-spread	spread	miss	404	726
a08-128-spread	spread	hit	200	2
a08-128-spread	spread	miss	404	532
a08-128-spread	spread	hit	200	1
a08-128-spread	spread	miss	404	699
a08-128-spread	spread	hit	200	1
a08-128-spread	spread	miss	404	473
a08-128-spread	spread	hit	200	1
a08-128-spread	spread	miss	404	532
a08-128-spread	spread	hit	200	2
a08-128-spread	spread	miss	404	432
a08-128-spread	spread	hit	200	1
a08-128-spread	spread	miss	404	574
a08-128-spread	spread	hit	200	2
a08-128-spread	spread	miss	404	594
a08-128-spread	spread	hit	200	2
a08-128-spread	spread	miss	404	614
a08-128-spread	spread	hit	200	3
a08-128-spread	spread	miss	404	488
a08-128-spread	spread	hit	200	1
a08-128-spread	spread	miss	404	570
a08-128-spread	spread	hit	200	1
a08-128-spread	spread	miss	404	266
a08-128-spread	spread	hit	200	3
a08-128-spread	spread	miss	404	480
a08-128-spread	spread	hit	200	4
a08-128-spread	spread	miss	404	473
a08-128-spread	spread	hit	200	2
a08-128-spread	spread	miss	404	536
a08-128-spread	spread	hit	200	1
a08-128-spread	spread	miss	404	585
a08-128-spread	spread	hit	200	1
a08-128-spread	spread	miss	404	616
a08-128-spread	spread	hit	200	2
a08-128-spread	spread	miss	404	471
a08-128-spread	spread	hit	200	5
a08-128-spread	spread	miss	404	377
a08-128-spread	spread	hit	200	1
a08-128-spread	spread	miss	404	281
a08-128-spread	spread	hit	200	1
a08-128-spread	spread	miss	404	170
a08-128-spread	spread	hit	200	2
a08-128-spread	spread	miss	404	402
a08-128-spread	spread	hit	200	1
a08-128-spread	spread	miss	404	528
a08-128-spread	spread	hit	200	1
a08-128-spread	spread	miss	404	425
a08-128-spread	spread	hit	200	3
a08-128-spread	spread	miss	404	367
a08-128-spread	spread	hit	200	1
a08-128-spread	spread	miss	404	468
a08-128-spread	spread	hit	200	1
a08-128-spread	spread	miss	404	415
a08-128-spread	spread	hit	200	1
a08-128-spread	spread	miss	404	423
a08-128-spread	spread	hit	200	1
a08-128-spread	spread	miss	404	463
a08-128-spread	spread	hit	200	1
a08-128-spread	spread	miss	404	385
a08-128-spread	spread	hit	200	2
a08-128-spread	spread	miss	404	486
a08-128-spread	spread	hit	200	1
a08-128-spread	spread	miss	404	421
a08-128-spread	spread	hit	200	1
a08-128-spread	spread	miss	404	475
a08-128-spread	spread	hit	200	1
a08-128-spread	spread	miss	404	466
a08-128-spread	spread	hit	200	1
a08-128-spread	spread	miss	404	140
a08-128-spread	spread	hit	200	2
a08-128-spread	spread	miss	404	514
a08-128-spread	spread	hit	200	2
a08-128-spread	spread	miss	404	478
a08-128-spread	spread	hit	200	1
a08-128-spread	spread	miss	404	468
a08-128-spread	spread	hit	200	1
a08-128-spread	spread	miss	404	347
a08-128-spread	spread	hit	200	2
a08-128-spread	spread	miss	404	433
a08-128-spread	spread	hit	200	2
a08-128-spread	spread	miss	404	527
a08-128-spread	spread	hit	200	1
a08-128-spread	spread	miss	404	523
a08-128-spread	spread	hit	200	1
a08-128-spread	spread	miss	404	427
a08-128-spread	spread	hit	200	8
a08-128-spread	spread	miss	404	393
a08-128-spread	spread	hit	200	2
a08-128-spread	spread	miss	404	515
a08-128-spread	spread	hit	200	1
a08-128-spread	spread	miss	404	514
a08-128-spread	spread	hit	200	1
a08-128-spread	spread	miss	404	484
a08-128-spread	spread	hit	200	3
a08-128-spread	spread	miss	404	556
a08-128-spread	spread	hit	200	3
a08-128-spread	spread	miss	404	221
a08-128-spread	spread	hit	200	9
a08-128-spread	spread	miss	404	602
a08-128-spread	spread	hit	200	5
a08-128-spread	spread	miss	404	501
a08-128-spread	spread	hit	200	1
a08-128-spread	spread	miss	404	634
a08-128-spread	spread	hit	200	2
a08-128-spread	spread	miss	404	468
a08-128-spread	spread	hit	200	6
a08-128-spread	spread	miss	404	375
a08-128-spread	spread	hit	200	1
a08-128-spread	spread	miss	404	552
a08-128-spread	spread	hit	200	2
a08-128-spread	spread	miss	404	490
a08-128-spread	spread	hit	200	1
a08-128-spread	spread	miss	404	463
a08-128-spread	spread	hit	200	2
a08-128-spread	spread	miss	404	466
a08-128-spread	spread	hit	200	2
a08-128-spread	spread	miss	404	424
a08-128-spread	spread	hit	200	1
a08-128-spread	spread	miss	404	461
a08-128-spread	spread	hit	200	2
a08-128-spread	spread	miss	404	376
a08-128-spread	spread	hit	200	9
a08-128-spread	spread	miss	404	499
a08-128-spread	spread	hit	200	1
a08-128-spread	spread	miss	404	448
a08-128-spread	spread	hit	200	4
a08-128-spread	spread	miss	404	195
a08-128-spread	spread	hit	200	1
a08-128-spread	spread	miss	404	366
a08-128-spread	spread	hit	200	1
a08-128-spread	spread	miss	404	363
a08-128-spread	spread	hit	200	2
a08-128-spread	spread	miss	404	541
a08-128-spread	spread	hit	200	6
a08-128-spread	spread	miss	404	397
a08-128-spread	spread	hit	200	2
a08-128-spread	spread	miss	404	383
a08-128-spread	spread	hit	200	3
a08-128-spread	spread	miss	404	495
a08-128-spread	spread	hit	200	1
a08-128-spread	spread	miss	404	399
a08-128-spread	spread	hit	200	1
a08-128-spread	spread	miss	404	388
a08-128-spread	spread	hit	200	1
a08-128-spread	spread	miss	404	528
a08-128-spread	spread	hit	200	1
a08-128-spread	spread	miss	404	519
a08-128-spread	spread	hit	200	3
a08-128-spread	spread	miss	404	442
a08-128-spread	spread	hit	200	1
a08-128-spread	spread	miss	404	504
a08-128-spread	spread	hit	200	1
a08-128-spread	spread	miss	404	474
a08-128-spread	spread	hit	200	1
a08-128-spread	spread	miss	404	463
a08-128-spread	spread	hit	200	2
a08-128-spread	spread	miss	404	434
a08-128-spread	spread	hit	200	1
a08-128-spread	spread	miss	404	499
a08-128-spread	spread	hit	200	3
a08-128-spread	spread	miss	404	169
a08-128-spread	spread	hit	200	2
a08-128-spread	spread	miss	404	374
a08-128-spread	spread	hit	200	6
a08-128-spread	spread	miss	404	931
a08-128-spread	spread	hit	200	3
a08-128-spread	spread	miss	404	477
a08-128-spread	spread	hit	200	1
a08-128-spread	spread	miss	404	483
a08-128-spread	spread	hit	200	2
a08-128-spread	spread	miss	404	443
a08-128-spread	spread	hit	200	1
a08-128-spread	spread	miss	404	535
a08-128-spread	spread	hit	200	1
a08-128-spread	spread	miss	404	546
a08-128-spread	spread	hit	200	1
a08-128-spread	spread	miss	404	574
a08-128-spread	spread	hit	200	3
a08-128-spread	spread	miss	404	583
a08-128-spread	spread	hit	200	9
a08-128-spread	spread	miss	404	617
a08-128-spread	spread	hit	200	2
a08-128-spread	spread	miss	404	205
a08-128-spread	spread	hit	200	2
a08-128-spread	spread	miss	404	440
a08-128-spread	spread	hit	200	3
a08-128-spread	spread	miss	404	434
a08-128-spread	spread	hit	200	2
a08-128-spread	spread	miss	404	561
a08-128-spread	spread	hit	200	2
a08-128-spread	spread	miss	404	528
a08-128-spread	spread	hit	200	4
a08-128-spread	spread	miss	404	442
a08-128-spread	spread	hit	200	9
a08-128-spread	spread	miss	404	423
a08-128-spread	spread	hit	200	2
a08-128-spread	spread	miss	404	383
a08-128-spread	spread	hit	200	2
a08-128-spread	spread	miss	404	377
a08-128-spread	spread	hit	200	1
a08-128-spread	spread	miss	404	484
a08-128-spread	spread	hit	200	1
a08-128-spread	spread	miss	404	435
a08-128-spread	spread	hit	200	1
a08-128-spread	spread	miss	404	413
a08-128-spread	spread	hit	200	1
a08-128-spread	spread	miss	404	488
a08-128-spread	spread	hit	200	1
a08-128-spread	spread	miss	404	610
a08-128-spread	spread	hit	200	1
a08-128-spread	spread	miss	404	382
a08-128-spread	spread	hit	200	1
a08-128-spread	spread	miss	404	424
a08-128-spread	spread	hit	200	1
a08-128-spread	spread	miss	404	182
a08-128-spread	spread	hit	200	1
a08-128-spread	spread	miss	404	308
a08-128-spread	spread	hit	200	1
a08-128-spread	spread	miss	404	464
a08-128-spread	spread	hit	200	8
a08-128-spread	spread	miss	404	496
a08-128-spread	spread	hit	200	1
a08-128-spread	spread	miss	404	472
a08-128-spread	spread	hit	200	1
a08-128-spread	spread	miss	404	477
a08-128-spread	spread	hit	200	1
a08-128-spread	spread	miss	404	226
a08-128-spread	spread	hit	200	2
a08-128-spread	spread	miss	404	422
a08-128-spread	spread	hit	200	1
a08-128-spread	spread	miss	404	460
a08-128-spread	spread	hit	200	1
a08-128-spread	spread	miss	404	500
a08-128-spread	spread	hit	200	1
a08-128-spread	spread	miss	404	438
a08-128-spread	spread	hit	200	1
a08-128-spread	spread	miss	404	472
a08-128-spread	spread	hit	200	2
a08-128-spread	spread	miss	404	477
a08-128-spread	spread	hit	200	9
a08-128-spread	spread	miss	404	522
a08-128-spread	spread	hit	200	1
a08-128-spread	spread	miss	404	467
a08-128-spread	spread	hit	200	1
a08-128-spread	spread	miss	404	426
a08-128-spread	spread	hit	200	2
a08-128-spread	spread	miss	404	511
a08-128-spread	spread	hit	200	1
a08-128-spread	spread	miss	404	662
a08-128-spread	spread	hit	200	1
a08-128-spread	spread	miss	404	539
a08-128-spread	spread	hit	200	4
a08-128-spread	spread	miss	404	520
a08-128-spread	spread	hit	200	2
a08-128-spread	spread	miss	404	483
a08-128-spread	spread	hit	200	3
a08-128-spread	spread	miss	404	614
a08-128-spread	spread	hit	200	1
a08-128-spread	spread	miss	404	569
a08-128-spread	spread	hit	200	1
a08-128-spread	spread	miss	404	231
a08-128-spread	spread	hit	200	2
a08-128-spread	spread	miss	404	524
a08-128-spread	spread	hit	200	2
a08-128-spread	spread	miss	404	574
a08-128-spread	spread	hit	200	1
a08-128-spread	spread	miss	404	547
a08-128-spread	spread	hit	200	3
a08-128-spread	spread	miss	404	592
a08-128-spread	spread	hit	200	2
a08-128-spread	spread	miss	404	484
a08-128-spread	spread	hit	200	1
a08-128-spread	spread	miss	404	341
a08-128-spread	spread	hit	200	4
a08-128-spread	spread	miss	404	503
a08-128-spread	spread	hit	200	1
a08-128-spread	spread	miss	404	171
a08-128-spread	spread	hit	200	1
a08-128-spread	spread	miss	404	378
a08-128-spread	spread	hit	200	1
a08-128-spread	spread	miss	404	389
a08-128-spread	spread	hit	200	2
a08-128-spread	spread	miss	404	433
a08-128-spread	spread	hit	200	1
a08-128-spread	spread	miss	404	457
a08-128-spread	spread	hit	200	1
a08-128-spread	spread	miss	404	460
a08-128-spread	spread	hit	200	2
a08-128-spread	spread	miss	404	502
a08-128-spread	spread	hit	200	1
a08-128-spread	spread	miss	404	489
a08-128-spread	spread	hit	200	2
a08-128-spread	spread	miss	404	456
a08-128-spread	spread	hit	200	1
a08-128-spread	spread	miss	404	395
a08-128-spread	spread	hit	200	1
a08-128-spread	spread	miss	404	368
a08-128-spread	spread	hit	200	2
a08-128-spread	spread	miss	404	469
a08-128-spread	spread	hit	200	2
a08-128-spread	spread	miss	404	458
a08-128-spread	spread	hit	200	1
a08-128-spread	spread	miss	404	632
a08-128-spread	spread	hit	200	1
a08-128-spread	spread	miss	404	542
a08-128-spread	spread	hit	200	1
a08-128-spread	spread	miss	404	410
a08-128-spread	spread	hit	200	1
a08-128-spread	spread	miss	404	458
a08-128-spread	spread	hit	200	2
a08-128-spread	spread	miss	404	437
a08-128-spread	spread	hit	200	1
a08-128-spread	spread	miss	404	517
a08-128-spread	spread	hit	200	1
a08-128-spread	spread	miss	404	374
a08-128-spread	spread	hit	200	2
a08-128-spread	spread	miss	404	379
a08-128-spread	spread	hit	200	1
a08-128-spread	spread	miss	404	746
a08-128-spread	spread	hit	200	1
a08-128-spread	spread	miss	404	497
a08-128-spread	spread	hit	200	1
a08-128-spread	spread	miss	404	431
a08-128-spread	spread	hit	200	3
a08-128-spread	spread	miss	404	455
a08-128-spread	spread	hit	200	3
a08-128-spread	spread	miss	404	340
a08-128-spread	spread	hit	200	2
a08-128-spread	spread	miss	404	467
a08-128-spread	spread	hit	200	3
a08-128-spread	spread	miss	404	543
a08-128-spread	spread	hit	200	1
a08-128-spread	spread	miss	404	432
a08-128-spread	spread	hit	200	1
a08-128-spread	spread	miss	404	510
a08-128-spread	spread	hit	200	2
a08-128-spread	spread	miss	404	524
a08-128-spread	spread	hit	200	2
a08-128-spread	spread	miss	404	481
a08-128-spread	spread	hit	200	6
a08-128-spread	spread	miss	404	550
a08-128-spread	spread	hit	200	2
a08-128-spread	spread	miss	404	505
a08-128-spread	spread	hit	200	2
a08-128-spread	spread	miss	404	555
a08-128-spread	spread	hit	200	1
a08-128-spread	spread	miss	404	452
a08-128-spread	spread	hit	200	3
a08-128-spread	spread	miss	404	417
a08-128-spread	spread	hit	200	2
a08-128-spread	spread	miss	404	444
a08-128-spread	spread	hit	200	4
a08-128-spread	spread	miss	404	478
a08-128-spread	spread	hit	200	3
a08-128-spread	spread	miss	404	502
a08-128-spread	spread	hit	200	2
a08-128-spread	spread	miss	404	443
a08-128-spread	spread	hit	200	1
a08-128-spread	spread	miss	404	513
a08-128-spread	spread	hit	200	2
a08-128-spread	spread	miss	404	456
a08-128-spread	spread	hit	200	4
a08-128-spread	spread	miss	404	198
a08-128-spread	spread	hit	200	2
a08-128-spread	spread	miss	404	556
a08-128-spread	spread	hit	200	2
a08-128-spread	spread	miss	404	358
a08-128-spread	spread	hit	200	1
a08-128-spread	spread	miss	404	387
a08-128-spread	spread	hit	200	1
a08-128-spread	spread	miss	404	344
a08-128-spread	spread	hit	200	2
a08-128-spread	spread	miss	404	274
a08-128-spread	spread	hit	200	1
a08-128-spread	spread	miss	404	501
a08-128-spread	spread	hit	200	1
a08-128-spread	spread	miss	404	385
a08-128-spread	spread	hit	200	3
a08-128-spread	spread	miss	404	544
a08-128-spread	spread	hit	200	1
a08-128-spread	spread	miss	404	559
a08-128-spread	spread	hit	200	1
a08-128-spread	spread	miss	404	420
a08-128-spread	spread	hit	200	1
a08-128-spread	spread	miss	404	490
a08-128-spread	spread	hit	200	1
a08-128-spread	spread	miss	404	444
a08-128-spread	spread	hit	200	1
a08-128-spread	spread	miss	404	443
a08-128-spread	spread	hit	200	1
a08-128-spread	spread	miss	404	497
a08-128-spread	spread	hit	200	1
a08-128-spread	spread	miss	404	410
a08-128-spread	spread	hit	200	1
a08-128-spread	spread	miss	404	424
a08-128-spread	spread	hit	200	1
a08-128-spread	spread	miss	404	582
a08-128-spread	spread	hit	200	2
a08-128-spread	spread	miss	404	221
a08-128-spread	spread	hit	200	1
a08-128-spread	spread	miss	404	486
a08-128-spread	spread	hit	200	2
a08-128-spread	spread	miss	404	737
a08-128-spread	spread	hit	200	1
a08-128-spread	spread	miss	404	368
a08-128-spread	spread	hit	200	2
a08-128-spread	spread	miss	404	577
a08-128-spread	spread	hit	200	1
a08-128-spread	spread	miss	404	451
a08-128-spread	spread	hit	200	1
a08-128-spread	spread	miss	404	541
a08-128-spread	spread	hit	200	1
a08-128-spread	spread	miss	404	477
a08-128-spread	spread	hit	200	1
a08-128-spread	spread	miss	404	221
a08-128-spread	spread	hit	200	1
a08-128-spread	spread	miss	404	598
a08-128-spread	spread	hit	200	1
a08-128-spread	spread	miss	404	551
a08-128-spread	spread	hit	200	2
a08-128-spread	spread	miss	404	637
a08-128-spread	spread	hit	200	2
a08-128-spread	spread	miss	404	606
a08-128-spread	spread	hit	200	1
a08-128-spread	spread	miss	404	447
a08-128-spread	spread	hit	200	2
a08-128-spread	spread	miss	404	553
a08-128-spread	spread	hit	200	2
a08-128-spread	spread	miss	404	443
a08-128-spread	spread	hit	200	6
a08-128-spread	spread	miss	404	487
a08-128-spread	spread	hit	200	1
a08-128-spread	spread	miss	404	384
a08-128-spread	spread	hit	200	5
a08-128-spread	spread	miss	404	467
a08-128-spread	spread	hit	200	3
a08-128-spread	spread	miss	404	357
a08-128-spread	spread	hit	200	1
a08-128-spread	spread	miss	404	473
a08-128-spread	spread	hit	200	2
a08-128-spread	spread	miss	404	319
a08-128-spread	spread	hit	200	1
a08-128-spread	spread	miss	404	762
a08-128-spread	spread	hit	200	1
a08-128-spread	spread	miss	404	433
a08-128-spread	spread	hit	200	2
a08-128-spread	spread	miss	404	515
a08-128-spread	spread	hit	200	1
a08-128-spread	spread	miss	404	410
a08-128-spread	spread	hit	200	1
a08-128-spread	spread	miss	404	426
a08-128-spread	spread	hit	200	1
a08-128-spread	spread	miss	404	384
a08-128-spread	spread	hit	200	1
a08-128-spread	spread	miss	404	427
a08-128-spread	spread	hit	200	1
a08-128-spread	spread	miss	404	424
a08-128-spread	spread	hit	200	2
a08-128-spread	spread	miss	404	407
a08-128-spread	spread	hit	200	1
a08-128-spread	spread	miss	404	460
a08-128-spread	spread	hit	200	1
a08-128-spread	spread	miss	404	431
a08-128-spread	spread	hit	200	2
a08-128-spread	spread	miss	404	477
a08-128-spread	spread	hit	200	1
a08-128-spread	spread	miss	404	422
a08-128-spread	spread	hit	200	1
a08-128-spread	spread	miss	404	400
a08-128-spread	spread	hit	200	1
a08-128-spread	spread	miss	404	567
a08-128-spread	spread	hit	200	1
a08-128-spread	spread	miss	404	512
a08-128-spread	spread	hit	200	1
a08-128-spread	spread	miss	404	569
a08-128-spread	spread	hit	200	1
a08-128-spread	spread	miss	404	480
a08-128-spread	spread	hit	200	1
a08-128-spread	spread	miss	404	473
a08-128-spread	spread	hit	200	1
a08-128-spread	spread	miss	404	453
a08-128-spread	spread	hit	200	1
a08-128-spread	spread	miss	404	480
a08-128-spread	spread	hit	200	1
a08-128-spread	spread	miss	404	178
a08-128-spread	spread	hit	200	3
a08-128-spread	spread	miss	404	200
a08-128-spread	spread	hit	200	4
a08-128-spread	spread	miss	404	387
a08-128-spread	spread	hit	200	3
a08-128-spread	spread	miss	404	450
a08-128-spread	spread	hit	200	2
a08-128-spread	spread	miss	404	393
a08-128-spread	spread	hit	200	3
a08-128-spread	spread	miss	404	267
a08-128-spread	spread	hit	200	5
a08-128-spread	spread	miss	404	557
a08-128-spread	spread	hit	200	1
a08-128-spread	spread	miss	404	258
a08-128-spread	spread	hit	200	1
a08-128-spread	spread	miss	404	463
a08-128-spread	spread	hit	200	5
a08-128-spread	spread	miss	404	493
a08-128-spread	spread	hit	200	1
a08-128-spread	spread	miss	404	503
a08-128-spread	spread	hit	200	1
a08-128-spread	spread	miss	404	418
a08-128-spread	spread	hit	200	1
a08-128-spread	spread	miss	404	578
a08-128-spread	spread	hit	200	1
a08-128-spread	spread	miss	404	497
a08-128-spread	spread	hit	200	2
a08-128-spread	spread	miss	404	466
a08-128-spread	spread	hit	200	3
a08-128-spread	spread	miss	404	396
a08-128-spread	spread	hit	200	1
a08-128-spread	spread	miss	404	497
a08-128-spread	spread	hit	200	1
a08-128-spread	spread	miss	404	394
a08-128-spread	spread	hit	200	3
a08-128-spread	spread	miss	404	204
a08-128-spread	spread	hit	200	1
a08-128-spread	spread	miss	404	441
a08-128-spread	spread	hit	200	1
a08-128-spread	spread	miss	404	461
a08-128-spread	spread	hit	200	1
a08-128-spread	spread	miss	404	574
a08-128-spread	spread	hit	200	2
a08-128-spread	spread	miss	404	420
a08-128-spread	spread	hit	200	1
a08-128-spread	spread	miss	404	459
a08-128-spread	spread	hit	200	1
a08-128-spread	spread	miss	404	346
a08-128-spread	spread	hit	200	1
a08-128-spread	spread	miss	404	412
a08-128-spread	spread	hit	200	5
a08-128-spread	spread	miss	404	408
a08-128-spread	spread	hit	200	1
a08-128-spread	spread	miss	404	430
a08-128-spread	spread	hit	200	2
a08-128-spread	spread	miss	404	263
a08-128-spread	spread	hit	200	1
a08-128-spread	spread	miss	404	380
a08-128-spread	spread	hit	200	7
a08-128-spread	spread	miss	404	402
a08-128-spread	spread	hit	200	1
a08-128-spread	spread	miss	404	403
a08-128-spread	spread	hit	200	1
a08-128-spread	spread	miss	404	476
a08-128-spread	spread	hit	200	1
a08-128-spread	spread	miss	404	403
a08-128-spread	spread	hit	200	1
a08-128-spread	spread	miss	404	172
a08-128-spread	spread	hit	200	1
a08-128-spread	spread	miss	404	602
a08-128-spread	spread	hit	200	1
a08-128-spread	spread	miss	404	482
a08-128-spread	spread	hit	200	2
a08-128-spread	spread	miss	404	438
a08-128-spread	spread	hit	200	5
a08-128-spread	spread	miss	404	507
a08-128-spread	spread	hit	200	1
a08-128-spread	spread	miss	404	518
a08-128-spread	spread	hit	200	2
a08-128-spread	spread	miss	404	488
a08-128-spread	spread	hit	200	3
a08-128-spread	spread	miss	404	421
a08-128-spread	spread	hit	200	2
a08-128-spread	spread	miss	404	479
a08-128-spread	spread	hit	200	4
a08-128-spread	spread	miss	404	506
a08-128-spread	spread	hit	200	5
a08-128-spread	spread	miss	404	413
a08-128-spread	spread	hit	200	5
a08-128-spread	spread	miss	404	439
a08-128-spread	spread	hit	200	1
a08-128-spread	spread	miss	404	689
a08-128-spread	spread	hit	200	1
a08-128-spread	spread	miss	404	592
a08-128-spread	spread	hit	200	3
a08-128-spread	spread	miss	404	787
a08-128-spread	spread	hit	200	2
a08-128-spread	spread	miss	404	544
a08-128-spread	spread	hit	200	1
a08-128-spread	spread	miss	404	503
a08-128-spread	spread	hit	200	1
a08-128-spread	spread	miss	404	473
a08-128-spread	spread	hit	200	2
a08-128-spread	spread	miss	404	545
a08-128-spread	spread	hit	200	5
a08-128-spread	spread	miss	404	543
a08-128-spread	spread	hit	200	2
a08-128-spread	spread	miss	404	370
a08-128-spread	spread	hit	200	4
a08-128-spread	spread	miss	404	344
a08-128-spread	spread	hit	200	1
a08-128-spread	spread	miss	404	407
a08-128-spread	spread	hit	200	5
a08-128-spread	spread	miss	404	178
a08-128-spread	spread	hit	200	1
a08-128-spread	spread	miss	404	368
a08-128-spread	spread	hit	200	1
a08-128-spread	spread	miss	404	454
a08-128-spread	spread	hit	200	2
a08-128-spread	spread	miss	404	386
a08-128-spread	spread	hit	200	2
a08-128-spread	spread	miss	404	399
a08-128-spread	spread	hit	200	1
a08-128-spread	spread	miss	404	447
a08-128-spread	spread	hit	200	1
a08-128-spread	spread	miss	404	376
a08-128-spread	spread	hit	200	1
a08-128-spread	spread	miss	404	578
a08-128-spread	spread	hit	200	1
a08-128-spread	spread	miss	404	600
a08-128-spread	spread	hit	200	1
a08-128-spread	spread	miss	404	384
a08-128-spread	spread	hit	200	7
a08-128-spread	spread	miss	404	424
a08-128-spread	spread	hit	200	2
a08-128-spread	spread	miss	404	345
a08-128-spread	spread	hit	200	1
a08-128-spread	spread	miss	404	540
a08-128-spread	spread	hit	200	1
a08-128-spread	spread	miss	404	424
a08-128-spread	spread	hit	200	1
a08-128-spread	spread	miss	404	542
a08-128-spread	spread	hit	200	1
a08-128-spread	spread	miss	404	461
a08-128-spread	spread	hit	200	1
a08-128-spread	spread	miss	404	383
a08-128-spread	spread	hit	200	7
a08-128-spread	spread	miss	404	453
a08-128-spread	spread	hit	200	2
a08-128-spread	spread	miss	404	426
a08-128-spread	spread	hit	200	2
a08-128-spread	spread	miss	404	397
a08-128-spread	spread	hit	200	3
a08-128-spread	spread	miss	404	486
a08-128-spread	spread	hit	200	2
a08-128-spread	spread	miss	404	427
a08-128-spread	spread	hit	200	3
a08-128-spread	spread	miss	404	731
a08-128-spread	spread	hit	200	1
a08-128-spread	spread	miss	404	542
a08-128-spread	spread	hit	200	1
a08-128-spread	spread	miss	404	436
a08-128-spread	spread	hit	200	2
a08-128-spread	spread	miss	404	593
a08-128-spread	spread	hit	200	1
a08-128-spread	spread	miss	404	699
a08-128-spread	spread	hit	200	1
a08-128-spread	spread	miss	404	313
a08-128-spread	spread	hit	200	2
a08-128-spread	spread	miss	404	447
a08-128-spread	spread	hit	200	1
a08-128-spread	spread	miss	404	208
a08-128-spread	spread	hit	200	4
a08-128-spread	spread	miss	404	621
a08-128-spread	spread	hit	200	1
a08-128-spread	spread	miss	404	631
a08-128-spread	spread	hit	200	2
a08-128-spread	spread	miss	404	538
a08-128-spread	spread	hit	200	1
a08-128-spread	spread	miss	404	164
a08-128-spread	spread	hit	200	1
a08-128-spread	spread	miss	404	167
a08-128-spread	spread	hit	200	2
a08-128-spread	spread	miss	404	520
a08-128-spread	spread	hit	200	2
a08-128-spread	spread	miss	404	475
a08-128-spread	spread	hit	200	2
a08-128-spread	spread	miss	404	465
a08-128-spread	spread	hit	200	4
a08-128-spread	spread	miss	404	389
a08-128-spread	spread	hit	200	1
a08-128-spread	spread	miss	404	401
a08-128-spread	spread	hit	200	1
a08-128-spread	spread	miss	404	466
a08-128-spread	spread	hit	200	3
a08-128-spread	spread	miss	404	439
a08-128-spread	spread	hit	200	1
a08-128-spread	spread	miss	404	554
a08-128-spread	spread	hit	200	1
a08-128-spread	spread	miss	404	167
a08-128-spread	spread	hit	200	2
a08-128-spread	spread	miss	404	329
a08-128-spread	spread	hit	200	4
a08-128-spread	spread	miss	404	450
a08-128-spread	spread	hit	200	1
a08-128-spread	spread	miss	404	373
a08-128-spread	spread	hit	200	1
a08-128-spread	spread	miss	404	474
a08-128-spread	spread	hit	200	1
a08-128-spread	spread	miss	404	278
a08-128-spread	spread	hit	200	2
a08-128-spread	spread	miss	404	391
a08-128-spread	spread	hit	200	2
a08-128-spread	spread	miss	404	195
a08-128-spread	spread	hit	200	1
a08-128-spread	spread	miss	404	309
a08-128-spread	spread	hit	200	1
a08-128-spread	spread	miss	404	493
a08-128-spread	spread	hit	200	2
a08-128-spread	spread	miss	404	409
a08-128-spread	spread	hit	200	1
a08-128-spread	spread	miss	404	508
a08-128-spread	spread	hit	200	1
a08-128-spread	spread	miss	404	449
a08-128-spread	spread	hit	200	2
a08-128-spread	spread	miss	404	457
a08-128-spread	spread	hit	200	2
a08-128-spread	spread	miss	404	493
a08-128-spread	spread	hit	200	1
a08-128-spread	spread	miss	404	506
a08-128-spread	spread	hit	200	1
a08-128-spread	spread	miss	404	467
a08-128-spread	spread	hit	200	2
a08-128-spread	spread	miss	404	463
a08-128-spread	spread	hit	200	1
a08-128-spread	spread	miss	404	429
a08-128-spread	spread	hit	200	1
a08-128-spread	spread	miss	404	561
a08-128-spread	spread	hit	200	3
a08-128-spread	spread	miss	404	442
a08-128-spread	spread	hit	200	1
a08-128-spread	spread	miss	404	258
a08-128-spread	spread	hit	200	5
a08-128-spread	spread	miss	404	450
a08-128-spread	spread	hit	200	3
a08-128-spread	spread	miss	404	461
a08-128-spread	spread	hit	200	1
a08-128-spread	spread	miss	404	522
a08-128-spread	spread	hit	200	1
a08-128-spread	spread	miss	404	612
a08-128-spread	spread	hit	200	2
a08-128-spread	spread	miss	404	503
a08-128-spread	spread	hit	200	2
a08-128-spread	spread	miss	404	863
a08-128-spread	spread	hit	200	1
a08-128-spread	spread	miss	404	203
a08-128-spread	spread	hit	200	9
a08-128-spread	spread	miss	404	546
a08-128-spread	spread	hit	200	11
a08-128-spread	spread	miss	404	473
a08-128-spread	spread	hit	200	5
a08-128-spread	spread	miss	404	434
a08-128-spread	spread	hit	200	1
a08-128-spread	spread	miss	404	467
a08-128-spread	spread	hit	200	2
a08-128-spread	spread	miss	404	563
a08-128-spread	spread	hit	200	1
a08-128-spread	spread	miss	404	466
a08-128-spread	spread	hit	200	3
a08-128-spread	spread	miss	404	394
a08-128-spread	spread	hit	200	1
a08-128-spread	spread	miss	404	515
a08-128-spread	spread	hit	200	1
a08-128-spread	spread	miss	404	380
a08-128-spread	spread	hit	200	5
a08-128-spread	spread	miss	404	143
a08-128-spread	spread	hit	200	1
a08-128-spread	spread	miss	404	448
a08-128-spread	spread	hit	200	1
a08-128-spread	spread	miss	404	354
a08-128-spread	spread	hit	200	1
a08-128-spread	spread	miss	404	476
a08-128-spread	spread	hit	200	4
a08-128-spread	spread	miss	404	387
a08-128-spread	spread	hit	200	1
a08-128-spread	spread	miss	404	195
a08-128-spread	spread	hit	200	1
a08-128-spread	spread	miss	404	493
a08-128-spread	spread	hit	200	1
a08-128-spread	spread	miss	404	426
a08-128-spread	spread	hit	200	1
a08-128-spread	spread	miss	404	423
a08-128-spread	spread	hit	200	2
a08-128-spread	spread	miss	404	333
a08-128-spread	spread	hit	200	3
a08-128-spread	spread	miss	404	430
a08-128-spread	spread	hit	200	3
a08-128-spread	spread	miss	404	464
a08-128-spread	spread	hit	200	1
a08-128-spread	spread	miss	404	409
a08-128-spread	spread	hit	200	1
a08-128-spread	spread	miss	404	488
a08-128-spread	spread	hit	200	1
a08-128-spread	spread	miss	404	584
a08-128-spread	spread	hit	200	3
a08-128-spread	spread	miss	404	394
a08-128-spread	spread	hit	200	1
a08-128-spread	spread	miss	404	532
a08-128-spread	spread	hit	200	2
a08-128-spread	spread	miss	404	504
a08-128-spread	spread	hit	200	1
a08-128-spread	spread	miss	404	451
a08-128-spread	spread	hit	200	1
a08-128-spread	spread	miss	404	216
a08-128-spread	spread	hit	200	1
a08-128-spread	spread	miss	404	449
a08-128-spread	spread	hit	200	1
a08-128-spread	spread	miss	404	396
a08-128-spread	spread	hit	200	3
a08-128-spread	spread	miss	404	380
a08-128-spread	spread	hit	200	2
a08-128-spread	spread	miss	404	423
a08-128-spread	spread	hit	200	5
a08-128-spread	spread	miss	404	465
a08-128-spread	spread	hit	200	6
a08-128-spread	spread	miss	404	639
a08-128-spread	spread	hit	200	1
a08-128-spread	spread	miss	404	465
a08-128-spread	spread	hit	200	4
a08-128-spread	spread	miss	404	584
a08-128-spread	spread	hit	200	1
a08-128-spread	spread	miss	404	666
a08-128-spread	spread	hit	200	1
a08-128-spread	spread	miss	404	433
a08-128-spread	spread	hit	200	4
a08-128-spread	spread	miss	404	541
a08-128-spread	spread	hit	200	4
a08-128-spread	spread	miss	404	593
a08-128-spread	spread	hit	200	2
a08-128-spread	spread	miss	404	474
a08-128-spread	spread	hit	200	2
a08-128-spread	spread	miss	404	505
a08-128-spread	spread	hit	200	1
a08-128-spread	spread	miss	404	541
a08-128-spread	spread	hit	200	2
a08-128-spread	spread	miss	404	627
a08-128-spread	spread	hit	200	1
a08-128-spread	spread	miss	404	381
a08-128-spread	spread	hit	200	3
a08-128-spread	spread	miss	404	421
a08-128-spread	spread	hit	200	2
a08-128-spread	spread	miss	404	449
a08-128-spread	spread	hit	200	1
a08-128-spread	spread	miss	404	360
a08-128-spread	spread	hit	200	2
a08-128-spread	spread	miss	404	452
a08-128-spread	spread	hit	200	1
a08-128-spread	spread	miss	404	437
a08-128-spread	spread	hit	200	1
a08-128-spread	spread	miss	404	469
a08-128-spread	spread	hit	200	2
a08-128-spread	spread	miss	404	479
a08-128-spread	spread	hit	200	2
a08-128-spread	spread	miss	404	333
a08-128-spread	spread	hit	200	1
a08-128-spread	spread	miss	404	345
a08-128-spread	spread	hit	200	2
a08-128-spread	spread	miss	404	406
a08-128-spread	spread	hit	200	1
a08-128-spread	spread	miss	404	361
a08-128-spread	spread	hit	200	1
a08-128-spread	spread	miss	404	495
a08-128-spread	spread	hit	200	2
a08-128-spread	spread	miss	404	645
a08-128-spread	spread	hit	200	3
a08-128-spread	spread	miss	404	372
a08-128-spread	spread	hit	200	1
a08-128-spread	spread	miss	404	332
a08-128-spread	spread	hit	200	1
a08-128-spread	spread	miss	404	441
a08-128-spread	spread	hit	200	2
a08-128-spread	spread	miss	404	505
a08-128-spread	spread	hit	200	1
a08-128-spread	spread	miss	404	484
a08-128-spread	spread	hit	200	3
a08-128-spread	spread	miss	404	441
a08-128-spread	spread	hit	200	2
a08-128-spread	spread	miss	404	452
a08-128-spread	spread	hit	200	1
a08-128-spread	spread	miss	404	496
a08-128-spread	spread	hit	200	1
a08-128-spread	spread	miss	404	534
a08-128-spread	spread	hit	200	2
a08-128-spread	spread	miss	404	552
a08-128-spread	spread	hit	200	1
a08-128-spread	spread	miss	404	422
a08-128-spread	spread	hit	200	1
a08-128-spread	spread	miss	404	440
a08-128-spread	spread	hit	200	2
a08-128-spread	spread	miss	404	499
a08-128-spread	spread	hit	200	1
a08-128-spread	spread	miss	404	591
a08-128-spread	spread	hit	200	1
a08-128-spread	spread	miss	404	404
a08-128-spread	spread	hit	200	2
a08-128-spread	spread	miss	404	540
a08-128-spread	spread	hit	200	1
a08-128-spread	spread	miss	404	618
a08-128-spread	spread	hit	200	11
a08-128-spread	spread	miss	404	481
a08-128-spread	spread	hit	200	1
a08-128-spread	spread	miss	404	487
a08-128-spread	spread	hit	200	2
a08-128-spread	spread	miss	404	496
a08-128-spread	spread	hit	200	2
a08-128-spread	spread	miss	404	426
a08-128-spread	spread	hit	200	3
a08-128-spread	spread	miss	404	685
a08-128-spread	spread	hit	200	3
a08-128-spread	spread	miss	404	561
a08-128-spread	spread	hit	200	2
a08-128-spread	spread	miss	404	528
a08-128-spread	spread	hit	200	2
a08-128-spread	spread	miss	404	492
a08-128-spread	spread	hit	200	1
a08-128-spread	spread	miss	404	334
a08-128-spread	spread	hit	200	1
a08-128-spread	spread	miss	404	430
a08-128-spread	spread	hit	200	1
a08-128-spread	spread	miss	404	419
a08-128-spread	spread	hit	200	1
a08-128-spread	spread	miss	404	419
a08-128-spread	spread	hit	200	2
a08-128-spread	spread	miss	404	753
a08-128-spread	spread	hit	200	1
a08-128-spread	spread	miss	404	498
a08-128-spread	spread	hit	200	4
a08-128-spread	spread	miss	404	372
a08-128-spread	spread	hit	200	1
a08-128-spread	spread	miss	404	449
a08-128-spread	spread	hit	200	3
a08-128-spread	spread	miss	404	365
a08-128-spread	spread	hit	200	1
a08-128-spread	spread	miss	404	513
a08-128-spread	spread	hit	200	2
a08-128-spread	spread	miss	404	446
a08-128-spread	spread	hit	200	1
a08-128-spread	spread	miss	404	351
a08-128-spread	spread	hit	200	1
a08-128-spread	spread	miss	404	438
a08-128-spread	spread	hit	200	1
a08-128-spread	spread	miss	404	534
a08-128-spread	spread	hit	200	2
a08-128-spread	spread	miss	404	179
a08-128-spread	spread	hit	200	2
a08-128-spread	spread	miss	404	422
a08-128-spread	spread	hit	200	1
a08-128-spread	spread	miss	404	133
a08-128-spread	spread	hit	200	1
a08-128-spread	spread	miss	404	506
a08-128-spread	spread	hit	200	2
a08-128-spread	spread	miss	404	441
a08-128-spread	spread	hit	200	1
a08-128-spread	spread	miss	404	427
a08-128-spread	spread	hit	200	2
a08-128-spread	spread	miss	404	560
a08-128-spread	spread	hit	200	2
a08-128-spread	spread	miss	404	192
a08-128-spread	spread	hit	200	1
a08-128-spread	spread	miss	404	467
a08-128-spread	spread	hit	200	1
a08-128-spread	spread	miss	404	462
a08-128-spread	spread	hit	200	1
a08-128-spread	spread	miss	404	487
a08-128-spread	spread	hit	200	1
a08-128-spread	spread	miss	404	476
a08-128-spread	spread	hit	200	2
a08-128-spread	spread	miss	404	607
a08-128-spread	spread	hit	200	1
a08-128-spread	spread	miss	404	526
a08-128-spread	spread	hit	200	1
a08-128-spread	spread	miss	404	398
a08-128-spread	spread	hit	200	1
a08-128-spread	spread	miss	404	487
a08-128-spread	spread	hit	200	2
a08-128-spread	spread	miss	404	581
a08-128-spread	spread	hit	200	2
a08-128-spread	spread	miss	404	754
a08-128-spread	spread	hit	200	1
a08-128-spread	spread	miss	404	218
a08-128-spread	spread	hit	200	2
a08-128-spread	spread	miss	404	611
a08-128-spread	spread	hit	200	1
a08-128-spread	spread	miss	404	681
a08-128-spread	spread	hit	200	2
a08-128-spread	spread	miss	404	547
a08-128-spread	spread	hit	200	1
a08-128-spread	spread	miss	404	438
a08-128-spread	spread	hit	200	1
a08-128-spread	spread	miss	404	596
a08-128-spread	spread	hit	200	2
a08-128-spread	spread	miss	404	525
a08-128-spread	spread	hit	200	1
a08-128-spread	spread	miss	404	533
a08-128-spread	spread	hit	200	2
a08-128-spread	spread	miss	404	348
a08-128-spread	spread	hit	200	4
a08-128-spread	spread	miss	404	186
a08-128-spread	spread	hit	200	2
a08-128-spread	spread	miss	404	469
a08-128-spread	spread	hit	200	10
a08-128-spread	spread	miss	404	393
a08-128-spread	spread	hit	200	3
a08-128-spread	spread	miss	404	435
a08-128-spread	spread	hit	200	7
a08-128-spread	spread	miss	404	197
a08-128-spread	spread	hit	200	1
a08-128-spread	spread	miss	404	415
a08-128-spread	spread	hit	200	2
a08-128-spread	spread	miss	404	546
a08-128-spread	spread	hit	200	2
a08-128-spread	spread	miss	404	450
a08-128-spread	spread	hit	200	1
a08-128-spread	spread	miss	404	378
a08-128-spread	spread	hit	200	2
a08-128-spread	spread	miss	404	405
a08-128-spread	spread	hit	200	1
a08-128-spread	spread	miss	404	439
a08-128-spread	spread	hit	200	1
a08-128-spread	spread	miss	404	461
a08-128-spread	spread	hit	200	4
a08-128-spread	spread	miss	404	440
a08-128-spread	spread	hit	200	2
a08-128-spread	spread	miss	404	463
a08-128-spread	spread	hit	200	1
a08-128-spread	spread	miss	404	412
a08-128-spread	spread	hit	200	1
a08-128-spread	spread	miss	404	419
a08-128-spread	spread	hit	200	1
a08-128-spread	spread	miss	404	499
a08-128-spread	spread	hit	200	1
a08-128-spread	spread	miss	404	212
a08-128-spread	spread	hit	200	1
a08-128-spread	spread	miss	404	384
a08-128-spread	spread	hit	200	2
a08-128-spread	spread	miss	404	416
a08-128-spread	spread	hit	200	1
a08-128-spread	spread	miss	404	524
a08-128-spread	spread	hit	200	1
a08-128-spread	spread	miss	404	441
a08-128-spread	spread	hit	200	1
a08-128-spread	spread	miss	404	325
a08-128-spread	spread	hit	200	1
a08-128-spread	spread	miss	404	547
a08-128-spread	spread	hit	200	1
a08-128-spread	spread	miss	404	459
a08-128-spread	spread	hit	200	1
a08-128-spread	spread	miss	404	387
a08-128-spread	spread	hit	200	2
a08-128-spread	spread	miss	404	510
a08-128-spread	spread	hit	200	2
a08-128-spread	spread	miss	404	528
a08-128-spread	spread	hit	200	1
a08-128-spread	spread	miss	404	407
a08-128-spread	spread	hit	200	2
a08-128-spread	spread	miss	404	530
a08-128-spread	spread	hit	200	2
a08-128-spread	spread	miss	404	595
a08-128-spread	spread	hit	200	1
a08-128-spread	spread	miss	404	421
a08-128-spread	spread	hit	200	1
a08-128-spread	spread	miss	404	697
a08-128-spread	spread	hit	200	2
a08-128-spread	spread	miss	404	602
a08-128-spread	spread	hit	200	1
a08-128-spread	spread	miss	404	596
a08-128-spread	spread	hit	200	1
a08-128-spread	spread	miss	404	475
a08-128-spread	spread	hit	200	3
a08-128-spread	spread	miss	404	458
a08-128-spread	spread	hit	200	19
a08-128-spread	spread	miss	404	530
a08-128-spread	spread	hit	200	1
a08-128-spread	spread	miss	404	424
a08-128-spread	spread	hit	200	2
a08-128-spread	spread	miss	404	531
a08-128-spread	spread	hit	200	1
a08-128-spread	spread	miss	404	359
a08-128-spread	spread	hit	200	3
a08-128-spread	spread	miss	404	662
a08-128-spread	spread	hit	200	1
a08-128-spread	spread	miss	404	414
a08-128-spread	spread	hit	200	1
a08-128-spread	spread	miss	404	367
a08-128-spread	spread	hit	200	1
a08-128-spread	spread	miss	404	460
a08-128-spread	spread	hit	200	4
a08-128-spread	spread	miss	404	480
a08-128-spread	spread	hit	200	1
a08-128-spread	spread	miss	404	686
a08-128-spread	spread	hit	200	1
a08-128-spread	spread	miss	404	390
a08-128-spread	spread	hit	200	3
a08-128-spread	spread	miss	404	471
a08-128-spread	spread	hit	200	1
a08-128-spread	spread	miss	404	324
a08-128-spread	spread	hit	200	2
a08-128-spread	spread	miss	404	614
a08-128-spread	spread	hit	200	1
a08-128-spread	spread	miss	404	427
a08-128-spread	spread	hit	200	1
a08-128-spread	spread	miss	404	186
a08-128-spread	spread	hit	200	2
a08-128-spread	spread	miss	404	582
a08-128-spread	spread	hit	200	1
a08-128-spread	spread	miss	404	155
a08-128-spread	spread	hit	200	1
a08-128-spread	spread	miss	404	474
a08-128-spread	spread	hit	200	5
a08-128-spread	spread	miss	404	398
a08-128-spread	spread	hit	200	1
a08-128-spread	spread	miss	404	520
a08-128-spread	spread	hit	200	2
a08-128-spread	spread	miss	404	405
a08-128-spread	spread	hit	200	1
a08-128-spread	spread	miss	404	452
a08-128-spread	spread	hit	200	1
a08-128-spread	spread	miss	404	454
a08-128-spread	spread	hit	200	1
a08-128-spread	spread	miss	404	494
a08-128-spread	spread	hit	200	1
a08-128-spread	spread	miss	404	604
a08-128-spread	spread	hit	200	3
a08-128-spread	spread	miss	404	166
a08-128-spread	spread	hit	200	1
a08-128-spread	spread	miss	404	362
a08-128-spread	spread	hit	200	5
a08-128-spread	spread	miss	404	445
a08-128-spread	spread	hit	200	2
a08-128-spread	spread	miss	404	425
a08-128-spread	spread	hit	200	2
a08-128-spread	spread	miss	404	410
a08-128-spread	spread	hit	200	1
a08-128-spread	spread	miss	404	703
a08-128-spread	spread	hit	200	1
a08-128-spread	spread	miss	404	211
a08-128-spread	spread	hit	200	2
a08-128-spread	spread	miss	404	519
a08-128-spread	spread	hit	200	1
a08-128-spread	spread	miss	404	721
a08-128-spread	spread	hit	200	1
a08-128-spread	spread	miss	404	513
a08-128-spread	spread	hit	200	1
a08-128-spread	spread	miss	404	666
a08-128-spread	spread	hit	200	2
a08-128-spread	spread	miss	404	182
a08-128-spread	spread	hit	200	4
a08-128-spread	spread	miss	404	574
a08-128-spread	spread	hit	200	2
a08-128-spread	spread	miss	404	208
a08-128-spread	spread	hit	200	3
a08-128-spread	spread	miss	404	516
a08-128-spread	spread	hit	200	1
a08-128-spread	spread	miss	404	546
a08-128-spread	spread	hit	200	2
a08-128-spread	spread	miss	404	548
a08-128-spread	spread	hit	200	5
a08-128-spread	spread	miss	404	403
a08-128-spread	spread	hit	200	6
a08-128-spread	spread	miss	404	423
a08-128-spread	spread	hit	200	1
a08-128-spread	spread	miss	404	202
a08-128-spread	spread	hit	200	1
a08-128-spread	spread	miss	404	662
a08-128-spread	spread	hit	200	8
a08-128-spread	spread	miss	404	404
a08-128-spread	spread	hit	200	2
a08-128-spread	spread	miss	404	461
a08-128-spread	spread	hit	200	1
a08-128-spread	spread	miss	404	391
a08-128-spread	spread	hit	200	1
a08-128-spread	spread	miss	404	458
a08-128-spread	spread	hit	200	1
a08-128-spread	spread	miss	404	451
a08-128-spread	spread	hit	200	1
a08-128-spread	spread	miss	404	518
a08-128-spread	spread	hit	200	1
a08-128-spread	spread	miss	404	393
a08-128-spread	spread	hit	200	1
a08-128-spread	spread	miss	404	461
a08-128-spread	spread	hit	200	1
a08-128-spread	spread	miss	404	408
a08-128-spread	spread	hit	200	1
a08-128-spread	spread	miss	404	403
a08-128-spread	spread	hit	200	3
a08-128-spread	spread	miss	404	477
a08-128-spread	spread	hit	200	1
a08-128-spread	spread	miss	404	492
a08-128-spread	spread	hit	200	1
a08-128-spread	spread	miss	404	466
a08-128-spread	spread	hit	200	1
a08-128-spread	spread	miss	404	407
a08-128-spread	spread	hit	200	1
a08-128-spread	spread	miss	404	412
a08-128-spread	spread	hit	200	1
a08-128-spread	spread	miss	404	489
a08-128-spread	spread	hit	200	1
a08-128-spread	spread	miss	404	507
a08-128-spread	spread	hit	200	1
a08-128-spread	spread	miss	404	393
a08-128-spread	spread	hit	200	4
a08-128-spread	spread	miss	404	423
a08-128-spread	spread	hit	200	1
a08-128-spread	spread	miss	404	409
a08-128-spread	spread	hit	200	5
a08-128-spread	spread	miss	404	412
a08-128-spread	spread	hit	200	1
a08-128-spread	spread	miss	404	510
a08-128-spread	spread	hit	200	1
a08-128-spread	spread	miss	404	458
a08-128-spread	spread	hit	200	2
a08-128-spread	spread	miss	404	468
a08-128-spread	spread	hit	200	1
a08-128-spread	spread	miss	404	378
a08-128-spread	spread	hit	200	4
a08-128-spread	spread	miss	404	510
a08-128-spread	spread	hit	200	1
a08-128-spread	spread	miss	404	584
a08-128-spread	spread	hit	200	1
a08-128-spread	spread	miss	404	561
a08-128-spread	spread	hit	200	1
a08-128-spread	spread	miss	404	494
a08-128-spread	spread	hit	200	1
a08-128-spread	spread	miss	404	562
a08-128-spread	spread	hit	200	1
a08-128-spread	spread	miss	404	619
a08-128-spread	spread	hit	200	1
a08-128-spread	spread	miss	404	568
a08-128-spread	spread	hit	200	2
a08-128-spread	spread	miss	404	563
a08-128-spread	spread	hit	200	3
a08-128-spread	spread	miss	404	545
a08-128-spread	spread	hit	200	1
a08-128-spread	spread	miss	404	231
a08-128-spread	spread	hit	200	1
a08-128-spread	spread	miss	404	354
a08-128-spread	spread	hit	200	1
a08-128-spread	spread	miss	404	435
a08-128-spread	spread	hit	200	2
a08-128-spread	spread	miss	404	416
a08-128-spread	spread	hit	200	2
a08-128-spread	spread	miss	404	394
a08-128-spread	spread	hit	200	1
a08-128-spread	spread	miss	404	393
a08-128-spread	spread	hit	200	1
a08-128-spread	spread	miss	404	358
a08-128-spread	spread	hit	200	2
a08-128-spread	spread	miss	404	380
a08-128-spread	spread	hit	200	1
a08-128-spread	spread	miss	404	543
a08-128-spread	spread	hit	200	2
a08-128-spread	spread	miss	404	397
a08-128-spread	spread	hit	200	1
a08-128-spread	spread	miss	404	487
a08-128-spread	spread	hit	200	1
a08-128-spread	spread	miss	404	374
a08-128-spread	spread	hit	200	3
a08-128-spread	spread	miss	404	334
a08-128-spread	spread	hit	200	1
a08-128-spread	spread	miss	404	468
a08-128-spread	spread	hit	200	1
a08-128-spread	spread	miss	404	396
a08-128-spread	spread	hit	200	3
a08-128-spread	spread	miss	404	616
a08-128-spread	spread	hit	200	1
a08-128-spread	spread	miss	404	460
a08-128-spread	spread	hit	200	1
a08-128-spread	spread	miss	404	324
a08-128-spread	spread	hit	200	1
a08-128-spread	spread	miss	404	477
a08-128-spread	spread	hit	200	1
a08-128-spread	spread	miss	404	518
a08-128-spread	spread	hit	200	1
a08-128-spread	spread	miss	404	658
a08-128-spread	spread	hit	200	1
a08-128-spread	spread	miss	404	555
a08-128-spread	spread	hit	200	2
a08-128-spread	spread	miss	404	412
a08-128-spread	spread	hit	200	9
a08-128-spread	spread	miss	404	485
a08-128-spread	spread	hit	200	2
a08-128-spread	spread	miss	404	433
a08-128-spread	spread	hit	200	1
a08-128-spread	spread	miss	404	503
a08-128-spread	spread	hit	200	1
a08-128-spread	spread	miss	404	629
a08-128-spread	spread	hit	200	2
a08-128-spread	spread	miss	404	565
a08-128-spread	spread	hit	200	2
a08-128-spread	spread	miss	404	574
a08-128-spread	spread	hit	200	1
a08-128-spread	spread	miss	404	516
a08-128-spread	spread	hit	200	2
a08-128-spread	spread	miss	404	552
a08-128-spread	spread	hit	200	1
a08-128-spread	spread	miss	404	565
a08-128-spread	spread	hit	200	8
a08-128-spread	spread	miss	404	432
a08-128-spread	spread	hit	200	1
a08-128-spread	spread	miss	404	713
a08-128-spread	spread	hit	200	9
a08-128-spread	spread	miss	404	631
a08-128-spread	spread	hit	200	1
a08-128-spread	spread	miss	404	531
a08-128-spread	spread	hit	200	1
a08-128-spread	spread	miss	404	382
a08-128-spread	spread	hit	200	1
a08-128-spread	spread	miss	404	244
a08-128-spread	spread	hit	200	2
a08-128-spread	spread	miss	404	493
a08-128-spread	spread	hit	200	1
a08-128-spread	spread	miss	404	374
a08-128-spread	spread	hit	200	2
a08-128-spread	spread	miss	404	519
a08-128-spread	spread	hit	200	2
a08-128-spread	spread	miss	404	425
a08-128-spread	spread	hit	200	1
a08-128-spread	spread	miss	404	617
a08-128-spread	spread	hit	200	2
a08-128-spread	spread	miss	404	175
a08-128-spread	spread	hit	200	1
a08-128-spread	spread	miss	404	725
a08-128-spread	spread	hit	200	1
a08-128-spread	spread	miss	404	429
a08-128-spread	spread	hit	200	2
a08-128-spread	spread	miss	404	439
a08-128-spread	spread	hit	200	4
a08-128-spread	spread	miss	404	470
a08-128-spread	spread	hit	200	1
a08-128-spread	spread	miss	404	482
a08-128-spread	spread	hit	200	2
a08-128-spread	spread	miss	404	454
a08-128-spread	spread	hit	200	2
a08-128-spread	spread	miss	404	399
a08-128-spread	spread	hit	200	2
a08-128-spread	spread	miss	404	489
a08-128-spread	spread	hit	200	1
a08-128-spread	spread	miss	404	366
a08-128-spread	spread	hit	200	1
a08-128-spread	spread	miss	404	505
a08-128-spread	spread	hit	200	1
a08-128-spread	spread	miss	404	356
a08-128-spread	spread	hit	200	5
a08-128-spread	spread	miss	404	455
a08-128-spread	spread	hit	200	1
a08-128-spread	spread	miss	404	418
a08-128-spread	spread	hit	200	1
a08-128-spread	spread	miss	404	675
a08-128-spread	spread	hit	200	1
a08-128-spread	spread	miss	404	427
a08-128-spread	spread	hit	200	1
a08-128-spread	spread	miss	404	430
a08-128-spread	spread	hit	200	2
a08-128-spread	spread	miss	404	170
a08-128-spread	spread	hit	200	1
a08-128-spread	spread	miss	404	465
a08-128-spread	spread	hit	200	1
a08-128-spread	spread	miss	404	329
a08-128-spread	spread	hit	200	3
a08-128-spread	spread	miss	404	438
a08-128-spread	spread	hit	200	2
a08-128-spread	spread	miss	404	531
a08-128-spread	spread	hit	200	1
a08-128-spread	spread	miss	404	471
a08-128-spread	spread	hit	200	1
a08-128-spread	spread	miss	404	729
a08-128-spread	spread	hit	200	1
a08-128-spread	spread	miss	404	545
a08-128-spread	spread	hit	200	5
a08-128-spread	spread	miss	404	679
a08-128-spread	spread	hit	200	1
a08-128-spread	spread	miss	404	586
a08-128-spread	spread	hit	200	2
a08-128-spread	spread	miss	404	541
a08-128-spread	spread	hit	200	1
a08-128-spread	spread	miss	404	590
a08-128-spread	spread	hit	200	2
a08-128-spread	spread	miss	404	513
a08-128-spread	spread	hit	200	1
a08-128-spread	spread	miss	404	504
a08-128-spread	spread	hit	200	8
a08-128-spread	spread	miss	404	558
a08-128-spread	spread	hit	200	3
a08-128-spread	spread	miss	404	563
a08-128-spread	spread	hit	200	2
a08-128-spread	spread	miss	404	494
a08-128-spread	spread	hit	200	2
a08-128-spread	spread	miss	404	541
a08-128-spread	spread	hit	200	2
a08-128-spread	spread	miss	404	495
a08-128-spread	spread	hit	200	3
a08-128-spread	spread	miss	404	519
a08-128-spread	spread	hit	200	1
a08-128-spread	spread	miss	404	388
a08-128-spread	spread	hit	200	1
a08-128-spread	spread	miss	404	441
a08-128-spread	spread	hit	200	1
a08-128-spread	spread	miss	404	398
a08-128-spread	spread	hit	200	4
a08-128-spread	spread	miss	404	296
a08-128-spread	spread	hit	200	1
a08-128-spread	spread	miss	404	393
a08-128-spread	spread	hit	200	1
a08-128-spread	spread	miss	404	371
a08-128-spread	spread	hit	200	1
a08-128-spread	spread	miss	404	435
a08-128-spread	spread	hit	200	1
a08-128-spread	spread	miss	404	400
a08-128-spread	spread	hit	200	2
a08-128-spread	spread	miss	404	515
a08-128-spread	spread	hit	200	1
a08-128-spread	spread	miss	404	526
a08-128-spread	spread	hit	200	2
a08-128-spread	spread	miss	404	516
a08-128-spread	spread	hit	200	1
a08-128-spread	spread	miss	404	339
a08-128-spread	spread	hit	200	1
a08-128-spread	spread	miss	404	499
a08-128-spread	spread	hit	200	3
a08-128-spread	spread	miss	404	421
a08-128-spread	spread	hit	200	1
a08-128-spread	spread	miss	404	491
a08-128-spread	spread	hit	200	2
a08-128-spread	spread	miss	404	482
a08-128-spread	spread	hit	200	2
a08-128-spread	spread	miss	404	460
a08-128-spread	spread	hit	200	5
a08-128-spread	spread	miss	404	401
a08-128-spread	spread	hit	200	1
a08-128-spread	spread	miss	404	435
a08-128-spread	spread	hit	200	1
a08-128-spread	spread	miss	404	417
a08-128-spread	spread	hit	200	1
a08-128-spread	spread	miss	404	475
a08-128-spread	spread	hit	200	2
a08-128-spread	spread	miss	404	505
a08-128-spread	spread	hit	200	4
a08-128-spread	spread	miss	404	550
a08-128-spread	spread	hit	200	1
a08-128-spread	spread	miss	404	516
a08-128-spread	spread	hit	200	2
a08-128-spread	spread	miss	404	559
a08-128-spread	spread	hit	200	1
a08-128-spread	spread	miss	404	551
a08-128-spread	spread	hit	200	2
a08-128-spread	spread	miss	404	461
a08-128-spread	spread	hit	200	7
a08-128-spread	spread	miss	404	476
a08-128-spread	spread	hit	200	2
a08-128-spread	spread	miss	404	409
a08-128-spread	spread	hit	200	1
a08-128-spread	spread	miss	404	671
a08-128-spread	spread	hit	200	1
a08-128-spread	spread	miss	404	543
a08-128-spread	spread	hit	200	1
a08-128-spread	spread	miss	404	453
a08-128-spread	spread	hit	200	2
a08-128-spread	spread	miss	404	478
a08-128-spread	spread	hit	200	3
a08-128-spread	spread	miss	404	527
a08-128-spread	spread	hit	200	3
a08-128-spread	spread	miss	404	559
a08-128-spread	spread	hit	200	1
a08-128-spread	spread	miss	404	521
a08-128-spread	spread	hit	200	3
a08-128-spread	spread	miss	404	495
a08-128-spread	spread	hit	200	3
a08-128-spread	spread	miss	404	644
a08-128-spread	spread	hit	200	1
a08-128-spread	spread	miss	404	398
a08-128-spread	spread	hit	200	3
a08-128-spread	spread	miss	404	369
a08-128-spread	spread	hit	200	1
a08-128-spread	spread	miss	404	431
a08-128-spread	spread	hit	200	1
a08-128-spread	spread	miss	404	379
a08-128-spread	spread	hit	200	1
a08-128-spread	spread	miss	404	438
a08-128-spread	spread	hit	200	3
a08-128-spread	spread	miss	404	548
a08-128-spread	spread	hit	200	2
a08-128-spread	spread	miss	404	445
a08-128-spread	spread	hit	200	1
a08-128-spread	spread	miss	404	417
a08-128-spread	spread	hit	200	7
a08-128-spread	spread	miss	404	374
a08-128-spread	spread	hit	200	1
a08-128-spread	spread	miss	404	480
a08-128-spread	spread	hit	200	2
a08-128-spread	spread	miss	404	420
a08-128-spread	spread	hit	200	4
a08-128-spread	spread	miss	404	552
a08-128-spread	spread	hit	200	1
a08-128-spread	spread	miss	404	169
a08-128-spread	spread	hit	200	2
a08-128-spread	spread	miss	404	487
a08-128-spread	spread	hit	200	1
a08-128-spread	spread	miss	404	454
a08-128-spread	spread	hit	200	1
a08-128-spread	spread	miss	404	394
a08-128-spread	spread	hit	200	1
a08-128-spread	spread	miss	404	505
a08-128-spread	spread	hit	200	1
a08-128-spread	spread	miss	404	485
a08-128-spread	spread	hit	200	1
a08-128-spread	spread	miss	404	315
a08-128-spread	spread	hit	200	1
a08-128-spread	spread	miss	404	453
a08-128-spread	spread	hit	200	1
a08-128-spread	spread	miss	404	545
a08-128-spread	spread	hit	200	11
a08-128-spread	spread	miss	404	484
a08-128-spread	spread	hit	200	2
a08-128-spread	spread	miss	404	478
a08-128-spread	spread	hit	200	1
a08-128-spread	spread	miss	404	361
a08-128-spread	spread	hit	200	2
a08-128-spread	spread	miss	404	497
a08-128-spread	spread	hit	200	2
a08-128-spread	spread	miss	404	529
a08-128-spread	spread	hit	200	1
a08-128-spread	spread	miss	404	485
a08-128-spread	spread	hit	200	1
a08-128-spread	spread	miss	404	416
a08-128-spread	spread	hit	200	1
a08-128-spread	spread	miss	404	452
a08-128-spread	spread	hit	200	1
a08-128-spread	spread	miss	404	440
a08-128-spread	spread	hit	200	2
a08-128-spread	spread	miss	404	438
a08-128-spread	spread	hit	200	1
a08-128-spread	spread	miss	404	487
a08-128-spread	spread	hit	200	1
a08-128-spread	spread	miss	404	599
a08-128-spread	spread	hit	200	3
a08-128-spread	spread	miss	404	577
a08-128-spread	spread	hit	200	1
a08-128-spread	spread	miss	404	546
a08-128-spread	spread	hit	200	2
a08-128-spread	spread	miss	404	381
a08-128-spread	spread	hit	200	1
a08-128-spread	spread	miss	404	613
a08-128-spread	spread	hit	200	2
a08-128-spread	spread	miss	404	396
a08-128-spread	spread	hit	200	1
a08-128-spread	spread	miss	404	578
a08-128-spread	spread	hit	200	3
a08-128-spread	spread	miss	404	440
a08-128-spread	spread	hit	200	1
a08-128-spread	spread	miss	404	568
a08-128-spread	spread	hit	200	2
a08-128-spread	spread	miss	404	456
a08-128-spread	spread	hit	200	1
a08-128-spread	spread	miss	404	430
a08-128-spread	spread	hit	200	2
a08-128-spread	spread	miss	404	444
a08-128-spread	spread	hit	200	4
a08-128-spread	spread	miss	404	405
a08-128-spread	spread	hit	200	2
a08-128-spread	spread	miss	404	477
a08-128-spread	spread	hit	200	3
a08-128-spread	spread	miss	404	500
a08-128-spread	spread	hit	200	2
a08-128-spread	spread	miss	404	456
a08-128-spread	spread	hit	200	3
a08-128-spread	spread	miss	404	559
a08-128-spread	spread	hit	200	1
a08-128-spread	spread	miss	404	474
a08-128-spread	spread	hit	200	1
a08-128-spread	spread	miss	404	409
a08-128-spread	spread	hit	200	2
a08-128-spread	spread	miss	404	384
a08-128-spread	spread	hit	200	2
a08-128-spread	spread	miss	404	417
a08-128-spread	spread	hit	200	1
a08-128-spread	spread	miss	404	502
a08-128-spread	spread	hit	200	1
a08-128-spread	spread	miss	404	370
a08-128-spread	spread	hit	200	1
a08-128-spread	spread	miss	404	447
a08-128-spread	spread	hit	200	1
a08-128-spread	spread	miss	404	417
a08-128-spread	spread	hit	200	1
a08-128-spread	spread	miss	404	323
a08-128-spread	spread	hit	200	2
a08-128-spread	spread	miss	404	446
a08-128-spread	spread	hit	200	1
a08-128-spread	spread	miss	404	472
a08-128-spread	spread	hit	200	1
a08-128-spread	spread	miss	404	175
a08-128-spread	spread	hit	200	2
a08-128-spread	spread	miss	404	579
a08-128-spread	spread	hit	200	1
a08-128-spread	spread	miss	404	340
a08-128-spread	spread	hit	200	3
a08-128-spread	spread	miss	404	405
a08-128-spread	spread	hit	200	5
a08-128-spread	spread	miss	404	436
a08-128-spread	spread	hit	200	3
a08-128-spread	spread	miss	404	439
a08-128-spread	spread	hit	200	2
a08-128-spread	spread	miss	404	320
a08-128-spread	spread	hit	200	1
a08-128-spread	spread	miss	404	483
a08-128-spread	spread	hit	200	4
a08-128-spread	spread	miss	404	409
a08-128-spread	spread	hit	200	1
a08-128-spread	spread	miss	404	502
a08-128-spread	spread	hit	200	1
a08-128-spread	spread	miss	404	364
a08-128-spread	spread	hit	200	8
a08-128-spread	spread	miss	404	774
a08-128-spread	spread	hit	200	2
a08-128-spread	spread	miss	404	415
a08-128-spread	spread	hit	200	1
a08-128-spread	spread	miss	404	480
a08-128-spread	spread	hit	200	4
a08-128-spread	spread	miss	404	515
a08-128-spread	spread	hit	200	1
a08-128-spread	spread	miss	404	608
a08-128-spread	spread	hit	200	3
a08-128-spread	spread	miss	404	663
a08-128-spread	spread	hit	200	2
a08-128-spread	spread	miss	404	777
a08-128-spread	spread	hit	200	1
a08-128-spread	spread	miss	404	522
a08-128-spread	spread	hit	200	5
a08-128-spread	spread	miss	404	560
a08-128-spread	spread	hit	200	1
a08-128-spread	spread	miss	404	465
a08-128-spread	spread	hit	200	3
a08-128-spread	spread	miss	404	503
a08-128-spread	spread	hit	200	1
a08-128-spread	spread	miss	404	423
a08-128-spread	spread	hit	200	1
a08-128-spread	spread	miss	404	366
a08-128-spread	spread	hit	200	2
a08-128-spread	spread	miss	404	300
a08-128-spread	spread	hit	200	2
a08-128-spread	spread	miss	404	479
a08-128-spread	spread	hit	200	1
a08-128-spread	spread	miss	404	612
a08-128-spread	spread	hit	200	2
a08-128-spread	spread	miss	404	441
a08-128-spread	spread	hit	200	1
a08-128-spread	spread	miss	404	686
a08-128-spread	spread	hit	200	5
a08-128-spread	spread	miss	404	526
a08-128-spread	spread	hit	200	2
a08-128-spread	spread	miss	404	523
a08-128-spread	spread	hit	200	1
a08-128-spread	spread	miss	404	453
a08-128-spread	spread	hit	200	1
a08-128-spread	spread	miss	404	453
a08-128-spread	spread	hit	200	2
a08-128-spread	spread	miss	404	449
a08-128-spread	spread	hit	200	2
a08-128-spread	spread	miss	404	346
a08-128-spread	spread	hit	200	1
a08-128-spread	spread	miss	404	325
a08-128-spread	spread	hit	200	1
a08-128-spread	spread	miss	404	516
a08-128-spread	spread	hit	200	2
a08-128-spread	spread	miss	404	161
a08-128-spread	spread	hit	200	2
a08-128-spread	spread	miss	404	457
a08-128-spread	spread	hit	200	1
a08-128-spread	spread	miss	404	193
a08-128-spread	spread	hit	200	1
a08-128-spread	spread	miss	404	210
a08-128-spread	spread	hit	200	1
a08-128-spread	spread	miss	404	348
a08-128-spread	spread	hit	200	2
a08-128-spread	spread	miss	404	410
a08-128-spread	spread	hit	200	1
a08-128-spread	spread	miss	404	505
a08-128-spread	spread	hit	200	1
a08-128-spread	spread	miss	404	343
a08-128-spread	spread	hit	200	2
a08-128-spread	spread	miss	404	157
a08-128-spread	spread	hit	200	1
a08-128-spread	spread	miss	404	505
a08-128-spread	spread	hit	200	3
a08-128-spread	spread	miss	404	422
a08-128-spread	spread	hit	200	2
a08-128-spread	spread	miss	404	455
a08-128-spread	spread	hit	200	1
a08-128-spread	spread	miss	404	543
a08-128-spread	spread	hit	200	3
a08-128-spread	spread	miss	404	462
a08-128-spread	spread	hit	200	8
a08-128-spread	spread	miss	404	550
a08-128-spread	spread	hit	200	1
a08-128-spread	spread	miss	404	430
a08-128-spread	spread	hit	200	2
a08-128-spread	spread	miss	404	791
a08-128-spread	spread	hit	200	1
a08-128-spread	spread	miss	404	602
a08-128-spread	spread	hit	200	2
a08-128-spread	spread	miss	404	698
a08-128-spread	spread	hit	200	3
a08-128-spread	spread	miss	404	601
a08-128-spread	spread	hit	200	5
a08-128-spread	spread	miss	404	531
a08-128-spread	spread	hit	200	10
a08-128-spread	spread	miss	404	531
a08-128-spread	spread	hit	200	2
a08-128-spread	spread	miss	404	419
a08-128-spread	spread	hit	200	1
a08-128-spread	spread	miss	404	589
a08-128-spread	spread	hit	200	1
a08-128-spread	spread	miss	404	204
a08-128-spread	spread	hit	200	1
a08-128-spread	spread	miss	404	520
a08-128-spread	spread	hit	200	1
a08-128-spread	spread	miss	404	509
a08-128-spread	spread	hit	200	1
a08-128-spread	spread	miss	404	360
a08-128-spread	spread	hit	200	2
a08-128-spread	spread	miss	404	431
a08-128-spread	spread	hit	200	1
a08-128-spread	spread	miss	404	472
a08-128-spread	spread	hit	200	1
a08-128-spread	spread	miss	404	403
a08-128-spread	spread	hit	200	1
a08-128-spread	spread	miss	404	412
a08-128-spread	spread	hit	200	1
a08-128-spread	spread	miss	404	375
a08-128-spread	spread	hit	200	2
a08-128-spread	spread	miss	404	541
a08-128-spread	spread	hit	200	1
a08-128-spread	spread	miss	404	511
a08-128-spread	spread	hit	200	2
a08-128-spread	spread	miss	404	411
a08-128-spread	spread	hit	200	1
a08-128-spread	spread	miss	404	111
a08-128-spread	spread	hit	200	5
a08-128-spread	spread	miss	404	452
a08-128-spread	spread	hit	200	2
a08-128-spread	spread	miss	404	397
a08-128-spread	spread	hit	200	2
a08-128-spread	spread	miss	404	475
a08-128-spread	spread	hit	200	1
a08-128-spread	spread	miss	404	449
a08-128-spread	spread	hit	200	1
a08-128-spread	spread	miss	404	343
a08-128-spread	spread	hit	200	1
a08-128-spread	spread	miss	404	172
a08-128-spread	spread	hit	200	1
a08-128-spread	spread	miss	404	468
a08-128-spread	spread	hit	200	1
a08-128-spread	spread	miss	404	411
a08-128-spread	spread	hit	200	1
a08-128-spread	spread	miss	404	431
a08-128-spread	spread	hit	200	2
a08-128-spread	spread	miss	404	436
a08-128-spread	spread	hit	200	3
a08-128-spread	spread	miss	404	540
a08-128-spread	spread	hit	200	1
a08-128-spread	spread	miss	404	414
a08-128-spread	spread	hit	200	2
a08-128-spread	spread	miss	404	172
a08-128-spread	spread	hit	200	3
a08-128-spread	spread	miss	404	468
a08-128-spread	spread	hit	200	2
a08-128-spread	spread	miss	404	192
a08-128-spread	spread	hit	200	5
a08-128-spread	spread	miss	404	508
a08-128-spread	spread	hit	200	1
a08-128-spread	spread	miss	404	470
a08-128-spread	spread	hit	200	2
a08-128-spread	spread	miss	404	497
a08-128-spread	spread	hit	200	2
a08-128-spread	spread	miss	404	354
a08-128-spread	spread	hit	200	1
a08-128-spread	spread	miss	404	507
a08-128-spread	spread	hit	200	2
a08-128-spread	spread	miss	404	524
a08-128-spread	spread	hit	200	8
a08-128-spread	spread	miss	404	538
a08-128-spread	spread	hit	200	2
a08-128-spread	spread	miss	404	446
a08-128-spread	spread	hit	200	4
a08-128-spread	spread	miss	404	642
a08-128-spread	spread	hit	200	2
a08-128-spread	spread	miss	404	581
a08-128-spread	spread	hit	200	2
a08-128-spread	spread	miss	404	682
a08-128-spread	spread	hit	200	1
a08-128-spread	spread	miss	404	623
a08-128-spread	spread	hit	200	1
a08-128-spread	spread	miss	404	465
a08-128-spread	spread	hit	200	1
a08-128-spread	spread	miss	404	541
a08-128-spread	spread	hit	200	5
a08-128-spread	spread	miss	404	522
a08-128-spread	spread	hit	200	2
a08-128-spread	spread	miss	404	374
a08-128-spread	spread	hit	200	3
a08-128-spread	spread	miss	404	470
a08-128-spread	spread	hit	200	2
a08-128-spread	spread	miss	404	217
a08-128-spread	spread	hit	200	1
a08-128-spread	spread	miss	404	393
a08-128-spread	spread	hit	200	1
a08-128-spread	spread	miss	404	465
a08-128-spread	spread	hit	200	1
a08-128-spread	spread	miss	404	520
a08-128-spread	spread	hit	200	2
a08-128-spread	spread	miss	404	363
a08-128-spread	spread	hit	200	1
a08-128-spread	spread	miss	404	434
a08-128-spread	spread	hit	200	1
a08-128-spread	spread	miss	404	509
a08-128-spread	spread	hit	200	1
a08-128-spread	spread	miss	404	492
a08-128-spread	spread	hit	200	1
a08-128-spread	spread	miss	404	435
a08-128-spread	spread	hit	200	1
a08-128-spread	spread	miss	404	307
a08-128-spread	spread	hit	200	4
a08-128-spread	spread	miss	404	452
a08-128-spread	spread	hit	200	8
a08-128-spread	spread	miss	404	502
a08-128-spread	spread	hit	200	1
a08-128-spread	spread	miss	404	550
a08-128-spread	spread	hit	200	2
a08-128-spread	spread	miss	404	164
a08-128-spread	spread	hit	200	2
a08-128-spread	spread	miss	404	604
a08-128-spread	spread	hit	200	1
a08-128-spread	spread	miss	404	513
a08-128-spread	spread	hit	200	1
a08-128-spread	spread	miss	404	401
a08-128-spread	spread	hit	200	3
a08-128-spread	spread	miss	404	444
a08-128-spread	spread	hit	200	3
a08-128-spread	spread	miss	404	379
a08-128-spread	spread	hit	200	1
a08-128-spread	spread	miss	404	446
a08-128-spread	spread	hit	200	2
a08-128-spread	spread	miss	404	526
a08-128-spread	spread	hit	200	5
a08-128-spread	spread	miss	404	481
a08-128-spread	spread	hit	200	1
a08-128-spread	spread	miss	404	421
a08-128-spread	spread	hit	200	3
a08-128-spread	spread	miss	404	516
a08-128-spread	spread	hit	200	1
a08-128-spread	spread	miss	404	486
a08-128-spread	spread	hit	200	1
a08-128-spread	spread	miss	404	518
a08-128-spread	spread	hit	200	7
a08-128-spread	spread	miss	404	541
a08-128-spread	spread	hit	200	1
a08-128-spread	spread	miss	404	512
a08-128-spread	spread	hit	200	3
a08-128-spread	spread	miss	404	514
a08-128-spread	spread	hit	200	1
a08-128-spread	spread	miss	404	498
a08-128-spread	spread	hit	200	1
a08-128-spread	spread	miss	404	545
a08-128-spread	spread	hit	200	6
a08-128-spread	spread	miss	404	562
a08-128-spread	spread	hit	200	1
a08-128-spread	spread	miss	404	411
a08-128-spread	spread	hit	200	2
a08-128-spread	spread	miss	404	352
a08-128-spread	spread	hit	200	2
a08-128-spread	spread	miss	404	470
a08-128-spread	spread	hit	200	5
a08-128-spread	spread	miss	404	508
a08-128-spread	spread	hit	200	2
a08-128-spread	spread	miss	404	462
a08-128-spread	spread	hit	200	4
a08-128-spread	spread	miss	404	583
a08-128-spread	spread	hit	200	2
a08-128-spread	spread	miss	404	425
a08-128-spread	spread	hit	200	3
a08-128-spread	spread	miss	404	503
a08-128-spread	spread	hit	200	1
a08-128-spread	spread	miss	404	477
a08-128-spread	spread	hit	200	1
a08-128-spread	spread	miss	404	349
a08-128-spread	spread	hit	200	1
a08-128-spread	spread	miss	404	369
a08-128-spread	spread	hit	200	2
a08-128-spread	spread	miss	404	396
a08-128-spread	spread	hit	200	1
a08-128-spread	spread	miss	404	418
a08-128-spread	spread	hit	200	1
a08-128-spread	spread	miss	404	476
a08-128-spread	spread	hit	200	2
a08-128-spread	spread	miss	404	426
a08-128-spread	spread	hit	200	1
a08-128-spread	spread	miss	404	422
a08-128-spread	spread	hit	200	1
a08-128-spread	spread	miss	404	419
a08-128-spread	spread	hit	200	1
a08-128-spread	spread	miss	404	402
a08-128-spread	spread	hit	200	2
a08-128-spread	spread	miss	404	599
a08-128-spread	spread	hit	200	1
a08-128-spread	spread	miss	404	452
a08-128-spread	spread	hit	200	1
a08-128-spread	spread	miss	404	457
a08-128-spread	spread	hit	200	1
a08-128-spread	spread	miss	404	453
a08-128-spread	spread	hit	200	1
a08-128-spread	spread	miss	404	355
a08-128-spread	spread	hit	200	2
a08-128-spread	spread	miss	404	503
a08-128-spread	spread	hit	200	2
a08-128-spread	spread	miss	404	329
a08-128-spread	spread	hit	200	1
a08-128-spread	spread	miss	404	442
a08-128-spread	spread	hit	200	1
a08-128-spread	spread	miss	404	363
a08-128-spread	spread	hit	200	1
a08-128-spread	spread	miss	404	183
a08-128-spread	spread	hit	200	1
a08-128-spread	spread	miss	404	397
a08-128-spread	spread	hit	200	1
a08-128-spread	spread	miss	404	456
a08-128-spread	spread	hit	200	1
a08-128-spread	spread	miss	404	428
a08-128-spread	spread	hit	200	7
a08-128-spread	spread	miss	404	525
a08-128-spread	spread	hit	200	2
a08-128-spread	spread	miss	404	669
a08-128-spread	spread	hit	200	2
a08-128-spread	spread	miss	404	485
a08-128-spread	spread	hit	200	2
a08-128-spread	spread	miss	404	570
a08-128-spread	spread	hit	200	8
a08-128-spread	spread	miss	404	477
a08-128-spread	spread	hit	200	2
a08-128-spread	spread	miss	404	516
a08-128-spread	spread	hit	200	3
a08-128-spread	spread	miss	404	576
a08-128-spread	spread	hit	200	2
a08-128-spread	spread	miss	404	538
a08-128-spread	spread	hit	200	3
a08-128-spread	spread	miss	404	505
a08-128-spread	spread	hit	200	1
a08-128-spread	spread	miss	404	498
a08-128-spread	spread	hit	200	2
a08-128-spread	spread	miss	404	480
a08-128-spread	spread	hit	200	2
a08-128-spread	spread	miss	404	401
a08-128-spread	spread	hit	200	2
a08-128-spread	spread	miss	404	427
a08-128-spread	spread	hit	200	1
a08-128-spread	spread	miss	404	461
a08-128-spread	spread	hit	200	1
a08-128-spread	spread	miss	404	475
a08-128-spread	spread	hit	200	1
a08-128-spread	spread	miss	404	190
a08-128-spread	spread	hit	200	5
a08-128-spread	spread	miss	404	473
a08-128-spread	spread	hit	200	2
a08-128-spread	spread	miss	404	444
a08-128-spread	spread	hit	200	2
a08-128-spread	spread	miss	404	218
a08-128-spread	spread	hit	200	1
a08-128-spread	spread	miss	404	420
a08-128-spread	spread	hit	200	1
a08-128-spread	spread	miss	404	484
a08-128-spread	spread	hit	200	1
a08-128-spread	spread	miss	404	436
a08-128-spread	spread	hit	200	1
a08-128-spread	spread	miss	404	555
a08-128-spread	spread	hit	200	1
a08-128-spread	spread	miss	404	388
a08-128-spread	spread	hit	200	2
a08-128-spread	spread	miss	404	476
a08-128-spread	spread	hit	200	2
a08-128-spread	spread	miss	404	539
a08-128-spread	spread	hit	200	1
a08-128-spread	spread	miss	404	363
a08-128-spread	spread	hit	200	1
a08-128-spread	spread	miss	404	462
a08-128-spread	spread	hit	200	1
a08-128-spread	spread	miss	404	176
a08-128-spread	spread	hit	200	1
a08-128-spread	spread	miss	404	392
a08-128-spread	spread	hit	200	1
a08-128-spread	spread	miss	404	453
a08-128-spread	spread	hit	200	1
a08-128-spread	spread	miss	404	447
a08-128-spread	spread	hit	200	2
a08-128-spread	spread	miss	404	464
a08-128-spread	spread	hit	200	1
a08-128-spread	spread	miss	404	243
a08-128-spread	spread	hit	200	1
a08-128-spread	spread	miss	404	402
a08-128-spread	spread	hit	200	1
a08-128-spread	spread	miss	404	636
a08-128-spread	spread	hit	200	2
a08-128-spread	spread	miss	404	402
a08-128-spread	spread	hit	200	3
a08-128-spread	spread	miss	404	501
a08-128-spread	spread	hit	200	1
a08-128-spread	spread	miss	404	419
a08-128-spread	spread	hit	200	6
a08-128-spread	spread	miss	404	434
a08-128-spread	spread	hit	200	1
a08-128-spread	spread	miss	404	407
a08-128-spread	spread	hit	200	1
a08-128-spread	spread	miss	404	427
a08-128-spread	spread	hit	200	1
a08-128-spread	spread	miss	404	435
a08-128-spread	spread	hit	200	2
a08-128-spread	spread	miss	404	457
a08-128-spread	spread	hit	200	1
a08-128-spread	spread	miss	404	194
a08-128-spread	spread	hit	200	5
a08-128-spread	spread	miss	404	390
a08-128-spread	spread	hit	200	1
a08-128-spread	spread	miss	404	534
a08-128-spread	spread	hit	200	1
a08-128-spread	spread	miss	404	500
a08-128-spread	spread	hit	200	1
a08-128-spread	spread	miss	404	508
a08-128-spread	spread	hit	200	2
a08-128-spread	spread	miss	404	905
a08-128-spread	spread	hit	200	1
a08-128-spread	spread	miss	404	203
a08-128-spread	spread	hit	200	1
a08-128-spread	spread	miss	404	546
a08-128-spread	spread	hit	200	5
a08-128-spread	spread	miss	404	451
a08-128-spread	spread	hit	200	1
a08-128-spread	spread	miss	404	555
a08-128-spread	spread	hit	200	2
a08-128-spread	spread	miss	404	498
a08-128-spread	spread	hit	200	1
a08-128-spread	spread	miss	404	428
a08-128-spread	spread	hit	200	2
a08-128-spread	spread	miss	404	488
a08-128-spread	spread	hit	200	2
a08-128-spread	spread	miss	404	453
a08-128-spread	spread	hit	200	1
a08-128-spread	spread	miss	404	462
a08-128-spread	spread	hit	200	1
a08-128-spread	spread	miss	404	531
a08-128-spread	spread	hit	200	1
a08-128-spread	spread	miss	404	198
a08-128-spread	spread	hit	200	1
a08-128-spread	spread	miss	404	359
a08-128-spread	spread	hit	200	1
a08-128-spread	spread	miss	404	452
a08-128-spread	spread	hit	200	1
a08-128-spread	spread	miss	404	395
a08-128-spread	spread	hit	200	2
a08-128-spread	spread	miss	404	386
a08-128-spread	spread	hit	200	1
a08-128-spread	spread	miss	404	454
a08-128-spread	spread	hit	200	1
a08-128-spread	spread	miss	404	341
a08-128-spread	spread	hit	200	2
a08-128-spread	spread	miss	404	378
a08-128-spread	spread	hit	200	1
a08-128-spread	spread	miss	404	533
a08-128-spread	spread	hit	200	2
a08-128-spread	spread	miss	404	382
a08-128-spread	spread	hit	200	1
a08-128-spread	spread	miss	404	368
a08-128-spread	spread	hit	200	1
a08-128-spread	spread	miss	404	391
a08-128-spread	spread	hit	200	1
a08-128-spread	spread	miss	404	396
a08-128-spread	spread	hit	200	2
a08-128-spread	spread	miss	404	534
a08-128-spread	spread	hit	200	1
a08-128-spread	spread	miss	404	360
a08-128-spread	spread	hit	200	2
a08-128-spread	spread	miss	404	398
a08-128-spread	spread	hit	200	1
a08-128-spread	spread	miss	404	557
a08-128-spread	spread	hit	200	1
a08-128-spread	spread	miss	404	445
a08-128-spread	spread	hit	200	1
a08-128-spread	spread	miss	404	468
a08-128-spread	spread	hit	200	1
a08-128-spread	spread	miss	404	332
a08-128-spread	spread	hit	200	1
a08-128-spread	spread	miss	404	548
a08-128-spread	spread	hit	200	2
a08-128-spread	spread	miss	404	588
a08-128-spread	spread	hit	200	3
a08-128-spread	spread	miss	404	472
a08-128-spread	spread	hit	200	1
a08-128-spread	spread	miss	404	501
a08-128-spread	spread	hit	200	1
a08-128-spread	spread	miss	404	540
a08-128-spread	spread	hit	200	1
a08-128-spread	spread	miss	404	333
a08-128-spread	spread	hit	200	1
a08-128-spread	spread	miss	404	704
a08-128-spread	spread	hit	200	9
a08-128-spread	spread	miss	404	428
a08-128-spread	spread	hit	200	1
a08-128-spread	spread	miss	404	627
a08-128-spread	spread	hit	200	1
a08-128-spread	spread	miss	404	240
a08-128-spread	spread	hit	200	6
a08-128-spread	spread	miss	404	530
a08-128-spread	spread	hit	200	2
a08-128-spread	spread	miss	404	425
a08-128-spread	spread	hit	200	2
a08-128-spread	spread	miss	404	486
a08-128-spread	spread	hit	200	2
a08-128-spread	spread	miss	404	392
a08-128-spread	spread	hit	200	3
a08-128-spread	spread	miss	404	446
a08-128-spread	spread	hit	200	2
a08-128-spread	spread	miss	404	451
a08-128-spread	spread	hit	200	4
a08-128-spread	spread	miss	404	488
a08-128-spread	spread	hit	200	1
a08-128-spread	spread	miss	404	428
a08-128-spread	spread	hit	200	1
a08-128-spread	spread	miss	404	425
a08-128-spread	spread	hit	200	2
a08-128-spread	spread	miss	404	479
a08-128-spread	spread	hit	200	1
a08-128-spread	spread	miss	404	446
a08-128-spread	spread	hit	200	2
a08-128-spread	spread	miss	404	520
a08-128-spread	spread	hit	200	1
a08-128-spread	spread	miss	404	593
a08-128-spread	spread	hit	200	1
a08-128-spread	spread	miss	404	464
a08-128-spread	spread	hit	200	1
a08-128-spread	spread	miss	404	498
a08-128-spread	spread	hit	200	1
a08-128-spread	spread	miss	404	402
a08-128-spread	spread	hit	200	1
a08-128-spread	spread	miss	404	438
a08-128-spread	spread	hit	200	5
a08-128-spread	spread	miss	404	438
a08-128-spread	spread	hit	200	1
a08-128-spread	spread	miss	404	405
a08-128-spread	spread	hit	200	7
a08-128-spread	spread	miss	404	353
a08-128-spread	spread	hit	200	1
a08-128-spread	spread	miss	404	285
a08-128-spread	spread	hit	200	1
a08-128-spread	spread	miss	404	474
a08-128-spread	spread	hit	200	1
a08-128-spread	spread	miss	404	489
a08-128-spread	spread	hit	200	1
a08-128-spread	spread	miss	404	467
a08-128-spread	spread	hit	200	1
a08-128-spread	spread	miss	404	501
a08-128-spread	spread	hit	200	2
a08-128-spread	spread	miss	404	472
a08-128-spread	spread	hit	200	7
a08-128-spread	spread	miss	404	506
a08-128-spread	spread	hit	200	1
a08-128-spread	spread	miss	404	499
a08-128-spread	spread	hit	200	2
a08-128-spread	spread	miss	404	497
a08-128-spread	spread	hit	200	3
a08-128-spread	spread	miss	404	417
a08-128-spread	spread	hit	200	4
a08-128-spread	spread	miss	404	427
a08-128-spread	spread	hit	200	2
a08-128-spread	spread	miss	404	517
a08-128-spread	spread	hit	200	3
a08-128-spread	spread	miss	404	494
a08-128-spread	spread	hit	200	2
a08-128-spread	spread	miss	404	930
a08-128-spread	spread	hit	200	1
a08-128-spread	spread	miss	404	524
a08-128-spread	spread	hit	200	3
a08-128-spread	spread	miss	404	215
a08-128-spread	spread	hit	200	1
a08-128-spread	spread	miss	404	605
a08-128-spread	spread	hit	200	5
a08-128-spread	spread	miss	404	574
a08-128-spread	spread	hit	200	3
a08-128-spread	spread	miss	404	437
a08-128-spread	spread	hit	200	3
a08-128-spread	spread	miss	404	522
a08-128-spread	spread	hit	200	1
a08-128-spread	spread	miss	404	584
a08-128-spread	spread	hit	200	5
a08-128-spread	spread	miss	404	444
a08-128-spread	spread	hit	200	2
a08-128-spread	spread	miss	404	397
a08-128-spread	spread	hit	200	1
a08-128-spread	spread	miss	404	200
a08-128-spread	spread	hit	200	7
a08-128-spread	spread	miss	404	433
a08-128-spread	spread	hit	200	2
a08-128-spread	spread	miss	404	228
a08-128-spread	spread	hit	200	4
a08-128-spread	spread	miss	404	509
a08-128-spread	spread	hit	200	1
a08-128-spread	spread	miss	404	547
a08-128-spread	spread	hit	200	1
a08-128-spread	spread	miss	404	408
a08-128-spread	spread	hit	200	2
a08-128-spread	spread	miss	404	356
a08-128-spread	spread	hit	200	4
a08-128-spread	spread	miss	404	499
a08-128-spread	spread	hit	200	3
a08-128-spread	spread	miss	404	520
a08-128-spread	spread	hit	200	1
a08-128-spread	spread	miss	404	349
a08-128-spread	spread	hit	200	1
a08-128-spread	spread	miss	404	438
a08-128-spread	spread	hit	200	1
a08-128-spread	spread	miss	404	490
a08-128-spread	spread	hit	200	2
a08-128-spread	spread	miss	404	371
a08-128-spread	spread	hit	200	2
a08-128-spread	spread	miss	404	338
a08-128-spread	spread	hit	200	4
a08-128-spread	spread	miss	404	416
a08-128-spread	spread	hit	200	1
a08-128-spread	spread	miss	404	372
a08-128-spread	spread	hit	200	1
a08-128-spread	spread	miss	404	479
a08-128-spread	spread	hit	200	1
a08-128-spread	spread	miss	404	455
a08-128-spread	spread	hit	200	1
a08-128-spread	spread	miss	404	523
a08-128-spread	spread	hit	200	5
a08-128-spread	spread	miss	404	677
a08-128-spread	spread	hit	200	1
a08-128-spread	spread	miss	404	383
a08-128-spread	spread	hit	200	1
a08-128-spread	spread	miss	404	453
a08-128-spread	spread	hit	200	1
a08-128-spread	spread	miss	404	476
a08-128-spread	spread	hit	200	2
a08-128-spread	spread	miss	404	407
a08-128-spread	spread	hit	200	5
a08-128-spread	spread	miss	404	220
a08-128-spread	spread	hit	200	2
a08-128-spread	spread	miss	404	442
a08-128-spread	spread	hit	200	1
a08-128-spread	spread	miss	404	421
a08-128-spread	spread	hit	200	4
a08-128-spread	spread	miss	404	174
a08-128-spread	spread	hit	200	3
a08-128-spread	spread	miss	404	406
a08-128-spread	spread	hit	200	1
a08-128-spread	spread	miss	404	511
a08-128-spread	spread	hit	200	1
a08-128-spread	spread	miss	404	216
a08-128-spread	spread	hit	200	2
a08-128-spread	spread	miss	404	545
a08-128-spread	spread	hit	200	2
a08-128-spread	spread	miss	404	474
a08-128-spread	spread	hit	200	2
a08-128-spread	spread	miss	404	513
a08-128-spread	spread	hit	200	3
a08-128-spread	spread	miss	404	795
a08-128-spread	spread	hit	200	1
a08-128-spread	spread	miss	404	577
a08-128-spread	spread	hit	200	5
a08-128-spread	spread	miss	404	659
a08-128-spread	spread	hit	200	3
a08-128-spread	spread	miss	404	832
a08-128-spread	spread	hit	200	4
a08-128-spread	spread	miss	404	638
a08-128-spread	spread	hit	200	3
a08-128-spread	spread	miss	404	413
a08-128-spread	spread	hit	200	1
a08-128-spread	spread	miss	404	540
a08-128-spread	spread	hit	200	3
a08-128-spread	spread	miss	404	344
a08-128-spread	spread	hit	200	1
a08-128-spread	spread	miss	404	631
a08-128-spread	spread	hit	200	4
a08-128-spread	spread	miss	404	495
a08-128-spread	spread	hit	200	1
a08-128-spread	spread	miss	404	541
a08-128-spread	spread	hit	200	2
a08-128-spread	spread	miss	404	300
a08-128-spread	spread	hit	200	5
a08-128-spread	spread	miss	404	719
a08-128-spread	spread	hit	200	1
a08-128-spread	spread	miss	404	148
a08-128-spread	spread	hit	200	1
a08-128-spread	spread	miss	404	434
a08-128-spread	spread	hit	200	2
a08-128-spread	spread	miss	404	489
a08-128-spread	spread	hit	200	2
a08-128-spread	spread	miss	404	362
a08-128-spread	spread	hit	200	5
a08-128-spread	spread	miss	404	400
a08-128-spread	spread	hit	200	1
a08-128-spread	spread	miss	404	381
a08-128-spread	spread	hit	200	1
a08-128-spread	spread	miss	404	441
a08-128-spread	spread	hit	200	2
a08-128-spread	spread	miss	404	433
a08-128-spread	spread	hit	200	1
a08-128-spread	spread	miss	404	566
a08-128-spread	spread	hit	200	3
a08-128-spread	spread	miss	404	459
a08-128-spread	spread	hit	200	1
a08-128-spread	spread	miss	404	376
a08-128-spread	spread	hit	200	1
a08-128-spread	spread	miss	404	403
a08-128-spread	spread	hit	200	1
a08-128-spread	spread	miss	404	445
a08-128-spread	spread	hit	200	1
a08-128-spread	spread	miss	404	417
a08-128-spread	spread	hit	200	1
a08-128-spread	spread	miss	404	452
a08-128-spread	spread	hit	200	1
a08-128-spread	spread	miss	404	448
a08-128-spread	spread	hit	200	1
a08-128-spread	spread	miss	404	583
a08-128-spread	spread	hit	200	3
a08-128-spread	spread	miss	404	421
a08-128-spread	spread	hit	200	1
a08-128-spread	spread	miss	404	499
a08-128-spread	spread	hit	200	7
a08-128-spread	spread	miss	404	462
a08-128-spread	spread	hit	200	1
a08-128-spread	spread	miss	404	523
a08-128-spread	spread	hit	200	1
a08-128-spread	spread	miss	404	208
a08-128-spread	spread	hit	200	3
a08-128-spread	spread	miss	404	464
a08-128-spread	spread	hit	200	1
a08-128-spread	spread	miss	404	451
a08-128-spread	spread	hit	200	5
a08-128-spread	spread	miss	404	582
a08-128-spread	spread	hit	200	2
a08-128-spread	spread	miss	404	368
a08-128-spread	spread	hit	200	1
a08-128-spread	spread	miss	404	500
a08-128-spread	spread	hit	200	2
a08-128-spread	spread	miss	404	554
a08-128-spread	spread	hit	200	11
a08-128-spread	spread	miss	404	448
a08-128-spread	spread	hit	200	1
a08-128-spread	spread	miss	404	201
a08-128-spread	spread	hit	200	4
a08-128-spread	spread	miss	404	690
a08-128-spread	spread	hit	200	2
a08-128-spread	spread	miss	404	381
a08-128-spread	spread	hit	200	2
a08-128-spread	spread	miss	404	498
a08-128-spread	spread	hit	200	1
a08-128-spread	spread	miss	404	473
a08-128-spread	spread	hit	200	1
a08-128-spread	spread	miss	404	524
a08-128-spread	spread	hit	200	2
a08-128-spread	spread	miss	404	394
a08-128-spread	spread	hit	200	3
a08-128-spread	spread	miss	404	549
a08-128-spread	spread	hit	200	2
a08-128-spread	spread	miss	404	395
a08-128-spread	spread	hit	200	2
a08-128-spread	spread	miss	404	423
a08-128-spread	spread	hit	200	5
a08-128-spread	spread	miss	404	414
a08-128-spread	spread	hit	200	3
a08-128-spread	spread	miss	404	372
a08-128-spread	spread	hit	200	1
a08-128-spread	spread	miss	404	429
a08-128-spread	spread	hit	200	1
a08-128-spread	spread	miss	404	552
a08-128-spread	spread	hit	200	1
a08-128-spread	spread	miss	404	433
a08-128-spread	spread	hit	200	1
a08-128-spread	spread	miss	404	424
a08-128-spread	spread	hit	200	1
a08-128-spread	spread	miss	404	531
a08-128-spread	spread	hit	200	1
a08-128-spread	spread	miss	404	452
a08-128-spread	spread	hit	200	1
a08-128-spread	spread	miss	404	476
a08-128-spread	spread	hit	200	1
a08-128-spread	spread	miss	404	470
a08-128-spread	spread	hit	200	1
a08-128-spread	spread	miss	404	418
a08-128-spread	spread	hit	200	1
a08-128-spread	spread	miss	404	343
a08-128-spread	spread	hit	200	1
a08-128-spread	spread	miss	404	385
a08-128-spread	spread	hit	200	1
a08-128-spread	spread	miss	404	563
a08-128-spread	spread	hit	200	1
a08-128-spread	spread	miss	404	348
a08-128-spread	spread	hit	200	1
a08-128-spread	spread	miss	404	410
a08-128-spread	spread	hit	200	1
a08-128-spread	spread	miss	404	509
a08-128-spread	spread	hit	200	1
a08-128-spread	spread	miss	404	367
a08-128-spread	spread	hit	200	1
a08-128-spread	spread	miss	404	520
a08-128-spread	spread	hit	200	1
a08-128-spread	spread	miss	404	443
a08-128-spread	spread	hit	200	5
a08-128-spread	spread	miss	404	529
a08-128-spread	spread	hit	200	1
a08-128-spread	spread	miss	404	527
a08-128-spread	spread	hit	200	1
a08-128-spread	spread	miss	404	396
a08-128-spread	spread	hit	200	2
a08-128-spread	spread	miss	404	583
a08-128-spread	spread	hit	200	2
a08-128-spread	spread	miss	404	157
a08-128-spread	spread	hit	200	1
a08-128-spread	spread	miss	404	640
a08-128-spread	spread	hit	200	1
a08-128-spread	spread	miss	404	520
a08-128-spread	spread	hit	200	1
a08-128-spread	spread	miss	404	570
a08-128-spread	spread	hit	200	4
a08-128-spread	spread	miss	404	559
a08-128-spread	spread	hit	200	2
a08-128-spread	spread	miss	404	556
a08-128-spread	spread	hit	200	3
a08-128-spread	spread	miss	404	437
a08-128-spread	spread	hit	200	4
a08-128-spread	spread	miss	404	444
a08-128-spread	spread	hit	200	1
a08-128-spread	spread	miss	404	396
a08-128-spread	spread	hit	200	2
a08-128-spread	spread	miss	404	450
a08-128-spread	spread	hit	200	1
a08-128-spread	spread	miss	404	459
a08-128-spread	spread	hit	200	2
a08-128-spread	spread	miss	404	544
a08-128-spread	spread	hit	200	1
a08-128-spread	spread	miss	404	471
a08-128-spread	spread	hit	200	6
a08-128-spread	spread	miss	404	523
a08-128-spread	spread	hit	200	1
a08-128-spread	spread	miss	404	447
a08-128-spread	spread	hit	200	4
a08-128-spread	spread	miss	404	491
a08-128-spread	spread	hit	200	2
a08-128-spread	spread	miss	404	524
a08-128-spread	spread	hit	200	1
a08-128-spread	spread	miss	404	422
a08-128-spread	spread	hit	200	5
a08-128-spread	spread	miss	404	398
a08-128-spread	spread	hit	200	2
a08-128-spread	spread	miss	404	524
a08-128-spread	spread	hit	200	2
a08-128-spread	spread	miss	404	428
a08-128-spread	spread	hit	200	1
a08-128-spread	spread	miss	404	443
a08-128-spread	spread	hit	200	2
a08-128-spread	spread	miss	404	415
a08-128-spread	spread	hit	200	1
a08-128-spread	spread	miss	404	244
a08-128-spread	spread	hit	200	1
a08-128-spread	spread	miss	404	480
a08-128-spread	spread	hit	200	1
a08-128-spread	spread	miss	404	396
a08-128-spread	spread	hit	200	1
a08-128-spread	spread	miss	404	425
a08-128-spread	spread	hit	200	1
a08-128-spread	spread	miss	404	444
a08-128-spread	spread	hit	200	3
a08-128-spread	spread	miss	404	429
a08-128-spread	spread	hit	200	4
a08-128-spread	spread	miss	404	466
a08-128-spread	spread	hit	200	1
a08-128-spread	spread	miss	404	384
a08-128-spread	spread	hit	200	4
a08-128-spread	spread	miss	404	507
a08-128-spread	spread	hit	200	1
a08-128-spread	spread	miss	404	437
a08-128-spread	spread	hit	200	1
a08-128-spread	spread	miss	404	442
a08-128-spread	spread	hit	200	1
a08-128-spread	spread	miss	404	398
a08-128-spread	spread	hit	200	1
a08-128-spread	spread	miss	404	418
a08-128-spread	spread	hit	200	1
a08-128-spread	spread	miss	404	465
a08-128-spread	spread	hit	200	1
a08-128-spread	spread	miss	404	650
a08-128-spread	spread	hit	200	3
a08-128-spread	spread	miss	404	587
a08-128-spread	spread	hit	200	7
a08-128-spread	spread	miss	404	461
a08-128-spread	spread	hit	200	4
a08-128-spread	spread	miss	404	536
a08-128-spread	spread	hit	200	3
a08-128-spread	spread	miss	404	515
a08-128-spread	spread	hit	200	1
a08-128-spread	spread	miss	404	795
a08-128-spread	spread	hit	200	2
a08-128-spread	spread	miss	404	412
a08-128-spread	spread	hit	200	2
a08-128-spread	spread	miss	404	485
a08-128-spread	spread	hit	200	1
a08-128-spread	spread	miss	404	548
a08-128-spread	spread	hit	200	2
a08-128-spread	spread	miss	404	423
a08-128-spread	spread	hit	200	1
a08-128-spread	spread	miss	404	465
a08-128-spread	spread	hit	200	3
a08-128-spread	spread	miss	404	530
a08-128-spread	spread	hit	200	2
a08-128-spread	spread	miss	404	488
a08-128-spread	spread	hit	200	2
a08-128-spread	spread	miss	404	549
a08-128-spread	spread	hit	200	2
a08-128-spread	spread	miss	404	167
a08-128-spread	spread	hit	200	1
a08-128-spread	spread	miss	404	287
a08-128-spread	spread	hit	200	7
a08-128-spread	spread	miss	404	234
a08-128-spread	spread	hit	200	1
a08-128-spread	spread	miss	404	446
a08-128-spread	spread	hit	200	1
a08-128-spread	spread	miss	404	431
a08-128-spread	spread	hit	200	1
a08-128-spread	spread	miss	404	389
a08-128-spread	spread	hit	200	1
a08-128-spread	spread	miss	404	372
a08-128-spread	spread	hit	200	2
a08-128-spread	spread	miss	404	556
a08-128-spread	spread	hit	200	3
a08-128-spread	spread	miss	404	601
a08-128-spread	spread	hit	200	2
a08-128-spread	spread	miss	404	421
a08-128-spread	spread	hit	200	1
a08-128-spread	spread	miss	404	397
a08-128-spread	spread	hit	200	1
a08-128-spread	spread	miss	404	420
a08-128-spread	spread	hit	200	1
a08-128-spread	spread	miss	404	407
a08-128-spread	spread	hit	200	1
a08-128-spread	spread	miss	404	583
a08-128-spread	spread	hit	200	3
a08-128-spread	spread	miss	404	286
a08-128-spread	spread	hit	200	1
a08-128-spread	spread	miss	404	524
a08-128-spread	spread	hit	200	1
a08-128-spread	spread	miss	404	905
a08-128-spread	spread	hit	200	1
a08-128-spread	spread	miss	404	435
a08-128-spread	spread	hit	200	1
a08-128-spread	spread	miss	404	440
a08-128-spread	spread	hit	200	1
a08-128-spread	spread	miss	404	340
a08-128-spread	spread	hit	200	1
a08-128-spread	spread	miss	404	428
a08-128-spread	spread	hit	200	1
a08-128-spread	spread	miss	404	474
a08-128-spread	spread	hit	200	1
a08-128-spread	spread	miss	404	396
a08-128-spread	spread	hit	200	6
a08-128-spread	spread	miss	404	555
a08-128-spread	spread	hit	200	1
a08-128-spread	spread	miss	404	416
a08-128-spread	spread	hit	200	8
a08-128-spread	spread	miss	404	184
a08-128-spread	spread	hit	200	1
a08-128-spread	spread	miss	404	460
a08-128-spread	spread	hit	200	2
a08-128-spread	spread	miss	404	491
a08-128-spread	spread	hit	200	1
a08-128-spread	spread	miss	404	570
a08-128-spread	spread	hit	200	5
a08-128-spread	spread	miss	404	535
a08-128-spread	spread	hit	200	1
a08-128-spread	spread	miss	404	569
a08-128-spread	spread	hit	200	2
a08-128-spread	spread	miss	404	172
a08-128-spread	spread	hit	200	1
a08-128-spread	spread	miss	404	646
a08-128-spread	spread	hit	200	4
a08-128-spread	spread	miss	404	643
a08-128-spread	spread	hit	200	1
a08-128-spread	spread	miss	404	599
a08-128-spread	spread	hit	200	3
a08-128-spread	spread	miss	404	609
a08-128-spread	spread	hit	200	1
a08-128-spread	spread	miss	404	571
a08-128-spread	spread	hit	200	1
a08-128-spread	spread	miss	404	524
a08-128-spread	spread	hit	200	2
a08-128-spread	spread	miss	404	508
a08-128-spread	spread	hit	200	1
a08-128-spread	spread	miss	404	226
a08-128-spread	spread	hit	200	6
a08-128-spread	spread	miss	404	495
a08-128-spread	spread	hit	200	1
a08-128-spread	spread	miss	404	371
a08-128-spread	spread	hit	200	3
a08-128-spread	spread	miss	404	592
a08-128-spread	spread	hit	200	2
a08-128-spread	spread	miss	404	390
a08-128-spread	spread	hit	200	1
a08-128-spread	spread	miss	404	360
a08-128-spread	spread	hit	200	1
a08-128-spread	spread	miss	404	399
a08-128-spread	spread	hit	200	2
a08-128-spread	spread	miss	404	415
a08-128-spread	spread	hit	200	2
a08-128-spread	spread	miss	404	486
a08-128-spread	spread	hit	200	2
a08-128-spread	spread	miss	404	533
a08-128-spread	spread	hit	200	1
a08-128-spread	spread	miss	404	209
a08-128-spread	spread	hit	200	1
a08-128-spread	spread	miss	404	429
a08-128-spread	spread	hit	200	1
a08-128-spread	spread	miss	404	799
a08-128-spread	spread	hit	200	1
a08-128-spread	spread	miss	404	417
a08-128-spread	spread	hit	200	1
a08-128-spread	spread	miss	404	472
a08-128-spread	spread	hit	200	3
a08-128-spread	spread	miss	404	502
a08-128-spread	spread	hit	200	7
a08-128-spread	spread	miss	404	369
a08-128-spread	spread	hit	200	1
a08-128-spread	spread	miss	404	329
a08-128-spread	spread	hit	200	1
a08-128-spread	spread	miss	404	581
a08-128-spread	spread	hit	200	1
a08-128-spread	spread	miss	404	485
a08-128-spread	spread	hit	200	2
a08-128-spread	spread	miss	404	565
a08-128-spread	spread	hit	200	1
a08-128-spread	spread	miss	404	559
a08-128-spread	spread	hit	200	1
a08-128-spread	spread	miss	404	461
a08-128-spread	spread	hit	200	5
a08-128-spread	spread	miss	404	619
a08-128-spread	spread	hit	200	1
a08-128-spread	spread	miss	404	460
a08-128-spread	spread	hit	200	2
a08-128-spread	spread	miss	404	255
a08-128-spread	spread	hit	200	1
a08-128-spread	spread	miss	404	595
a08-128-spread	spread	hit	200	1
a08-128-spread	spread	miss	404	516
a08-128-spread	spread	hit	200	1
a08-128-spread	spread	miss	404	465
a08-128-spread	spread	hit	200	1
a08-128-spread	spread	miss	404	520
a08-128-spread	spread	hit	200	1
a08-128-spread	spread	miss	404	214
a08-128-spread	spread	hit	200	1
a08-128-spread	spread	miss	404	435
a08-128-spread	spread	hit	200	3
a08-128-spread	spread	miss	404	605
a08-128-spread	spread	hit	200	1
a08-128-spread	spread	miss	404	522
a08-128-spread	spread	hit	200	2
a08-128-spread	spread	miss	404	556
a08-128-spread	spread	hit	200	1
a08-128-spread	spread	miss	404	575
a08-128-spread	spread	hit	200	1
a08-128-spread	spread	miss	404	625
a08-128-spread	spread	hit	200	1
a08-128-spread	spread	miss	404	238
a08-128-spread	spread	hit	200	1
a08-128-spread	spread	miss	404	523
a08-128-spread	spread	hit	200	1
a08-128-spread	spread	miss	404	438
a08-128-spread	spread	hit	200	4
a08-128-spread	spread	miss	404	559
a08-128-spread	spread	hit	200	1
a08-128-spread	spread	miss	404	581
a08-128-spread	spread	hit	200	1
a08-128-spread	spread	miss	404	400
a08-128-spread	spread	hit	200	3
a08-128-spread	spread	miss	404	745
a08-128-spread	spread	hit	200	1
a08-128-spread	spread	miss	404	328
a08-128-spread	spread	hit	200	5
a08-128-spread	spread	miss	404	447
a08-128-spread	spread	hit	200	1
a08-128-spread	spread	miss	404	473
a08-128-spread	spread	hit	200	2
a08-128-spread	spread	miss	404	436
a08-128-spread	spread	hit	200	5
a08-128-spread	spread	miss	404	168
a08-128-spread	spread	hit	200	1
a08-128-spread	spread	miss	404	260
a08-128-spread	spread	hit	200	1
a08-128-spread	spread	miss	404	367
a08-128-spread	spread	hit	200	3
a08-128-spread	spread	miss	404	468
a08-128-spread	spread	hit	200	1
a08-128-spread	spread	miss	404	505
a08-128-spread	spread	hit	200	1
a08-128-spread	spread	miss	404	419
a08-128-spread	spread	hit	200	1
a08-128-spread	spread	miss	404	455
a08-128-spread	spread	hit	200	5
a08-128-spread	spread	miss	404	453
a08-128-spread	spread	hit	200	1
a08-128-spread	spread	miss	404	463
a08-128-spread	spread	hit	200	5
a08-128-spread	spread	miss	404	331
a08-128-spread	spread	hit	200	1
a08-128-spread	spread	miss	404	368
a08-128-spread	spread	hit	200	1
a08-128-spread	spread	miss	404	469
a08-128-spread	spread	hit	200	1
a08-128-spread	spread	miss	404	450
a08-128-spread	spread	hit	200	1
a08-128-spread	spread	miss	404	385
a08-128-spread	spread	hit	200	1
a08-128-spread	spread	miss	404	196
a08-128-spread	spread	hit	200	1
a08-128-spread	spread	miss	404	397
a08-128-spread	spread	hit	200	1
a08-128-spread	spread	miss	404	418
a08-128-spread	spread	hit	200	1
a08-128-spread	spread	miss	404	355
a08-128-spread	spread	hit	200	3
a08-128-spread	spread	miss	404	437
a08-128-spread	spread	hit	200	1
a08-128-spread	spread	miss	404	425
a08-128-spread	spread	hit	200	2
a08-128-spread	spread	miss	404	242
a08-128-spread	spread	hit	200	1
a08-128-spread	spread	miss	404	461
a08-128-spread	spread	hit	200	8
a08-128-spread	spread	miss	404	477
a08-128-spread	spread	hit	200	2
a08-128-spread	spread	miss	404	571
a08-128-spread	spread	hit	200	1
a08-128-spread	spread	miss	404	609
a08-128-spread	spread	hit	200	2
a08-128-spread	spread	miss	404	489
a08-128-spread	spread	hit	200	1
a08-128-spread	spread	miss	404	753
a08-128-spread	spread	hit	200	2
a08-128-spread	spread	miss	404	537
a08-128-spread	spread	hit	200	1
a08-128-spread	spread	miss	404	179
a08-128-spread	spread	hit	200	1
a08-128-spread	spread	miss	404	600
a08-128-spread	spread	hit	200	1
a08-128-spread	spread	miss	404	449
a08-128-spread	spread	hit	200	2
a08-128-spread	spread	miss	404	700
a08-128-spread	spread	hit	200	3
a08-128-spread	spread	miss	404	583
a08-128-spread	spread	hit	200	1
a08-128-spread	spread	miss	404	513
a08-128-spread	spread	hit	200	1
a08-128-spread	spread	miss	404	509
a08-128-spread	spread	hit	200	6
a08-128-spread	spread	miss	404	410
a08-128-spread	spread	hit	200	1
a08-128-spread	spread	miss	404	426
a08-128-spread	spread	hit	200	1
a08-128-spread	spread	miss	404	433
a08-128-spread	spread	hit	200	1
a08-128-spread	spread	miss	404	708
a08-128-spread	spread	hit	200	1
a08-128-spread	spread	miss	404	426
a08-128-spread	spread	hit	200	2
a08-128-spread	spread	miss	404	395
a08-128-spread	spread	hit	200	1
a08-128-spread	spread	miss	404	513
a08-128-spread	spread	hit	200	2
a08-128-spread	spread	miss	404	475
a08-128-spread	spread	hit	200	1
a08-128-spread	spread	miss	404	469
a08-128-spread	spread	hit	200	1
a08-128-spread	spread	miss	404	329
a08-128-spread	spread	hit	200	1
a08-128-spread	spread	miss	404	436
a08-128-spread	spread	hit	200	1
a08-128-spread	spread	miss	404	448
a08-128-spread	spread	hit	200	3
a08-128-spread	spread	miss	404	437
a08-128-spread	spread	hit	200	1
a08-128-spread	spread	miss	404	358
a08-128-spread	spread	hit	200	1
a08-128-spread	spread	miss	404	452
a08-128-spread	spread	hit	200	2
a08-128-spread	spread	miss	404	605
a08-128-spread	spread	hit	200	1
a08-128-spread	spread	miss	404	500
a08-128-spread	spread	hit	200	3
a08-128-spread	spread	miss	404	429
a08-128-spread	spread	hit	200	4
a08-128-spread	spread	miss	404	520
a08-128-spread	spread	hit	200	2
a08-128-spread	spread	miss	404	520
a08-128-spread	spread	hit	200	1
a08-128-spread	spread	miss	404	516
a08-128-spread	spread	hit	200	1
a08-128-spread	spread	miss	404	439
a08-128-spread	spread	hit	200	1
a08-128-spread	spread	miss	404	448
a08-128-spread	spread	hit	200	3
a08-128-spread	spread	miss	404	460
a08-128-spread	spread	hit	200	1
a08-128-spread	spread	miss	404	255
a08-128-spread	spread	hit	200	1
a08-128-spread	spread	miss	404	520
a08-128-spread	spread	hit	200	2
a08-128-spread	spread	miss	404	455
a08-128-spread	spread	hit	200	10
a08-128-spread	spread	miss	404	581
a08-128-spread	spread	hit	200	4
a08-128-spread	spread	miss	404	440
a08-128-spread	spread	hit	200	1
a08-128-spread	spread	miss	404	524
a08-128-spread	spread	hit	200	1
a08-128-spread	spread	miss	404	429
a08-128-spread	spread	hit	200	3
a08-128-spread	spread	miss	404	492
a08-128-spread	spread	hit	200	1
a08-128-spread	spread	miss	404	649
a08-128-spread	spread	hit	200	4
a08-128-spread	spread	miss	404	468
a08-128-spread	spread	hit	200	3
a08-128-spread	spread	miss	404	614
a08-128-spread	spread	hit	200	1
a08-128-spread	spread	miss	404	440
a08-128-spread	spread	hit	200	1
a08-128-spread	spread	miss	404	386
a08-128-spread	spread	hit	200	1
a08-128-spread	spread	miss	404	529
a08-128-spread	spread	hit	200	1
a08-128-spread	spread	miss	404	363
a08-128-spread	spread	hit	200	1
a08-128-spread	spread	miss	404	411
a08-128-spread	spread	hit	200	3
a08-128-spread	spread	miss	404	413
a08-128-spread	spread	hit	200	2
a08-128-spread	spread	miss	404	170
a08-128-spread	spread	hit	200	1
a08-128-spread	spread	miss	404	399
a08-128-spread	spread	hit	200	1
a08-128-spread	spread	miss	404	627
a08-128-spread	spread	hit	200	1
a08-128-spread	spread	miss	404	515
a08-128-spread	spread	hit	200	1
a08-128-spread	spread	miss	404	485
a08-128-spread	spread	hit	200	1
a08-128-spread	spread	miss	404	432
a08-128-spread	spread	hit	200	1
a08-128-spread	spread	miss	404	477
a08-128-spread	spread	hit	200	4
a08-128-spread	spread	miss	404	433
a08-128-spread	spread	hit	200	2
a08-128-spread	spread	miss	404	331
a08-128-spread	spread	hit	200	6
a08-128-spread	spread	miss	404	402
a08-128-spread	spread	hit	200	1
a08-128-spread	spread	miss	404	301
a08-128-spread	spread	hit	200	1
a08-128-spread	spread	miss	404	471
a08-128-spread	spread	hit	200	9
a08-128-spread	spread	miss	404	416
a08-128-spread	spread	hit	200	1
a08-128-spread	spread	miss	404	474
a08-128-spread	spread	hit	200	8
a08-128-spread	spread	miss	404	557
a08-128-spread	spread	hit	200	1
a08-128-spread	spread	miss	404	469
a08-128-spread	spread	hit	200	1
a08-128-spread	spread	miss	404	473
a08-128-spread	spread	hit	200	1
a08-128-spread	spread	miss	404	432
a08-128-spread	spread	hit	200	1
a08-128-spread	spread	miss	404	444
a08-128-spread	spread	hit	200	1
a08-128-spread	spread	miss	404	485
a08-128-spread	spread	hit	200	1
a08-128-spread	spread	miss	404	180
a08-128-spread	spread	hit	200	3
a08-128-spread	spread	miss	404	413
a08-128-spread	spread	hit	200	1
a08-128-spread	spread	miss	404	377
a08-128-spread	spread	hit	200	5
a08-128-spread	spread	miss	404	480
a08-128-spread	spread	hit	200	1
a08-128-spread	spread	miss	404	475
a08-128-spread	spread	hit	200	2
a08-128-spread	spread	miss	404	545
a08-128-spread	spread	hit	200	6
a08-128-spread	spread	miss	404	548
a08-128-spread	spread	hit	200	1
a08-128-spread	spread	miss	404	497
a08-128-spread	spread	hit	200	2
a08-128-spread	spread	miss	404	685
a08-128-spread	spread	hit	200	10
a08-128-spread	spread	miss	404	527
a08-128-spread	spread	hit	200	2
a08-128-spread	spread	miss	404	457
a08-128-spread	spread	hit	200	2
a08-128-spread	spread	miss	404	556
a08-128-spread	spread	hit	200	1
a08-128-spread	spread	miss	404	576
a08-128-spread	spread	hit	200	1
a08-128-spread	spread	miss	404	471
a08-128-spread	spread	hit	200	5
a08-128-spread	spread	miss	404	437
a08-128-spread	spread	hit	200	20
a08-128-spread	spread	miss	404	494
a08-128-spread	spread	hit	200	2
a08-128-spread	spread	miss	404	441
a08-128-spread	spread	hit	200	3
a08-128-spread	spread	miss	404	517
a08-128-spread	spread	hit	200	1
a08-128-spread	spread	miss	404	443
a08-128-spread	spread	hit	200	3
a08-128-spread	spread	miss	404	468
a08-128-spread	spread	hit	200	5
a08-128-spread	spread	miss	404	494
a08-128-spread	spread	hit	200	1
a08-128-spread	spread	miss	404	400
a08-128-spread	spread	hit	200	2
a08-128-spread	spread	miss	404	507
a08-128-spread	spread	hit	200	2
a08-128-spread	spread	miss	404	433
a08-128-spread	spread	hit	200	2
a08-128-spread	spread	miss	404	493
a08-128-spread	spread	hit	200	1
a08-128-spread	spread	miss	404	376
a08-128-spread	spread	hit	200	3
a08-128-spread	spread	miss	404	617
a08-128-spread	spread	hit	200	1
a08-128-spread	spread	miss	404	382
a08-128-spread	spread	hit	200	3
a08-128-spread	spread	miss	404	445
a08-128-spread	spread	hit	200	1
a08-128-spread	spread	miss	404	422
a08-128-spread	spread	hit	200	3
a08-128-spread	spread	miss	404	508
a08-128-spread	spread	hit	200	2
a08-128-spread	spread	miss	404	387
a08-128-spread	spread	hit	200	1
a08-128-spread	spread	miss	404	580
a08-128-spread	spread	hit	200	1
a08-128-spread	spread	miss	404	539
a08-128-spread	spread	hit	200	4
a08-128-spread	spread	miss	404	553
a08-128-spread	spread	hit	200	1
a08-128-spread	spread	miss	404	415
a08-128-spread	spread	hit	200	1
a08-128-spread	spread	miss	404	428
a08-128-spread	spread	hit	200	1
a08-128-spread	spread	miss	404	347
a08-128-spread	spread	hit	200	1
a08-128-spread	spread	miss	404	420
a08-128-spread	spread	hit	200	1
a08-128-spread	spread	miss	404	597
a08-128-spread	spread	hit	200	1
a08-128-spread	spread	miss	404	517
a08-128-spread	spread	hit	200	2
a08-128-spread	spread	miss	404	532
a08-128-spread	spread	hit	200	1
a08-128-spread	spread	miss	404	476
a08-128-spread	spread	hit	200	1
a08-128-spread	spread	miss	404	582
a08-128-spread	spread	hit	200	1
a08-128-spread	spread	miss	404	394
a08-128-spread	spread	hit	200	2
a08-128-spread	spread	miss	404	510
a08-128-spread	spread	hit	200	2
a08-128-spread	spread	miss	404	506
a08-128-spread	spread	hit	200	2
a08-128-spread	spread	miss	404	348
a08-128-spread	spread	hit	200	3
a08-128-spread	spread	miss	404	496
a08-128-spread	spread	hit	200	2
a08-128-spread	spread	miss	404	250
a08-128-spread	spread	hit	200	3
a08-128-spread	spread	miss	404	524
a08-128-spread	spread	hit	200	8
a08-128-spread	spread	miss	404	498
a08-128-spread	spread	hit	200	1
a08-128-spread	spread	miss	404	436
a08-128-spread	spread	hit	200	1
a08-128-spread	spread	miss	404	676
a08-128-spread	spread	hit	200	2
a08-128-spread	spread	miss	404	500
a08-128-spread	spread	hit	200	1
a08-128-spread	spread	miss	404	332
a08-128-spread	spread	hit	200	1
a08-128-spread	spread	miss	404	546
a08-128-spread	spread	hit	200	1
a08-128-spread	spread	miss	404	416
a08-128-spread	spread	hit	200	1
a08-128-spread	spread	miss	404	185
a08-128-spread	spread	hit	200	5
a08-128-spread	spread	miss	404	486
a08-128-spread	spread	hit	200	1
a08-128-spread	spread	miss	404	431
a08-128-spread	spread	hit	200	2
a08-128-spread	spread	miss	404	428
a08-128-spread	spread	hit	200	1
a08-128-spread	spread	miss	404	484
a08-128-spread	spread	hit	200	2
a08-128-spread	spread	miss	404	454
a08-128-spread	spread	hit	200	2
a08-128-spread	spread	miss	404	487
a08-128-spread	spread	hit	200	3
a08-128-spread	spread	miss	404	361
a08-128-spread	spread	hit	200	1
a08-128-spread	spread	miss	404	534
a08-128-spread	spread	hit	200	2
a08-128-spread	spread	miss	404	408
a08-128-spread	spread	hit	200	3
a08-128-spread	spread	miss	404	160
a08-128-spread	spread	hit	200	1
a08-128-spread	spread	miss	404	410
a08-128-spread	spread	hit	200	4
a08-128-spread	spread	miss	404	520
a08-128-spread	spread	hit	200	1
a08-128-spread	spread	miss	404	412
a08-128-spread	spread	hit	200	1
a08-128-spread	spread	miss	404	518
a08-128-spread	spread	hit	200	1
a08-128-spread	spread	miss	404	446
a08-128-spread	spread	hit	200	1
a08-128-spread	spread	miss	404	466
a08-128-spread	spread	hit	200	6
a08-128-spread	spread	miss	404	545
a08-128-spread	spread	hit	200	1
a08-128-spread	spread	miss	404	502
a08-128-spread	spread	hit	200	2
a08-128-spread	spread	miss	404	404
a08-128-spread	spread	hit	200	1
a08-128-spread	spread	miss	404	155
a08-128-spread	spread	hit	200	1
a08-128-spread	spread	miss	404	546
a08-128-spread	spread	hit	200	2
a08-128-spread	spread	miss	404	435
a08-128-spread	spread	hit	200	2
a08-128-spread	spread	miss	404	550
a08-128-spread	spread	hit	200	2
a08-128-spread	spread	miss	404	503
a08-128-spread	spread	hit	200	1
a08-128-spread	spread	miss	404	452
a08-128-spread	spread	hit	200	1
a08-128-spread	spread	miss	404	530
a08-128-spread	spread	hit	200	1
a08-128-spread	spread	miss	404	480
a08-128-spread	spread	hit	200	18
a08-128-spread	spread	miss	404	550
a08-128-spread	spread	hit	200	1
a08-128-spread	spread	miss	404	192
a08-128-spread	spread	hit	200	2
a08-128-spread	spread	miss	404	540
a08-128-spread	spread	hit	200	2
a08-128-spread	spread	miss	404	605
a08-128-spread	spread	hit	200	6
a08-128-spread	spread	miss	404	512
a08-128-spread	spread	hit	200	2
a08-128-spread	spread	miss	404	462
a08-128-spread	spread	hit	200	1
a08-128-spread	spread	miss	404	400
a08-128-spread	spread	hit	200	1
a08-128-spread	spread	miss	404	482
a08-128-spread	spread	hit	200	1
a08-128-spread	spread	miss	404	718
a08-128-spread	spread	hit	200	1
a08-128-spread	spread	miss	404	433
a08-128-spread	spread	hit	200	2
a08-128-spread	spread	miss	404	523
a08-128-spread	spread	hit	200	3
a08-128-spread	spread	miss	404	523
a08-128-spread	spread	hit	200	5
a08-128-spread	spread	miss	404	277
a08-128-spread	spread	hit	200	3
a08-128-spread	spread	miss	404	500
a08-128-spread	spread	hit	200	1
a08-128-spread	spread	miss	404	450
a08-128-spread	spread	hit	200	1
a08-128-spread	spread	miss	404	406
a08-128-spread	spread	hit	200	1
a08-128-spread	spread	miss	404	361
a08-128-spread	spread	hit	200	1
a08-128-spread	spread	miss	404	261
a08-128-spread	spread	hit	200	1
a08-128-spread	spread	miss	404	435
a08-128-spread	spread	hit	200	1
a08-128-spread	spread	miss	404	432
a08-128-spread	spread	hit	200	2
a08-128-spread	spread	miss	404	494
a08-128-spread	spread	hit	200	1
a08-128-spread	spread	miss	404	362
a08-128-spread	spread	hit	200	1
a08-128-spread	spread	miss	404	382
a08-128-spread	spread	hit	200	1
a08-128-spread	spread	miss	404	495
a08-128-spread	spread	hit	200	1
a08-128-spread	spread	miss	404	415
a08-128-spread	spread	hit	200	2
a08-128-spread	spread	miss	404	450
a08-128-spread	spread	hit	200	1
a08-128-spread	spread	miss	404	495
a08-128-spread	spread	hit	200	2
a08-128-spread	spread	miss	404	368
a08-128-spread	spread	hit	200	1
a08-128-spread	spread	miss	404	521
a08-128-spread	spread	hit	200	1
a08-128-spread	spread	miss	404	441
a08-128-spread	spread	hit	200	1
a08-128-spread	spread	miss	404	150
a08-128-spread	spread	hit	200	1
a08-128-spread	spread	miss	404	304
a08-128-spread	spread	hit	200	1
a08-128-spread	spread	miss	404	468
a08-128-spread	spread	hit	200	1
a08-128-spread	spread	miss	404	462
a08-128-spread	spread	hit	200	1
a08-128-spread	spread	miss	404	397
a08-128-spread	spread	hit	200	3
a08-128-spread	spread	miss	404	407
a08-128-spread	spread	hit	200	2
a08-128-spread	spread	miss	404	460
a08-128-spread	spread	hit	200	1
a08-128-spread	spread	miss	404	427
a08-128-spread	spread	hit	200	1
a08-128-spread	spread	miss	404	464
a08-128-spread	spread	hit	200	1
a08-128-spread	spread	miss	404	480
a08-128-spread	spread	hit	200	1
a08-128-spread	spread	miss	404	484
a08-128-spread	spread	hit	200	3
a08-128-spread	spread	miss	404	840
a08-128-spread	spread	hit	200	2
a08-128-spread	spread	miss	404	505
a08-128-spread	spread	hit	200	1
a08-128-spread	spread	miss	404	435
a08-128-spread	spread	hit	200	2
a08-128-spread	spread	miss	404	258
a08-128-spread	spread	hit	200	2
a08-128-spread	spread	miss	404	537
a08-128-spread	spread	hit	200	3
a08-128-spread	spread	miss	404	540
a08-128-spread	spread	hit	200	3
a08-128-spread	spread	miss	404	614
a08-128-spread	spread	hit	200	2
a08-128-spread	spread	miss	404	476
a08-128-spread	spread	hit	200	1
a08-128-spread	spread	miss	404	556
a08-128-spread	spread	hit	200	1
a08-128-spread	spread	miss	404	446
a08-128-spread	spread	hit	200	3
a08-128-spread	spread	miss	404	257
a08-128-spread	spread	hit	200	1
a08-128-spread	spread	miss	404	396
a08-128-spread	spread	hit	200	4
a08-128-spread	spread	miss	404	502
a08-128-spread	spread	hit	200	4
a08-128-spread	spread	miss	404	532
a08-128-spread	spread	hit	200	2
a08-128-spread	spread	miss	404	390
a08-128-spread	spread	hit	200	1
a08-128-spread	spread	miss	404	348
a08-128-spread	spread	hit	200	1
a08-128-spread	spread	miss	404	517
a08-128-spread	spread	hit	200	2
a08-128-spread	spread	miss	404	440
a08-128-spread	spread	hit	200	2
a08-128-spread	spread	miss	404	444
a08-128-spread	spread	hit	200	1
a08-128-spread	spread	miss	404	514
a08-128-spread	spread	hit	200	2
a08-128-spread	spread	miss	404	485
a08-128-spread	spread	hit	200	1
a08-128-spread	spread	miss	404	520
a08-128-spread	spread	hit	200	1
a08-128-spread	spread	miss	404	400
a08-128-spread	spread	hit	200	2
a08-128-spread	spread	miss	404	426
a08-128-spread	spread	hit	200	1
a08-128-spread	spread	miss	404	401
a08-128-spread	spread	hit	200	1
a08-128-spread	spread	miss	404	401
a08-128-spread	spread	hit	200	1
a08-128-spread	spread	miss	404	468
a08-128-spread	spread	hit	200	2
a08-128-spread	spread	miss	404	484
a08-128-spread	spread	hit	200	1
a08-128-spread	spread	miss	404	431
a08-128-spread	spread	hit	200	2
a08-128-spread	spread	miss	404	421
a08-128-spread	spread	hit	200	1
a08-128-spread	spread	miss	404	476
a08-128-spread	spread	hit	200	1
a08-128-spread	spread	miss	404	423
a08-128-spread	spread	hit	200	1
a08-128-spread	spread	miss	404	457
a08-128-spread	spread	hit	200	1
a08-128-spread	spread	miss	404	478
a08-128-spread	spread	hit	200	2
a08-128-spread	spread	miss	404	533
a08-128-spread	spread	hit	200	3
a08-128-spread	spread	miss	404	417
a08-128-spread	spread	hit	200	3
a08-128-spread	spread	miss	404	691
a08-128-spread	spread	hit	200	1
a08-128-spread	spread	miss	404	444
a08-128-spread	spread	hit	200	2
a08-128-spread	spread	miss	404	598
a08-128-spread	spread	hit	200	2
a08-128-spread	spread	miss	404	424
a08-128-spread	spread	hit	200	4
a08-128-spread	spread	miss	404	462
a08-128-spread	spread	hit	200	2
a08-128-spread	spread	miss	404	550
a08-128-spread	spread	hit	200	1
a08-128-spread	spread	miss	404	602
a08-128-spread	spread	hit	200	4
a08-128-spread	spread	miss	404	466
a08-128-spread	spread	hit	200	3
a08-128-spread	spread	miss	404	559
a08-128-spread	spread	hit	200	3
a08-128-spread	spread	miss	404	610
a08-128-spread	spread	hit	200	1
a08-128-spread	spread	miss	404	397
a08-128-spread	spread	hit	200	1
a08-128-spread	spread	miss	404	399
a08-128-spread	spread	hit	200	2
a08-128-spread	spread	miss	404	475
a08-128-spread	spread	hit	200	2
a08-128-spread	spread	miss	404	537
a08-128-spread	spread	hit	200	2
a08-128-spread	spread	miss	404	376
a08-128-spread	spread	hit	200	1
a08-128-spread	spread	miss	404	169
a08-128-spread	spread	hit	200	3
a08-128-spread	spread	miss	404	440
a08-128-spread	spread	hit	200	1
a08-128-spread	spread	miss	404	413
a08-128-spread	spread	hit	200	1
a08-128-spread	spread	miss	404	428
a08-128-spread	spread	hit	200	1
a08-128-spread	spread	miss	404	344
a08-128-spread	spread	hit	200	1
a08-128-spread	spread	miss	404	459
a08-128-spread	spread	hit	200	1
a08-128-spread	spread	miss	404	483
a08-128-spread	spread	hit	200	1
a08-128-spread	spread	miss	404	534
a08-128-spread	spread	hit	200	1
a08-128-spread	spread	miss	404	510
a08-128-spread	spread	hit	200	1
a08-128-spread	spread	miss	404	456
a08-128-spread	spread	hit	200	4
a08-128-spread	spread	miss	404	386
a08-128-spread	spread	hit	200	1
a08-128-spread	spread	miss	404	357
a08-128-spread	spread	hit	200	1
a08-128-spread	spread	miss	404	377
a08-128-spread	spread	hit	200	4
a08-128-spread	spread	miss	404	452
a08-128-spread	spread	hit	200	1
a08-128-spread	spread	miss	404	499
a08-128-spread	spread	hit	200	1
a08-128-spread	spread	miss	404	477
a08-128-spread	spread	hit	200	1
a08-128-spread	spread	miss	404	420
a08-128-spread	spread	hit	200	5
a08-128-spread	spread	miss	404	406
a08-128-spread	spread	hit	200	1
a08-128-spread	spread	miss	404	469
a08-128-spread	spread	hit	200	2
a08-128-spread	spread	miss	404	482
a08-128-spread	spread	hit	200	1
a08-128-spread	spread	miss	404	397
a08-128-spread	spread	hit	200	1
a08-128-spread	spread	miss	404	485
a08-128-spread	spread	hit	200	1
a08-128-spread	spread	miss	404	413
a08-128-spread	spread	hit	200	3
a08-128-spread	spread	miss	404	486
a08-128-spread	spread	hit	200	2
a08-128-spread	spread	miss	404	473
a08-128-spread	spread	hit	200	1
a08-128-spread	spread	miss	404	578
a08-128-spread	spread	hit	200	1
a08-128-spread	spread	miss	404	539
a08-128-spread	spread	hit	200	4
a08-128-spread	spread	miss	404	228
a08-128-spread	spread	hit	200	2
a08-128-spread	spread	miss	404	495
a08-128-spread	spread	hit	200	5
a08-128-spread	spread	miss	404	510
a08-128-spread	spread	hit	200	1
a08-128-spread	spread	miss	404	532
a08-128-spread	spread	hit	200	2
a08-128-spread	spread	miss	404	537
a08-128-spread	spread	hit	200	2
a08-128-spread	spread	miss	404	527
a08-128-spread	spread	hit	200	1
a08-128-spread	spread	miss	404	653
a08-128-spread	spread	hit	200	1
a08-128-spread	spread	miss	404	526
a08-128-spread	spread	hit	200	3
a08-128-spread	spread	miss	404	563
a08-128-spread	spread	hit	200	1
a08-128-spread	spread	miss	404	602
a08-128-spread	spread	hit	200	1
a08-128-spread	spread	miss	404	491
a08-128-spread	spread	hit	200	2
a08-128-spread	spread	miss	404	175
a08-128-spread	spread	hit	200	2
a08-128-spread	spread	miss	404	169
a08-128-spread	spread	hit	200	1
a08-128-spread	spread	miss	404	368
a08-128-spread	spread	hit	200	2
a08-128-spread	spread	miss	404	419
a08-128-spread	spread	hit	200	1
a08-128-spread	spread	miss	404	457
a08-128-spread	spread	hit	200	2
a08-128-spread	spread	miss	404	427
a08-128-spread	spread	hit	200	1
a08-128-spread	spread	miss	404	421
a08-128-spread	spread	hit	200	1
a08-128-spread	spread	miss	404	434
a08-128-spread	spread	hit	200	2
a08-128-spread	spread	miss	404	504
a08-128-spread	spread	hit	200	3
a08-128-spread	spread	miss	404	401
a08-128-spread	spread	hit	200	1
a08-128-spread	spread	miss	404	507
a08-128-spread	spread	hit	200	2
a08-128-spread	spread	miss	404	494
a08-128-spread	spread	hit	200	2
a08-128-spread	spread	miss	404	390
a08-128-spread	spread	hit	200	1
a08-128-spread	spread	miss	404	352
a08-128-spread	spread	hit	200	2
a08-128-spread	spread	miss	404	333
a08-128-spread	spread	hit	200	1
a08-128-spread	spread	miss	404	404
a08-128-spread	spread	hit	200	1
a08-128-spread	spread	miss	404	365
a08-128-spread	spread	hit	200	2
a08-128-spread	spread	miss	404	343
a08-128-spread	spread	hit	200	1
a08-128-spread	spread	miss	404	448
a08-128-spread	spread	hit	200	2
a08-128-spread	spread	miss	404	577
a08-128-spread	spread	hit	200	2
a08-128-spread	spread	miss	404	400
a08-128-spread	spread	hit	200	2
a08-128-spread	spread	miss	404	451
a08-128-spread	spread	hit	200	1
a08-128-spread	spread	miss	404	477
a08-128-spread	spread	hit	200	1
a08-128-spread	spread	miss	404	429
a08-128-spread	spread	hit	200	4
a08-128-spread	spread	miss	404	467
a08-128-spread	spread	hit	200	1
a08-128-spread	spread	miss	404	455
a08-128-spread	spread	hit	200	1
a08-128-spread	spread	miss	404	503
a08-128-spread	spread	hit	200	1
a08-128-spread	spread	miss	404	384
a08-128-spread	spread	hit	200	1
a08-128-spread	spread	miss	404	523
a08-128-spread	spread	hit	200	1
a08-128-spread	spread	miss	404	509
a08-128-spread	spread	hit	200	3
a08-128-spread	spread	miss	404	548
a08-128-spread	spread	hit	200	1
a08-128-spread	spread	miss	404	563
a08-128-spread	spread	hit	200	1
a08-128-spread	spread	miss	404	687
a08-128-spread	spread	hit	200	2
a08-128-spread	spread	miss	404	226
a08-128-spread	spread	hit	200	1
a08-128-spread	spread	miss	404	346
a08-128-spread	spread	hit	200	2
a08-128-spread	spread	miss	404	387
a08-128-spread	spread	hit	200	2
a08-128-spread	spread	miss	404	563
a08-128-spread	spread	hit	200	2
a08-128-spread	spread	miss	404	482
a08-128-spread	spread	hit	200	2
a08-128-spread	spread	miss	404	445
a08-128-spread	spread	hit	200	4
a08-128-spread	spread	miss	404	166
a08-128-spread	spread	hit	200	1
a08-128-spread	spread	miss	404	475
a08-128-spread	spread	hit	200	3
a08-128-spread	spread	miss	404	548
a08-128-spread	spread	hit	200	1
a08-128-spread	spread	miss	404	538
a08-128-spread	spread	hit	200	3
a08-128-spread	spread	miss	404	493
a08-128-spread	spread	hit	200	5
a08-128-spread	spread	miss	404	403
a08-128-spread	spread	hit	200	1
a08-128-spread	spread	miss	404	393
a08-128-spread	spread	hit	200	1
a08-128-spread	spread	miss	404	531
a08-128-spread	spread	hit	200	1
a08-128-spread	spread	miss	404	459
a08-128-spread	spread	hit	200	1
a08-128-spread	spread	miss	404	213
a08-128-spread	spread	hit	200	2
a08-128-spread	spread	miss	404	462
a08-128-spread	spread	hit	200	2
a08-128-spread	spread	miss	404	436
a08-128-spread	spread	hit	200	2
a08-128-spread	spread	miss	404	398
a08-128-spread	spread	hit	200	3
a08-128-spread	spread	miss	404	531
a08-128-spread	spread	hit	200	1
a08-128-spread	spread	miss	404	429
a08-128-spread	spread	hit	200	1
a08-128-spread	spread	miss	404	157
a08-128-spread	spread	hit	200	1
a08-128-spread	spread	miss	404	586
a08-128-spread	spread	hit	200	1
a08-128-spread	spread	miss	404	522
a08-128-spread	spread	hit	200	1
a08-128-spread	spread	miss	404	591
a08-128-spread	spread	hit	200	1
a08-128-spread	spread	miss	404	244
a08-128-spread	spread	hit	200	1
a08-128-spread	spread	miss	404	449
a08-128-spread	spread	hit	200	1
a08-128-spread	spread	miss	404	318
a08-128-spread	spread	hit	200	1
a08-128-spread	spread	miss	404	414
a08-128-spread	spread	hit	200	1
a08-128-spread	spread	miss	404	542
a08-128-spread	spread	hit	200	1
a08-128-spread	spread	miss	404	406
a08-128-spread	spread	hit	200	2
a08-128-spread	spread	miss	404	723
a08-128-spread	spread	hit	200	1
a08-128-spread	spread	miss	404	406
a08-128-spread	spread	hit	200	1
a08-128-spread	spread	miss	404	581
a08-128-spread	spread	hit	200	1
a08-128-spread	spread	miss	404	369
a08-128-spread	spread	hit	200	2
a08-128-spread	spread	miss	404	560
a08-128-spread	spread	hit	200	1
a08-128-spread	spread	miss	404	451
a08-128-spread	spread	hit	200	1
a08-128-spread	spread	miss	404	283
a08-128-spread	spread	hit	200	2
a08-128-spread	spread	miss	404	525
a08-128-spread	spread	hit	200	1
a08-128-spread	spread	miss	404	522
a08-128-spread	spread	hit	200	4
a08-128-spread	spread	miss	404	509
a08-128-spread	spread	hit	200	1
a08-128-spread	spread	miss	404	527
a08-128-spread	spread	hit	200	1
a08-128-spread	spread	miss	404	475
a08-128-spread	spread	hit	200	1
a08-128-spread	spread	miss	404	203
a08-128-spread	spread	hit	200	2
a08-128-spread	spread	miss	404	628
a08-128-spread	spread	hit	200	1
a08-128-spread	spread	miss	404	562
a08-128-spread	spread	hit	200	2
a08-128-spread	spread	miss	404	509
a08-128-spread	spread	hit	200	1
a08-128-spread	spread	miss	404	420
a08-128-spread	spread	hit	200	2
a08-128-spread	spread	miss	404	506
a08-128-spread	spread	hit	200	1
a08-128-spread	spread	miss	404	430
a08-128-spread	spread	hit	200	2
a08-128-spread	spread	miss	404	246
a08-128-spread	spread	hit	200	1
a08-128-spread	spread	miss	404	424
a08-128-spread	spread	hit	200	1
a08-128-spread	spread	miss	404	324
a08-128-spread	spread	hit	200	2
a08-128-spread	spread	miss	404	376
a08-128-spread	spread	hit	200	2
a08-128-spread	spread	miss	404	490
a08-128-spread	spread	hit	200	1
a08-128-spread	spread	miss	404	423
a08-128-spread	spread	hit	200	2
a08-128-spread	spread	miss	404	362
a08-128-spread	spread	hit	200	5
a08-128-spread	spread	miss	404	422
a08-128-spread	spread	hit	200	3
a08-128-spread	spread	miss	404	381
a08-128-spread	spread	hit	200	1
a08-128-spread	spread	miss	404	444
a08-128-spread	spread	hit	200	2
a08-128-spread	spread	miss	404	446
a08-128-spread	spread	hit	200	1
a08-128-spread	spread	miss	404	484
a08-128-spread	spread	hit	200	1
a08-128-spread	spread	miss	404	482
a08-128-spread	spread	hit	200	1
a08-128-spread	spread	miss	404	439
a08-128-spread	spread	hit	200	1
a08-128-spread	spread	miss	404	454
a08-128-spread	spread	hit	200	1
a08-128-spread	spread	miss	404	434
a08-128-spread	spread	hit	200	1
a08-128-spread	spread	miss	404	470
a08-128-spread	spread	hit	200	1
a08-128-spread	spread	miss	404	755
a08-128-spread	spread	hit	200	2
a08-128-spread	spread	miss	404	452
a08-128-spread	spread	hit	200	1
a08-128-spread	spread	miss	404	412
a08-128-spread	spread	hit	200	1
a08-128-spread	spread	miss	404	504
a08-128-spread	spread	hit	200	1
a08-128-spread	spread	miss	404	436
a08-128-spread	spread	hit	200	1
a08-128-spread	spread	miss	404	578
a08-128-spread	spread	hit	200	6
a08-128-spread	spread	miss	404	464
a08-128-spread	spread	hit	200	2
a08-128-spread	spread	miss	404	403
a08-128-spread	spread	hit	200	1
a08-128-spread	spread	miss	404	407
a08-128-spread	spread	hit	200	1
a08-128-spread	spread	miss	404	489
a08-128-spread	spread	hit	200	3
a08-128-spread	spread	miss	404	813
a08-128-spread	spread	hit	200	3
a08-128-spread	spread	miss	404	599
a08-128-spread	spread	hit	200	1
a08-128-spread	spread	miss	404	548
a08-128-spread	spread	hit	200	1
a08-128-spread	spread	miss	404	521
a08-128-spread	spread	hit	200	1
a08-128-spread	spread	miss	404	188
a08-128-spread	spread	hit	200	2
a08-128-spread	spread	miss	404	660
a08-128-spread	spread	hit	200	2
a08-128-spread	spread	miss	404	442
a08-128-spread	spread	hit	200	2
a08-128-spread	spread	miss	404	484
a08-128-spread	spread	hit	200	1
a08-128-spread	spread	miss	404	501
a08-128-spread	spread	hit	200	1
a08-128-spread	spread	miss	404	646
a08-128-spread	spread	hit	200	1
a08-128-spread	spread	miss	404	476
a08-128-spread	spread	hit	200	2
a08-128-spread	spread	miss	404	405
a08-128-spread	spread	hit	200	1
a08-128-spread	spread	miss	404	521
a08-128-spread	spread	hit	200	2
a08-128-spread	spread	miss	404	353
a08-128-spread	spread	hit	200	1
a08-128-spread	spread	miss	404	524
a08-128-spread	spread	hit	200	2
a08-128-spread	spread	miss	404	661
a08-128-spread	spread	hit	200	1
a08-128-spread	spread	miss	404	365
a08-128-spread	spread	hit	200	2
a08-128-spread	spread	miss	404	391
a08-128-spread	spread	hit	200	4
a08-128-spread	spread	miss	404	485
a08-128-spread	spread	hit	200	2
a08-128-spread	spread	miss	404	231
a08-128-spread	spread	hit	200	1
a08-128-spread	spread	miss	404	389
a08-128-spread	spread	hit	200	3
a08-128-spread	spread	miss	404	435
a08-128-spread	spread	hit	200	2
a08-128-spread	spread	miss	404	245
a08-128-spread	spread	hit	200	3
a08-128-spread	spread	miss	404	473
a08-128-spread	spread	hit	200	1
a08-128-spread	spread	miss	404	467
a08-128-spread	spread	hit	200	3
a08-128-spread	spread	miss	404	476
a08-128-spread	spread	hit	200	1
a08-128-spread	spread	miss	404	685
a08-128-spread	spread	hit	200	1
a08-128-spread	spread	miss	404	470
a08-128-spread	spread	hit	200	1
a08-128-spread	spread	miss	404	497
a08-128-spread	spread	hit	200	1
a08-128-spread	spread	miss	404	390
a08-128-spread	spread	hit	200	3
a08-128-spread	spread	miss	404	494
a08-128-spread	spread	hit	200	1
a08-128-spread	spread	miss	404	517
a08-128-spread	spread	hit	200	1
a08-128-spread	spread	miss	404	432
a08-128-spread	spread	hit	200	1
a08-128-spread	spread	miss	404	462
a08-128-spread	spread	hit	200	2
a08-128-spread	spread	miss	404	465
a08-128-spread	spread	hit	200	1
a08-128-spread	spread	miss	404	588
a08-128-spread	spread	hit	200	4
a08-128-spread	spread	miss	404	264
a08-128-spread	spread	hit	200	1
a08-128-spread	spread	miss	404	478
a08-128-spread	spread	hit	200	2
a08-128-spread	spread	miss	404	498
a08-128-spread	spread	hit	200	3
a08-128-spread	spread	miss	404	650
a08-128-spread	spread	hit	200	1
a08-128-spread	spread	miss	404	182
a08-128-spread	spread	hit	200	5
a08-128-spread	spread	miss	404	518
a08-128-spread	spread	hit	200	3
a08-128-spread	spread	miss	404	435
a08-128-spread	spread	hit	200	1
a08-128-spread	spread	miss	404	568
a08-128-spread	spread	hit	200	2
a08-128-spread	spread	miss	404	521
a08-128-spread	spread	hit	200	3
a08-128-spread	spread	miss	404	697
a08-128-spread	spread	hit	200	2
a08-128-spread	spread	miss	404	190
a08-128-spread	spread	hit	200	1
a08-128-spread	spread	miss	404	512
a08-128-spread	spread	hit	200	3
a08-128-spread	spread	miss	404	404
a08-128-spread	spread	hit	200	2
a08-128-spread	spread	miss	404	553
a08-128-spread	spread	hit	200	1
a08-128-spread	spread	miss	404	453
a08-128-spread	spread	hit	200	2
a08-128-spread	spread	miss	404	467
a08-128-spread	spread	hit	200	1
a08-128-spread	spread	miss	404	416
a08-128-spread	spread	hit	200	4
a08-128-spread	spread	miss	404	517
a08-128-spread	spread	hit	200	3
a08-128-spread	spread	miss	404	430
a08-128-spread	spread	hit	200	2
a08-128-spread	spread	miss	404	484
a08-128-spread	spread	hit	200	1
a08-128-spread	spread	miss	404	479
a08-128-spread	spread	hit	200	2
a08-128-spread	spread	miss	404	436
a08-128-spread	spread	hit	200	2
a08-128-spread	spread	miss	404	496
a08-128-spread	spread	hit	200	1
a08-128-spread	spread	miss	404	494
a08-128-spread	spread	hit	200	2
a08-128-spread	spread	miss	404	515
a08-128-spread	spread	hit	200	2
a08-128-spread	spread	miss	404	584
a08-128-spread	spread	hit	200	1
a08-128-spread	spread	miss	404	388
a08-128-spread	spread	hit	200	1
a08-128-spread	spread	miss	404	650
a08-128-spread	spread	hit	200	1
a08-128-spread	spread	miss	404	511
a08-128-spread	spread	hit	200	2
a08-128-spread	spread	miss	404	433
a08-128-spread	spread	hit	200	2
a08-128-spread	spread	miss	404	474
a08-128-spread	spread	hit	200	2
a08-128-spread	spread	miss	404	440
a08-128-spread	spread	hit	200	1
a08-128-spread	spread	miss	404	479
a08-128-spread	spread	hit	200	1
a08-128-spread	spread	miss	404	501
a08-128-spread	spread	hit	200	6
a08-128-spread	spread	miss	404	329
a08-128-spread	spread	hit	200	2
a08-128-spread	spread	miss	404	423
a08-128-spread	spread	hit	200	2
a08-128-spread	spread	miss	404	503
a08-128-spread	spread	hit	200	2
a08-128-spread	spread	miss	404	474
a08-128-spread	spread	hit	200	2
a08-128-spread	spread	miss	404	430
a08-128-spread	spread	hit	200	1
a08-128-spread	spread	miss	404	422
a08-128-spread	spread	hit	200	1
a08-128-spread	spread	miss	404	516
a08-128-spread	spread	hit	200	1
a08-128-spread	spread	miss	404	587
a08-128-spread	spread	hit	200	1
a08-128-spread	spread	miss	404	410
a08-128-spread	spread	hit	200	1
a08-128-spread	spread	miss	404	536
a08-128-spread	spread	hit	200	2
a08-128-spread	spread	miss	404	532
a08-128-spread	spread	hit	200	1
a08-128-spread	spread	miss	404	557
a08-128-spread	spread	hit	200	1
a08-128-spread	spread	miss	404	527
a08-128-spread	spread	hit	200	1
a08-128-spread	spread	miss	404	204
a08-128-spread	spread	hit	200	1
a08-128-spread	spread	miss	404	592
a08-128-spread	spread	hit	200	1
a08-128-spread	spread	miss	404	193
a08-128-spread	spread	hit	200	2
a08-128-spread	spread	miss	404	601
a08-128-spread	spread	hit	200	2
a08-128-spread	spread	miss	404	242
a08-128-spread	spread	hit	200	2
a08-128-spread	spread	miss	404	601
a08-128-spread	spread	hit	200	1
a08-128-spread	spread	miss	404	420
a08-128-spread	spread	hit	200	1
a08-128-spread	spread	miss	404	528
a08-128-spread	spread	hit	200	3
a08-128-spread	spread	miss	404	428
a08-128-spread	spread	hit	200	2
a08-128-spread	spread	miss	404	345
a08-128-spread	spread	hit	200	4
a08-128-spread	spread	miss	404	449
a08-128-spread	spread	hit	200	1
a08-128-spread	spread	miss	404	506
a08-128-spread	spread	hit	200	2
a08-128-spread	spread	miss	404	456
a08-128-spread	spread	hit	200	2
a08-128-spread	spread	miss	404	438
a08-128-spread	spread	hit	200	1
a08-128-spread	spread	miss	404	461
a08-128-spread	spread	hit	200	1
a08-128-spread	spread	miss	404	412
a08-128-spread	spread	hit	200	5
a08-128-spread	spread	miss	404	370
a08-128-spread	spread	hit	200	2
a08-128-spread	spread	miss	404	193
a08-128-spread	spread	hit	200	2
a08-128-spread	spread	miss	404	156
a08-128-spread	spread	hit	200	3
a08-128-spread	spread	miss	404	387
a08-128-spread	spread	hit	200	1
a08-128-spread	spread	miss	404	390
a08-128-spread	spread	hit	200	1
a08-128-spread	spread	miss	404	415
a08-128-spread	spread	hit	200	3
a08-128-spread	spread	miss	404	397
a08-128-spread	spread	hit	200	1
a08-128-spread	spread	miss	404	432
a08-128-spread	spread	hit	200	2
a08-128-spread	spread	miss	404	420
a08-128-spread	spread	hit	200	1
a08-128-spread	spread	miss	404	397
a08-128-spread	spread	hit	200	1
a08-128-spread	spread	miss	404	371
a08-128-spread	spread	hit	200	5
a08-128-spread	spread	miss	404	599
a08-128-spread	spread	hit	200	4
a08-128-spread	spread	miss	404	456
a08-128-spread	spread	hit	200	1
a08-128-spread	spread	miss	404	410
a08-128-spread	spread	hit	200	1
a08-128-spread	spread	miss	404	484
a08-128-spread	spread	hit	200	1
a08-128-spread	spread	miss	404	471
a08-128-spread	spread	hit	200	2
a08-128-spread	spread	miss	404	509
a08-128-spread	spread	hit	200	2
a08-128-spread	spread	miss	404	443
a08-128-spread	spread	hit	200	2
a08-128-spread	spread	miss	404	173
a08-128-spread	spread	hit	200	1
a08-128-spread	spread	miss	404	414
a08-128-spread	spread	hit	200	2
a08-128-spread	spread	miss	404	258
a08-128-spread	spread	hit	200	1
a08-128-spread	spread	miss	404	439
a08-128-spread	spread	hit	200	2
a08-128-spread	spread	miss	404	430
a08-128-spread	spread	hit	200	3
a08-128-spread	spread	miss	404	548
a08-128-spread	spread	hit	200	1
a08-128-spread	spread	miss	404	507
a08-128-spread	spread	hit	200	1
a08-128-spread	spread	miss	404	463
a08-128-spread	spread	hit	200	1
a08-128-spread	spread	miss	404	584
a08-128-spread	spread	hit	200	1
a08-128-spread	spread	miss	404	471
a08-128-spread	spread	hit	200	1
a08-128-spread	spread	miss	404	595
a08-128-spread	spread	hit	200	1
a08-128-spread	spread	miss	404	207
a08-128-spread	spread	hit	200	1
a08-128-spread	spread	miss	404	814
a08-128-spread	spread	hit	200	2
a08-128-spread	spread	miss	404	422
a08-128-spread	spread	hit	200	2
a08-128-spread	spread	miss	404	587
a08-128-spread	spread	hit	200	3
a08-128-spread	spread	miss	404	370
a08-128-spread	spread	hit	200	1
a08-128-spread	spread	miss	404	459
a08-128-spread	spread	hit	200	1
a08-128-spread	spread	miss	404	351
a08-128-spread	spread	hit	200	1
a08-128-spread	spread	miss	404	613
a08-128-spread	spread	hit	200	1
a08-128-spread	spread	miss	404	484
a08-128-spread	spread	hit	200	1
a08-128-spread	spread	miss	404	521
a08-128-spread	spread	hit	200	2
a08-128-spread	spread	miss	404	518
a08-128-spread	spread	hit	200	1
a08-128-spread	spread	miss	404	485
a08-128-spread	spread	hit	200	1
a08-128-spread	spread	miss	404	467
a08-128-spread	spread	hit	200	1
a08-128-spread	spread	miss	404	559
a08-128-spread	spread	hit	200	1
a08-128-spread	spread	miss	404	611
a08-128-spread	spread	hit	200	1
a08-128-spread	spread	miss	404	504
a08-128-spread	spread	hit	200	4
a08-128-spread	spread	miss	404	519
a08-128-spread	spread	hit	200	1
a08-128-spread	spread	miss	404	398
a08-128-spread	spread	hit	200	1
a08-128-spread	spread	miss	404	492
a08-128-spread	spread	hit	200	1
a08-128-spread	spread	miss	404	386
a08-128-spread	spread	hit	200	1
a08-128-spread	spread	miss	404	396
a08-128-spread	spread	hit	200	3
a08-128-spread	spread	miss	404	464
a08-128-spread	spread	hit	200	4
a08-128-spread	spread	miss	404	442
a08-128-spread	spread	hit	200	2
a08-128-spread	spread	miss	404	516
a08-128-spread	spread	hit	200	3
a08-128-spread	spread	miss	404	435
a08-128-spread	spread	hit	200	2
a08-128-spread	spread	miss	404	434
a08-128-spread	spread	hit	200	1
a08-128-spread	spread	miss	404	561
a08-128-spread	spread	hit	200	1
a08-128-spread	spread	miss	404	569
a08-128-spread	spread	hit	200	1
a08-128-spread	spread	miss	404	439
a08-128-spread	spread	hit	200	4
a08-128-spread	spread	miss	404	197
a08-128-spread	spread	hit	200	2
a08-128-spread	spread	miss	404	458
a08-128-spread	spread	hit	200	2
a08-128-spread	spread	miss	404	551
a08-128-spread	spread	hit	200	1
a08-128-spread	spread	miss	404	537
a08-128-spread	spread	hit	200	5
a08-128-spread	spread	miss	404	803
a08-128-spread	spread	hit	200	2
a08-128-spread	spread	miss	404	545
a08-128-spread	spread	hit	200	1
a08-128-spread	spread	miss	404	495
a08-128-spread	spread	hit	200	1
a08-128-spread	spread	miss	404	525
a08-128-spread	spread	hit	200	1
a08-128-spread	spread	miss	404	440
a08-128-spread	spread	hit	200	1
a08-128-spread	spread	miss	404	574
a08-128-spread	spread	hit	200	2
a08-128-spread	spread	miss	404	577
a08-128-spread	spread	hit	200	2
a08-128-spread	spread	miss	404	443
a08-128-spread	spread	hit	200	1
a08-128-spread	spread	miss	404	517
a08-128-spread	spread	hit	200	2
a08-128-spread	spread	miss	404	320
a08-128-spread	spread	hit	200	1
a08-128-spread	spread	miss	404	415
a08-128-spread	spread	hit	200	1
a08-128-spread	spread	miss	404	464
a08-128-spread	spread	hit	200	2
a08-128-spread	spread	miss	404	417
a08-128-spread	spread	hit	200	1
a08-128-spread	spread	miss	404	434
a08-128-spread	spread	hit	200	1
a08-128-spread	spread	miss	404	420
a08-128-spread	spread	hit	200	1
a08-128-spread	spread	miss	404	359
a08-128-spread	spread	hit	200	1
a08-128-spread	spread	miss	404	442
a08-128-spread	spread	hit	200	2
a08-128-spread	spread	miss	404	231
a08-128-spread	spread	hit	200	2
a08-128-spread	spread	miss	404	458
a08-128-spread	spread	hit	200	1
a08-128-spread	spread	miss	404	484
a08-128-spread	spread	hit	200	8
a08-128-spread	spread	miss	404	461
a08-128-spread	spread	hit	200	1
a08-128-spread	spread	miss	404	598
a08-128-spread	spread	hit	200	5
a08-128-spread	spread	miss	404	439
a08-128-spread	spread	hit	200	1
a08-128-spread	spread	miss	404	164
a08-128-spread	spread	hit	200	2
a08-128-spread	spread	miss	404	415
a08-128-spread	spread	hit	200	1
a08-128-spread	spread	miss	404	449
a08-128-spread	spread	hit	200	1
a08-128-spread	spread	miss	404	400
a08-128-spread	spread	hit	200	3
a08-128-spread	spread	miss	404	428
a08-128-spread	spread	hit	200	1
a08-128-spread	spread	miss	404	557
a08-128-spread	spread	hit	200	1
a08-128-spread	spread	miss	404	477
a08-128-spread	spread	hit	200	1
a08-128-spread	spread	miss	404	513
a08-128-spread	spread	hit	200	1
a08-128-spread	spread	miss	404	494
a08-128-spread	spread	hit	200	2
a08-128-spread	spread	miss	404	414
a08-128-spread	spread	hit	200	13
a08-128-spread	spread	miss	404	566
a08-128-spread	spread	hit	200	8
a08-128-spread	spread	miss	404	441
a08-128-spread	spread	hit	200	1
a08-128-spread	spread	miss	404	301
a08-128-spread	spread	hit	200	1
a08-128-spread	spread	miss	404	408
a08-128-spread	spread	hit	200	6
a08-128-spread	spread	miss	404	454
a08-128-spread	spread	hit	200	1
a08-128-spread	spread	miss	404	528
a08-128-spread	spread	hit	200	5
a08-128-spread	spread	miss	404	387
a08-128-spread	spread	hit	200	1
a08-128-spread	spread	miss	404	430
a08-128-spread	spread	hit	200	1
a08-128-spread	spread	miss	404	613
a08-128-spread	spread	hit	200	1
a08-128-spread	spread	miss	404	506
a08-128-spread	spread	hit	200	2
a08-128-spread	spread	miss	404	940
a08-128-spread	spread	hit	200	6
a08-128-spread	spread	miss	404	565
a08-128-spread	spread	hit	200	4
a08-128-spread	spread	miss	404	451
a08-128-spread	spread	hit	200	4
a08-128-spread	spread	miss	404	439
a08-128-spread	spread	hit	200	1
a08-128-spread	spread	miss	404	535
a08-128-spread	spread	hit	200	2
a08-128-spread	spread	miss	404	543
a08-128-spread	spread	hit	200	6
a08-128-spread	spread	miss	404	454
a08-128-spread	spread	hit	200	2
a08-128-spread	spread	miss	404	398
a08-128-spread	spread	hit	200	2
a08-128-spread	spread	miss	404	366
a08-128-spread	spread	hit	200	3
a08-128-spread	spread	miss	404	458
a08-128-spread	spread	hit	200	1
a08-128-spread	spread	miss	404	188
a08-128-spread	spread	hit	200	1
a08-128-spread	spread	miss	404	489
a08-128-spread	spread	hit	200	2
a08-128-spread	spread	miss	404	357
a08-128-spread	spread	hit	200	1
a08-128-spread	spread	miss	404	421
a08-128-spread	spread	hit	200	1
a08-128-spread	spread	miss	404	311
a08-128-spread	spread	hit	200	2
a08-128-spread	spread	miss	404	464
a08-128-spread	spread	hit	200	2
a08-128-spread	spread	miss	404	474
a08-128-spread	spread	hit	200	1
a08-128-spread	spread	miss	404	517
a08-128-spread	spread	hit	200	3
a08-128-spread	spread	miss	404	400
a08-128-spread	spread	hit	200	2
a08-128-spread	spread	miss	404	308
a08-128-spread	spread	hit	200	2
a08-128-spread	spread	miss	404	364
a08-128-spread	spread	hit	200	2
a08-128-spread	spread	miss	404	370
a08-128-spread	spread	hit	200	1
a08-128-spread	spread	miss	404	477
a08-128-spread	spread	hit	200	2
a08-128-spread	spread	miss	404	381
a08-128-spread	spread	hit	200	2
a08-128-spread	spread	miss	404	399
a08-128-spread	spread	hit	200	1
a08-128-spread	spread	miss	404	379
a08-128-spread	spread	hit	200	3
a08-128-spread	spread	miss	404	431
a08-128-spread	spread	hit	200	1
a08-128-spread	spread	miss	404	393
a08-128-spread	spread	hit	200	1
a08-128-spread	spread	miss	404	414
a08-128-spread	spread	hit	200	2
a08-128-spread	spread	miss	404	459
a08-128-spread	spread	hit	200	1
a08-128-spread	spread	miss	404	351
a08-128-spread	spread	hit	200	2
a08-128-spread	spread	miss	404	439
a08-128-spread	spread	hit	200	1
a08-128-spread	spread	miss	404	532
a08-128-spread	spread	hit	200	1
a08-128-spread	spread	miss	404	444
a08-128-spread	spread	hit	200	1
a08-128-spread	spread	miss	404	131
a08-128-spread	spread	hit	200	1
a08-128-spread	spread	miss	404	195
a08-128-spread	spread	hit	200	3
a08-128-spread	spread	miss	404	481
a08-128-spread	spread	hit	200	2
a08-128-spread	spread	miss	404	465
a08-128-spread	spread	hit	200	3
a08-128-spread	spread	miss	404	472
a08-128-spread	spread	hit	200	1
a08-128-spread	spread	miss	404	500
a08-128-spread	spread	hit	200	2
a08-128-spread	spread	miss	404	426
a08-128-spread	spread	hit	200	1
a08-128-spread	spread	miss	404	517
a08-128-spread	spread	hit	200	2
a08-128-spread	spread	miss	404	545
a08-128-spread	spread	hit	200	3
a08-128-spread	spread	miss	404	225
a08-128-spread	spread	hit	200	2
a08-128-spread	spread	miss	404	584
a08-128-spread	spread	hit	200	4
a08-128-spread	spread	miss	404	490
a08-128-spread	spread	hit	200	2
a08-128-spread	spread	miss	404	525
a08-128-spread	spread	hit	200	7
a08-128-spread	spread	miss	404	511
a08-128-spread	spread	hit	200	2
a08-128-spread	spread	miss	404	576
a08-128-spread	spread	hit	200	5
a08-128-spread	spread	miss	404	464
a08-128-spread	spread	hit	200	5
a08-128-spread	spread	miss	404	452
a08-128-spread	spread	hit	200	1
a08-128-spread	spread	miss	404	357
a08-128-spread	spread	hit	200	1
a08-128-spread	spread	miss	404	416
a08-128-spread	spread	hit	200	2
a08-128-spread	spread	miss	404	497
a08-128-spread	spread	hit	200	1
a08-128-spread	spread	miss	404	492
a08-128-spread	spread	hit	200	2
a08-128-spread	spread	miss	404	445
a08-128-spread	spread	hit	200	1
a08-128-spread	spread	miss	404	429
a08-128-spread	spread	hit	200	1
a08-128-spread	spread	miss	404	518
a08-128-spread	spread	hit	200	1
a08-128-spread	spread	miss	404	207
a08-128-spread	spread	hit	200	1
a08-128-spread	spread	miss	404	261
a08-128-spread	spread	hit	200	1
a08-128-spread	spread	miss	404	417
a08-128-spread	spread	hit	200	1
a08-128-spread	spread	miss	404	347
a08-128-spread	spread	hit	200	2
a08-128-spread	spread	miss	404	477
a08-128-spread	spread	hit	200	2
a08-128-spread	spread	miss	404	494
a08-128-spread	spread	hit	200	3
a08-128-spread	spread	miss	404	382
a08-128-spread	spread	hit	200	14
a08-128-spread	spread	miss	404	526
a08-128-spread	spread	hit	200	1
a08-128-spread	spread	miss	404	473
a08-128-spread	spread	hit	200	1
a08-128-spread	spread	miss	404	426
a08-128-spread	spread	hit	200	3
a08-128-spread	spread	miss	404	463
a08-128-spread	spread	hit	200	2
a08-128-spread	spread	miss	404	410
a08-128-spread	spread	hit	200	9
a08-128-spread	spread	miss	404	491
a08-128-spread	spread	hit	200	1
a08-128-spread	spread	miss	404	400
a08-128-spread	spread	hit	200	2
a08-128-spread	spread	miss	404	472
a08-128-spread	spread	hit	200	2
a08-128-spread	spread	miss	404	410
a08-128-spread	spread	hit	200	1
a08-128-spread	spread	miss	404	557
a08-128-spread	spread	hit	200	1
a08-128-spread	spread	miss	404	408
a08-128-spread	spread	hit	200	2
a08-128-spread	spread	miss	404	552
a08-128-spread	spread	hit	200	1
a08-128-spread	spread	miss	404	579
a08-128-spread	spread	hit	200	2
a08-128-spread	spread	miss	404	488
a08-128-spread	spread	hit	200	1
a08-128-spread	spread	miss	404	624
a08-128-spread	spread	hit	200	3
a08-128-spread	spread	miss	404	767
a08-128-spread	spread	hit	200	1
a08-128-spread	spread	miss	404	478
a08-128-spread	spread	hit	200	1
a08-128-spread	spread	miss	404	431
a08-128-spread	spread	hit	200	1
a08-128-spread	spread	miss	404	530
a08-128-spread	spread	hit	200	1
a08-128-spread	spread	miss	404	495
a08-128-spread	spread	hit	200	1
a08-128-spread	spread	miss	404	441
a08-128-spread	spread	hit	200	1
a08-128-spread	spread	miss	404	206
a08-128-spread	spread	hit	200	1
a08-128-spread	spread	miss	404	458
a08-128-spread	spread	hit	200	3
a08-128-spread	spread	miss	404	323
a08-128-spread	spread	hit	200	2
a08-128-spread	spread	miss	404	178
a08-128-spread	spread	hit	200	2
a08-128-spread	spread	miss	404	339
a08-128-spread	spread	hit	200	2
a08-128-spread	spread	miss	404	372
a08-128-spread	spread	hit	200	2
a08-128-spread	spread	miss	404	263
a08-128-spread	spread	hit	200	2
a08-128-spread	spread	miss	404	388
a08-128-spread	spread	hit	200	1
a08-128-spread	spread	miss	404	491
a08-128-spread	spread	hit	200	1
a08-128-spread	spread	miss	404	486
a08-128-spread	spread	hit	200	1
a08-128-spread	spread	miss	404	506
a08-128-spread	spread	hit	200	1
a08-128-spread	spread	miss	404	621
a08-128-spread	spread	hit	200	9
a08-128-spread	spread	miss	404	462
a08-128-spread	spread	hit	200	1
a08-128-spread	spread	miss	404	447
a08-128-spread	spread	hit	200	1
a08-128-spread	spread	miss	404	401
a08-128-spread	spread	hit	200	2
a08-128-spread	spread	miss	404	177
a08-128-spread	spread	hit	200	2
a08-128-spread	spread	miss	404	392
a08-128-spread	spread	hit	200	1
a08-128-spread	spread	miss	404	369
a08-128-spread	spread	hit	200	1
a08-128-spread	spread	miss	404	352
a08-128-spread	spread	hit	200	1
a08-128-spread	spread	miss	404	403
a08-128-spread	spread	hit	200	12
a08-128-spread	spread	miss	404	432
a08-128-spread	spread	hit	200	2
a08-128-spread	spread	miss	404	415
a08-128-spread	spread	hit	200	1
a08-128-spread	spread	miss	404	477
a08-128-spread	spread	hit	200	2
a08-128-spread	spread	miss	404	455
a08-128-spread	spread	hit	200	1
a08-128-spread	spread	miss	404	432
a08-128-spread	spread	hit	200	2
a08-128-spread	spread	miss	404	480
a08-128-spread	spread	hit	200	2
a08-128-spread	spread	miss	404	410
a08-128-spread	spread	hit	200	4
a08-128-spread	spread	miss	404	450
a08-128-spread	spread	hit	200	1
a08-128-spread	spread	miss	404	428
a08-128-spread	spread	hit	200	1
a08-128-spread	spread	miss	404	524
a08-128-spread	spread	hit	200	1
a08-128-spread	spread	miss	404	555
a08-128-spread	spread	hit	200	2
a08-128-spread	spread	miss	404	461
a08-128-spread	spread	hit	200	1
a08-128-spread	spread	miss	404	555
a08-128-spread	spread	hit	200	1
a08-128-spread	spread	miss	404	540
a08-128-spread	spread	hit	200	1
a08-128-spread	spread	miss	404	614
a08-128-spread	spread	hit	200	1
a08-128-spread	spread	miss	404	518
a08-128-spread	spread	hit	200	1
a08-128-spread	spread	miss	404	244
a08-128-spread	spread	hit	200	1
a08-128-spread	spread	miss	404	544
a08-128-spread	spread	hit	200	1
a08-128-spread	spread	miss	404	384
a08-128-spread	spread	hit	200	1
a08-128-spread	spread	miss	404	203
a08-128-spread	spread	hit	200	1
a08-128-spread	spread	miss	404	534
a08-128-spread	spread	hit	200	1
a08-128-spread	spread	miss	404	598
a08-128-spread	spread	hit	200	2
a08-128-spread	spread	miss	404	429
a08-128-spread	spread	hit	200	3
a08-128-spread	spread	miss	404	456
a08-128-spread	spread	hit	200	1
a08-128-spread	spread	miss	404	457
a08-128-spread	spread	hit	200	1
a08-128-spread	spread	miss	404	429
a08-128-spread	spread	hit	200	4
a08-128-spread	spread	miss	404	325
a08-128-spread	spread	hit	200	2
a08-128-spread	spread	miss	404	534
a08-128-spread	spread	hit	200	4
a08-128-spread	spread	miss	404	450
a08-128-spread	spread	hit	200	2
a08-128-spread	spread	miss	404	431
a08-128-spread	spread	hit	200	1
a08-128-spread	spread	miss	404	332
a08-128-spread	spread	hit	200	1
a08-128-spread	spread	miss	404	442
a08-128-spread	spread	hit	200	1
a08-128-spread	spread	miss	404	488
a08-128-spread	spread	hit	200	1
a08-128-spread	spread	miss	404	506
a08-128-spread	spread	hit	200	1
a08-128-spread	spread	miss	404	217
a08-128-spread	spread	hit	200	2
a08-128-spread	spread	miss	404	553
a08-128-spread	spread	hit	200	1
a08-128-spread	spread	miss	404	370
a08-128-spread	spread	hit	200	1
a08-128-spread	spread	miss	404	457
a08-128-spread	spread	hit	200	1
a08-128-spread	spread	miss	404	469
a08-128-spread	spread	hit	200	1
a08-128-spread	spread	miss	404	459
a08-128-spread	spread	hit	200	1
a08-128-spread	spread	miss	404	401
a08-128-spread	spread	hit	200	1
a08-128-spread	spread	miss	404	469
a08-128-spread	spread	hit	200	1
a08-128-spread	spread	miss	404	403
a08-128-spread	spread	hit	200	1
a08-128-spread	spread	miss	404	456
a08-128-spread	spread	hit	200	1
a08-128-spread	spread	miss	404	409
a08-128-spread	spread	hit	200	2
a08-128-spread	spread	miss	404	630
a08-128-spread	spread	hit	200	6
a08-128-spread	spread	miss	404	430
a08-128-spread	spread	hit	200	1
a08-128-spread	spread	miss	404	479
a08-128-spread	spread	hit	200	10
a08-128-spread	spread	miss	404	536
a08-128-spread	spread	hit	200	1
a08-128-spread	spread	miss	404	419
a08-128-spread	spread	hit	200	1
a08-128-spread	spread	miss	404	564
a08-128-spread	spread	hit	200	1
a08-128-spread	spread	miss	404	520
a08-128-spread	spread	hit	200	2
a08-128-spread	spread	miss	404	480
a08-128-spread	spread	hit	200	1
a08-128-spread	spread	miss	404	497
a08-128-spread	spread	hit	200	1
a08-128-spread	spread	miss	404	644
a08-128-spread	spread	hit	200	1
a08-128-spread	spread	miss	404	226
a08-128-spread	spread	hit	200	3
a08-128-spread	spread	miss	404	505
a08-128-spread	spread	hit	200	1
a08-128-spread	spread	miss	404	528
a08-128-spread	spread	hit	200	2
a08-128-spread	spread	miss	404	599
a08-128-spread	spread	hit	200	2
a08-128-spread	spread	miss	404	466
a08-128-spread	spread	hit	200	2
a08-128-spread	spread	miss	404	420
a08-128-spread	spread	hit	200	13
a08-128-spread	spread	miss	404	504
a08-128-spread	spread	hit	200	2
a08-128-spread	spread	miss	404	448
a08-128-spread	spread	hit	200	30
a08-128-spread	spread	miss	404	494
a08-128-spread	spread	hit	200	1
a08-128-spread	spread	miss	404	212
a08-128-spread	spread	hit	200	2
a08-128-spread	spread	miss	404	452
a08-128-spread	spread	hit	200	1
a08-128-spread	spread	miss	404	438
a08-128-spread	spread	hit	200	1
a08-128-spread	spread	miss	404	375
a08-128-spread	spread	hit	200	2
a08-128-spread	spread	miss	404	187
a08-128-spread	spread	hit	200	1
a08-128-spread	spread	miss	404	433
a08-128-spread	spread	hit	200	2
a08-128-spread	spread	miss	404	490
a08-128-spread	spread	hit	200	2
a08-128-spread	spread	miss	404	189
a08-128-spread	spread	hit	200	1
a08-128-spread	spread	miss	404	179
a08-128-spread	spread	hit	200	1
a08-128-spread	spread	miss	404	453
a08-128-spread	spread	hit	200	1
a08-128-spread	spread	miss	404	371
a08-128-spread	spread	hit	200	1
a08-128-spread	spread	miss	404	358
a08-128-spread	spread	hit	200	3
a08-128-spread	spread	miss	404	168
a08-128-spread	spread	hit	200	1
a08-128-spread	spread	miss	404	467
a08-128-spread	spread	hit	200	1
a08-128-spread	spread	miss	404	469
a08-128-spread	spread	hit	200	2
a08-128-spread	spread	miss	404	508
a08-128-spread	spread	hit	200	1
a08-128-spread	spread	miss	404	547
a08-128-spread	spread	hit	200	1
a08-128-spread	spread	miss	404	353
a08-128-spread	spread	hit	200	1
a08-128-spread	spread	miss	404	390
a08-128-spread	spread	hit	200	1
a08-128-spread	spread	miss	404	471
a08-128-spread	spread	hit	200	2
a08-128-spread	spread	miss	404	437
a08-128-spread	spread	hit	200	2
a08-128-spread	spread	miss	404	541
a08-128-spread	spread	hit	200	2
a08-128-spread	spread	miss	404	520
a08-128-spread	spread	hit	200	1
a08-128-spread	spread	miss	404	436
a08-128-spread	spread	hit	200	1
a08-128-spread	spread	miss	404	538
a08-128-spread	spread	hit	200	2
a08-128-spread	spread	miss	404	491
a08-128-spread	spread	hit	200	1
a08-128-spread	spread	miss	404	568
a08-128-spread	spread	hit	200	2
a08-128-spread	spread	miss	404	520
a08-128-spread	spread	hit	200	1
a08-128-spread	spread	miss	404	391
a08-128-spread	spread	hit	200	2
a08-128-spread	spread	miss	404	445
a08-128-spread	spread	hit	200	3
a08-128-spread	spread	miss	404	526
a08-128-spread	spread	hit	200	1
a08-128-spread	spread	miss	404	513
a08-128-spread	spread	hit	200	4
a08-128-spread	spread	miss	404	469
a08-128-spread	spread	hit	200	4
a08-128-spread	spread	miss	404	443
a08-128-spread	spread	hit	200	3
a08-128-spread	spread	miss	404	410
a08-128-spread	spread	hit	200	3
a08-128-spread	spread	miss	404	634
a08-128-spread	spread	hit	200	1
a08-128-spread	spread	miss	404	590
a08-128-spread	spread	hit	200	4
a08-128-spread	spread	miss	404	534
a08-128-spread	spread	hit	200	2
a08-128-spread	spread	miss	404	561
a08-128-spread	spread	hit	200	3
a08-128-spread	spread	miss	404	382
a08-128-spread	spread	hit	200	2
a08-128-spread	spread	miss	404	400
a08-128-spread	spread	hit	200	1
a08-128-spread	spread	miss	404	499
a08-128-spread	spread	hit	200	1
a08-128-spread	spread	miss	404	502
a08-128-spread	spread	hit	200	1
a08-128-spread	spread	miss	404	191
a08-128-spread	spread	hit	200	1
a08-128-spread	spread	miss	404	467
a08-128-spread	spread	hit	200	1
a08-128-spread	spread	miss	404	496
a08-128-spread	spread	hit	200	1
a08-128-spread	spread	miss	404	412
a08-128-spread	spread	hit	200	2
a08-128-spread	spread	miss	404	502
a08-128-spread	spread	hit	200	10
a08-128-spread	spread	miss	404	410
a08-128-spread	spread	hit	200	3
a08-128-spread	spread	miss	404	420
a08-128-spread	spread	hit	200	1
a08-128-spread	spread	miss	404	437
a08-128-spread	spread	hit	200	3
a08-128-spread	spread	miss	404	362
a08-128-spread	spread	hit	200	2
a08-128-spread	spread	miss	404	462
a08-128-spread	spread	hit	200	1
a08-128-spread	spread	miss	404	506
a08-128-spread	spread	hit	200	1
a08-128-spread	spread	miss	404	515
a08-128-spread	spread	hit	200	1
a08-128-spread	spread	miss	404	409
a08-128-spread	spread	hit	200	2
a08-128-spread	spread	miss	404	408
a08-128-spread	spread	hit	200	1
a08-128-spread	spread	miss	404	519
a08-128-spread	spread	hit	200	1
a08-128-spread	spread	miss	404	586
a08-128-spread	spread	hit	200	1
a08-128-spread	spread	miss	404	393
a08-128-spread	spread	hit	200	1
a08-128-spread	spread	miss	404	507
a08-128-spread	spread	hit	200	1
a08-128-spread	spread	miss	404	513
a08-128-spread	spread	hit	200	1
a08-128-spread	spread	miss	404	172
a08-128-spread	spread	hit	200	2
a08-128-spread	spread	miss	404	470
a08-128-spread	spread	hit	200	1
a08-128-spread	spread	miss	404	484
a08-128-spread	spread	hit	200	7
a08-128-spread	spread	miss	404	388
a08-128-spread	spread	hit	200	1
a08-128-spread	spread	miss	404	511
a08-128-spread	spread	hit	200	8
a08-128-spread	spread	miss	404	598
a08-128-spread	spread	hit	200	2
a08-128-spread	spread	miss	404	545
a08-128-spread	spread	hit	200	2
a08-128-spread	spread	miss	404	547
a08-128-spread	spread	hit	200	3
a08-128-spread	spread	miss	404	584
a08-128-spread	spread	hit	200	2
a08-128-spread	spread	miss	404	684
a08-128-spread	spread	hit	200	2
a08-128-spread	spread	miss	404	228
a08-128-spread	spread	hit	200	3
a08-128-spread	spread	miss	404	450
a08-128-spread	spread	hit	200	5
a08-128-spread	spread	miss	404	479
a08-128-spread	spread	hit	200	4
a08-128-spread	spread	miss	404	587
a08-128-spread	spread	hit	200	2
a08-128-spread	spread	miss	404	541
a08-128-spread	spread	hit	200	2
a08-128-spread	spread	miss	404	612
a08-128-spread	spread	hit	200	1
a08-128-spread	spread	miss	404	379
a08-128-spread	spread	hit	200	2
a08-128-spread	spread	miss	404	524
a08-128-spread	spread	hit	200	12
a08-128-spread	spread	miss	404	381
a08-128-spread	spread	hit	200	2
a08-128-spread	spread	miss	404	490
a08-128-spread	spread	hit	200	3
a08-128-spread	spread	miss	404	302
a08-128-spread	spread	hit	200	3
a08-128-spread	spread	miss	404	518
a08-128-spread	spread	hit	200	1
a08-128-spread	spread	miss	404	435
a08-128-spread	spread	hit	200	1
a08-128-spread	spread	miss	404	531
a08-128-spread	spread	hit	200	2
a08-128-spread	spread	miss	404	368
a08-128-spread	spread	hit	200	1
a08-128-spread	spread	miss	404	503
a08-128-spread	spread	hit	200	1
a08-128-spread	spread	miss	404	400
a08-128-spread	spread	hit	200	1
a08-128-spread	spread	miss	404	444
a08-128-spread	spread	hit	200	1
a08-128-spread	spread	miss	404	376
a08-128-spread	spread	hit	200	1
a08-128-spread	spread	miss	404	405
a08-128-spread	spread	hit	200	4
a08-128-spread	spread	miss	404	387
a08-128-spread	spread	hit	200	1
a08-128-spread	spread	miss	404	469
a08-128-spread	spread	hit	200	1
a08-128-spread	spread	miss	404	422
a08-128-spread	spread	hit	200	3
a08-128-spread	spread	miss	404	428
a08-128-spread	spread	hit	200	1
a08-128-spread	spread	miss	404	353
a08-128-spread	spread	hit	200	1
a08-128-spread	spread	miss	404	441
a08-128-spread	spread	hit	200	2
a08-128-spread	spread	miss	404	500
a08-128-spread	spread	hit	200	1
a08-128-spread	spread	miss	404	472
a08-128-spread	spread	hit	200	1
a08-128-spread	spread	miss	404	474
a08-128-spread	spread	hit	200	1
a08-128-spread	spread	miss	404	124
a08-128-spread	spread	hit	200	2
a08-128-spread	spread	miss	404	552
a08-128-spread	spread	hit	200	3
a08-128-spread	spread	miss	404	532
a08-128-spread	spread	hit	200	1
a08-128-spread	spread	miss	404	461
a08-128-spread	spread	hit	200	2
a08-128-spread	spread	miss	404	375
a08-128-spread	spread	hit	200	2
a08-128-spread	spread	miss	404	482
a08-128-spread	spread	hit	200	6
a08-128-spread	spread	miss	404	497
a08-128-spread	spread	hit	200	1
a08-128-spread	spread	miss	404	594
a08-128-spread	spread	hit	200	3
a08-128-spread	spread	miss	404	569
a08-128-spread	spread	hit	200	3
a08-128-spread	spread	miss	404	406
a08-128-spread	spread	hit	200	1
a08-128-spread	spread	miss	404	473
a08-128-spread	spread	hit	200	3
a08-128-spread	spread	miss	404	599
a08-128-spread	spread	hit	200	1
a08-128-spread	spread	miss	404	456
a08-128-spread	spread	hit	200	1
a08-128-spread	spread	miss	404	582
a08-128-spread	spread	hit	200	3
a08-128-spread	spread	miss	404	488
a08-128-spread	spread	hit	200	2
a08-128-spread	spread	miss	404	453
a08-128-spread	spread	hit	200	5
a08-128-spread	spread	miss	404	577
a08-128-spread	spread	hit	200	2
a08-128-spread	spread	miss	404	432
a08-128-spread	spread	hit	200	5
a08-128-spread	spread	miss	404	214
a08-128-spread	spread	hit	200	1
a08-128-spread	spread	miss	404	228
a08-128-spread	spread	hit	200	3
a08-128-spread	spread	miss	404	490
a08-128-spread	spread	hit	200	1
a08-128-spread	spread	miss	404	502
a08-128-spread	spread	hit	200	2
a08-128-spread	spread	miss	404	446
a08-128-spread	spread	hit	200	1
a08-128-spread	spread	miss	404	162
a08-128-spread	spread	hit	200	1
a08-128-spread	spread	miss	404	407
a08-128-spread	spread	hit	200	1
a08-128-spread	spread	miss	404	370
a08-128-spread	spread	hit	200	1
a08-128-spread	spread	miss	404	510
a08-128-spread	spread	hit	200	1
a08-128-spread	spread	miss	404	498
a08-128-spread	spread	hit	200	1
a08-128-spread	spread	miss	404	198
a08-128-spread	spread	hit	200	1
a08-128-spread	spread	miss	404	382
a08-128-spread	spread	hit	200	2
a08-128-spread	spread	miss	404	213
a08-128-spread	spread	hit	200	1
a08-128-spread	spread	miss	404	273
a08-128-spread	spread	hit	200	2
a08-128-spread	spread	miss	404	459
a08-128-spread	spread	hit	200	4
a08-128-spread	spread	miss	404	217
a08-128-spread	spread	hit	200	1
a08-128-spread	spread	miss	404	457
a08-128-spread	spread	hit	200	1
a08-128-spread	spread	miss	404	173
a08-128-spread	spread	hit	200	1
a08-128-spread	spread	miss	404	333
a08-128-spread	spread	hit	200	7
a08-128-spread	spread	miss	404	464
a08-128-spread	spread	hit	200	1
a08-128-spread	spread	miss	404	493
a08-128-spread	spread	hit	200	1
a08-128-spread	spread	miss	404	420
a08-128-spread	spread	hit	200	2
a08-128-spread	spread	miss	404	447
a08-128-spread	spread	hit	200	1
a08-128-spread	spread	miss	404	168
a08-128-spread	spread	hit	200	1
a08-128-spread	spread	miss	404	448
a08-128-spread	spread	hit	200	3
a08-128-spread	spread	miss	404	473
a08-128-spread	spread	hit	200	1
a08-128-spread	spread	miss	404	515
a08-128-spread	spread	hit	200	2
a08-128-spread	spread	miss	404	529
a08-128-spread	spread	hit	200	1
a08-128-spread	spread	miss	404	396
a08-128-spread	spread	hit	200	2
a08-128-spread	spread	miss	404	531
a08-128-spread	spread	hit	200	1
a08-128-spread	spread	miss	404	454
a08-128-spread	spread	hit	200	1
a08-128-spread	spread	miss	404	555
a08-128-spread	spread	hit	200	3
a08-128-spread	spread	miss	404	163
a08-128-spread	spread	hit	200	2
a08-128-spread	spread	miss	404	483
a08-128-spread	spread	hit	200	1
a08-128-spread	spread	miss	404	790
a08-128-spread	spread	hit	200	2
a08-128-spread	spread	miss	404	527
a08-128-spread	spread	hit	200	1
a08-128-spread	spread	miss	404	543
a08-128-spread	spread	hit	200	1
a08-128-spread	spread	miss	404	624
a08-128-spread	spread	hit	200	3
a08-128-spread	spread	miss	404	495
a08-128-spread	spread	hit	200	1
a08-128-spread	spread	miss	404	694
a08-128-spread	spread	hit	200	37
a08-128-spread	spread	miss	404	432
a08-128-spread	spread	hit	200	2
a08-128-spread	spread	miss	404	436
a08-128-spread	spread	hit	200	2
a08-128-spread	spread	miss	404	413
a08-128-spread	spread	hit	200	1
a08-128-spread	spread	miss	404	343
a08-128-spread	spread	hit	200	1
a08-128-spread	spread	miss	404	414
a08-128-spread	spread	hit	200	2
a08-128-spread	spread	miss	404	475
a08-128-spread	spread	hit	200	1
a08-128-spread	spread	miss	404	425
a08-128-spread	spread	hit	200	4
a08-128-spread	spread	miss	404	509
a08-128-spread	spread	hit	200	1
a08-128-spread	spread	miss	404	170
a08-128-spread	spread	hit	200	1
a08-128-spread	spread	miss	404	400
a08-128-spread	spread	hit	200	2
a08-128-spread	spread	miss	404	463
a08-128-spread	spread	hit	200	5
a08-128-spread	spread	miss	404	477
a08-128-spread	spread	hit	200	4
a08-128-spread	spread	miss	404	350
a08-128-spread	spread	hit	200	1
a08-128-spread	spread	miss	404	481
a08-128-spread	spread	hit	200	1
a08-128-spread	spread	miss	404	481
a08-128-spread	spread	hit	200	2
a08-128-spread	spread	miss	404	466
a08-128-spread	spread	hit	200	2
a08-128-spread	spread	miss	404	176
a08-128-spread	spread	hit	200	1
a08-128-spread	spread	miss	404	531
a08-128-spread	spread	hit	200	1
a08-128-spread	spread	miss	404	457
a08-128-spread	spread	hit	200	1
a08-128-spread	spread	miss	404	456
a08-128-spread	spread	hit	200	3
a08-128-spread	spread	miss	404	454
a08-128-spread	spread	hit	200	1
a08-128-spread	spread	miss	404	120
a08-128-spread	spread	hit	200	15
a08-128-spread	spread	miss	404	456
a08-128-spread	spread	hit	200	2
a08-128-spread	spread	miss	404	518
a08-128-spread	spread	hit	200	1
a08-128-spread	spread	miss	404	179
a08-128-spread	spread	hit	200	1
a08-128-spread	spread	miss	404	393
a08-128-spread	spread	hit	200	1
a08-128-spread	spread	miss	404	514
a08-128-spread	spread	hit	200	3
a08-128-spread	spread	miss	404	508
a08-128-spread	spread	hit	200	3
a08-128-spread	spread	miss	404	489
a08-128-spread	spread	hit	200	10
a08-128-spread	spread	miss	404	461
a08-128-spread	spread	hit	200	1
a08-128-spread	spread	miss	404	584
a08-128-spread	spread	hit	200	1
a08-128-spread	spread	miss	404	464
a08-128-spread	spread	hit	200	1
a08-128-spread	spread	miss	404	763
a08-128-spread	spread	hit	200	2
a08-128-spread	spread	miss	404	433
a08-128-spread	spread	hit	200	1
a08-128-spread	spread	miss	404	637
a08-128-spread	spread	hit	200	2
a08-128-spread	spread	miss	404	471
a08-128-spread	spread	hit	200	2
a08-128-spread	spread	miss	404	522
a08-128-spread	spread	hit	200	2
a08-128-spread	spread	miss	404	490
a08-128-spread	spread	hit	200	1
a08-128-spread	spread	miss	404	440
a08-128-spread	spread	hit	200	2
a08-128-spread	spread	miss	404	507
a08-128-spread	spread	hit	200	38
a08-128-spread	spread	miss	404	400
a08-128-spread	spread	hit	200	1
a08-128-spread	spread	miss	404	477
a08-128-spread	spread	hit	200	1
a08-128-spread	spread	miss	404	453
a08-128-spread	spread	hit	200	1
a08-128-spread	spread	miss	404	186
a08-128-spread	spread	hit	200	1
a08-128-spread	spread	miss	404	465
a08-128-spread	spread	hit	200	2
a08-128-spread	spread	miss	404	447
a08-128-spread	spread	hit	200	1
a08-128-spread	spread	miss	404	532
a08-128-spread	spread	hit	200	1
a08-128-spread	spread	miss	404	559
a08-128-spread	spread	hit	200	1
a08-128-spread	spread	miss	404	383
a08-128-spread	spread	hit	200	1
a08-128-spread	spread	miss	404	423
a08-128-spread	spread	hit	200	2
a08-128-spread	spread	miss	404	526
a08-128-spread	spread	hit	200	2
a08-128-spread	spread	miss	404	555
a08-128-spread	spread	hit	200	2
a08-128-spread	spread	miss	404	488
a08-128-spread	spread	hit	200	2
a08-128-spread	spread	miss	404	362
a08-128-spread	spread	hit	200	1
a08-128-spread	spread	miss	404	495
a08-128-spread	spread	hit	200	1
a08-128-spread	spread	miss	404	422
a08-128-spread	spread	hit	200	1
a08-128-spread	spread	miss	404	380
a08-128-spread	spread	hit	200	1
a08-128-spread	spread	miss	404	421
a08-128-spread	spread	hit	200	1
a08-128-spread	spread	miss	404	244
a08-128-spread	spread	hit	200	1
a08-128-spread	spread	miss	404	456
a08-128-spread	spread	hit	200	2
a08-128-spread	spread	miss	404	472
a08-128-spread	spread	hit	200	2
a08-128-spread	spread	miss	404	370
a08-128-spread	spread	hit	200	1
a08-128-spread	spread	miss	404	462
a08-128-spread	spread	hit	200	2
a08-128-spread	spread	miss	404	427
a08-128-spread	spread	hit	200	2
a08-128-spread	spread	miss	404	190
a08-128-spread	spread	hit	200	1
a08-128-spread	spread	miss	404	493
a08-128-spread	spread	hit	200	1
a08-128-spread	spread	miss	404	596
a08-128-spread	spread	hit	200	8
a08-128-spread	spread	miss	404	188
a08-128-spread	spread	hit	200	1
a08-128-spread	spread	miss	404	480
a08-128-spread	spread	hit	200	1
a08-128-spread	spread	miss	404	453
a08-128-spread	spread	hit	200	2
a08-128-spread	spread	miss	404	492
a08-128-spread	spread	hit	200	2
a08-128-spread	spread	miss	404	626
a08-128-spread	spread	hit	200	2
a08-128-spread	spread	miss	404	185
a08-128-spread	spread	hit	200	1
a08-128-spread	spread	miss	404	436
a08-128-spread	spread	hit	200	2
a08-128-spread	spread	miss	404	564
a08-128-spread	spread	hit	200	2
a08-128-spread	spread	miss	404	630
a08-128-spread	spread	hit	200	1
a08-128-spread	spread	miss	404	752
a08-128-spread	spread	hit	200	5
a08-128-spread	spread	miss	404	433
a08-128-spread	spread	hit	200	2
a08-128-spread	spread	miss	404	497
a08-128-spread	spread	hit	200	1
a08-128-spread	spread	miss	404	606
a08-128-spread	spread	hit	200	3
a08-128-spread	spread	miss	404	372
a08-128-spread	spread	hit	200	1
a08-128-spread	spread	miss	404	361
a08-128-spread	spread	hit	200	1
a08-128-spread	spread	miss	404	534
a08-128-spread	spread	hit	200	1
a08-128-spread	spread	miss	404	506
a08-128-spread	spread	hit	200	1
a08-128-spread	spread	miss	404	385
a08-128-spread	spread	hit	200	3
a08-128-spread	spread	miss	404	421
a08-128-spread	spread	hit	200	1
a08-128-spread	spread	miss	404	418
a08-128-spread	spread	hit	200	1
a08-128-spread	spread	miss	404	450
a08-128-spread	spread	hit	200	2
a08-128-spread	spread	miss	404	430
a08-128-spread	spread	hit	200	1
a08-128-spread	spread	miss	404	471
a08-128-spread	spread	hit	200	3
a08-128-spread	spread	miss	404	617
a08-128-spread	spread	hit	200	1
a08-128-spread	spread	miss	404	273
a08-128-spread	spread	hit	200	2
a08-128-spread	spread	miss	404	426
a08-128-spread	spread	hit	200	2
a08-128-spread	spread	miss	404	544
a08-128-spread	spread	hit	200	1
a08-128-spread	spread	miss	404	386
a08-128-spread	spread	hit	200	1
a08-128-spread	spread	miss	404	524
a08-128-spread	spread	hit	200	2
a08-128-spread	spread	miss	404	504
a08-128-spread	spread	hit	200	1
a08-128-spread	spread	miss	404	420
a08-128-spread	spread	hit	200	2
a08-128-spread	spread	miss	404	496
a08-128-spread	spread	hit	200	1
a08-128-spread	spread	miss	404	494
a08-128-spread	spread	hit	200	1
a08-128-spread	spread	miss	404	428
a08-128-spread	spread	hit	200	7
a08-128-spread	spread	miss	404	492
a08-128-spread	spread	hit	200	2
a08-128-spread	spread	miss	404	363
a08-128-spread	spread	hit	200	1
a08-128-spread	spread	miss	404	392
a08-128-spread	spread	hit	200	1
a08-128-spread	spread	miss	404	600
a08-128-spread	spread	hit	200	1
a08-128-spread	spread	miss	404	766
a08-128-spread	spread	hit	200	3
a08-128-spread	spread	miss	404	473
a08-128-spread	spread	hit	200	2
a08-128-spread	spread	miss	404	562
a08-128-spread	spread	hit	200	1
a08-128-spread	spread	miss	404	383
a08-128-spread	spread	hit	200	1
a08-128-spread	spread	miss	404	569
a08-128-spread	spread	hit	200	1
a08-128-spread	spread	miss	404	664
a08-128-spread	spread	hit	200	1
a08-128-spread	spread	miss	404	476
a08-128-spread	spread	hit	200	1
a08-128-spread	spread	miss	404	589
a08-128-spread	spread	hit	200	1
a08-128-spread	spread	miss	404	617
a08-128-spread	spread	hit	200	1
a08-128-spread	spread	miss	404	541
a08-128-spread	spread	hit	200	3
a08-128-spread	spread	miss	404	425
a08-128-spread	spread	hit	200	2
a08-128-spread	spread	miss	404	465
a08-128-spread	spread	hit	200	2
a08-128-spread	spread	miss	404	197
a08-128-spread	spread	hit	200	1
a08-128-spread	spread	miss	404	200
a08-128-spread	spread	hit	200	3
a08-128-spread	spread	miss	404	330
a08-128-spread	spread	hit	200	1
a08-128-spread	spread	miss	404	543
a08-128-spread	spread	hit	200	10
a08-128-spread	spread	miss	404	437
a08-128-spread	spread	hit	200	2
a08-128-spread	spread	miss	404	485
a08-128-spread	spread	hit	200	2
a08-128-spread	spread	miss	404	449
a08-128-spread	spread	hit	200	1
a08-128-spread	spread	miss	404	446
a08-128-spread	spread	hit	200	1
a08-128-spread	spread	miss	404	445
a08-128-spread	spread	hit	200	1
a08-128-spread	spread	miss	404	475
a08-128-spread	spread	hit	200	1
a08-128-spread	spread	miss	404	473
a08-128-spread	spread	hit	200	2
a08-128-spread	spread	miss	404	451
a08-128-spread	spread	hit	200	1
a08-128-spread	spread	miss	404	391
a08-128-spread	spread	hit	200	2
a08-128-spread	spread	miss	404	386
a08-128-spread	spread	hit	200	2
a08-128-spread	spread	miss	404	511
a08-128-spread	spread	hit	200	2
a08-128-spread	spread	miss	404	528
a08-128-spread	spread	hit	200	1
a08-128-spread	spread	miss	404	432
a08-128-spread	spread	hit	200	1
a08-128-spread	spread	miss	404	466
a08-128-spread	spread	hit	200	1
a08-128-spread	spread	miss	404	381
a08-128-spread	spread	hit	200	1
a08-128-spread	spread	miss	404	422
a08-128-spread	spread	hit	200	2
a08-128-spread	spread	miss	404	398
a08-128-spread	spread	hit	200	1
a08-128-spread	spread	miss	404	435
a08-128-spread	spread	hit	200	1
a08-128-spread	spread	miss	404	473
a08-128-spread	spread	hit	200	13
a08-128-spread	spread	miss	404	370
a08-128-spread	spread	hit	200	1
a08-128-spread	spread	miss	404	480
a08-128-spread	spread	hit	200	2
a08-128-spread	spread	miss	404	487
a08-128-spread	spread	hit	200	1
a08-128-spread	spread	miss	404	506
a08-128-spread	spread	hit	200	1
a08-128-spread	spread	miss	404	470
a08-128-spread	spread	hit	200	1
a08-128-spread	spread	miss	404	595
a08-128-spread	spread	hit	200	1
a08-128-spread	spread	miss	404	643
a08-128-spread	spread	hit	200	4
a08-128-spread	spread	miss	404	501
a08-128-spread	spread	hit	200	2
a08-128-spread	spread	miss	404	490
a08-128-spread	spread	hit	200	1
a08-128-spread	spread	miss	404	651
a08-128-spread	spread	hit	200	3
a08-128-spread	spread	miss	404	621
a08-128-spread	spread	hit	200	1
a08-128-spread	spread	miss	404	641
a08-128-spread	spread	hit	200	3
a08-128-spread	spread	miss	404	462
a08-128-spread	spread	hit	200	4
a08-128-spread	spread	miss	404	673
a08-128-spread	spread	hit	200	1
a08-128-spread	spread	miss	404	540
a08-128-spread	spread	hit	200	3
a08-128-spread	spread	miss	404	339
a08-128-spread	spread	hit	200	1
a08-128-spread	spread	miss	404	449
a08-128-spread	spread	hit	200	2
a08-128-spread	spread	miss	404	444
a08-128-spread	spread	hit	200	1
a08-128-spread	spread	miss	404	360
a08-128-spread	spread	hit	200	1
a08-128-spread	spread	miss	404	484
a08-128-spread	spread	hit	200	7
a08-128-spread	spread	miss	404	503
a08-128-spread	spread	hit	200	4
a08-128-spread	spread	miss	404	473
a08-128-spread	spread	hit	200	1
a08-128-spread	spread	miss	404	523
a08-128-spread	spread	hit	200	2
a08-128-spread	spread	miss	404	206
a08-128-spread	spread	hit	200	1
a08-128-spread	spread	miss	404	527
a08-128-spread	spread	hit	200	2
a08-128-spread	spread	miss	404	520
a08-128-spread	spread	hit	200	2
a08-128-spread	spread	miss	404	482
a08-128-spread	spread	hit	200	1
a08-128-spread	spread	miss	404	345
a08-128-spread	spread	hit	200	1
a08-128-spread	spread	miss	404	418
a08-128-spread	spread	hit	200	4
a08-128-spread	spread	miss	404	420
a08-128-spread	spread	hit	200	1
a08-128-spread	spread	miss	404	551
a08-128-spread	spread	hit	200	1
a08-128-spread	spread	miss	404	504
a08-128-spread	spread	hit	200	4
a08-128-spread	spread	miss	404	566
a08-128-spread	spread	hit	200	2
a08-128-spread	spread	miss	404	404
a08-128-spread	spread	hit	200	5
a08-128-spread	spread	miss	404	234
a08-128-spread	spread	hit	200	6
a08-128-spread	spread	miss	404	343
a08-128-spread	spread	hit	200	2
a08-128-spread	spread	miss	404	367
a08-128-spread	spread	hit	200	4
a08-128-spread	spread	miss	404	426
a08-128-spread	spread	hit	200	4
a08-128-spread	spread	miss	404	509
a08-128-spread	spread	hit	200	9
a08-128-spread	spread	miss	404	387
a08-128-spread	spread	hit	200	1
a08-128-spread	spread	miss	404	405
a08-128-spread	spread	hit	200	2
a08-128-spread	spread	miss	404	158
a08-128-spread	spread	hit	200	1
a08-128-spread	spread	miss	404	476
a08-128-spread	spread	hit	200	6
a08-128-spread	spread	miss	404	529
a08-128-spread	spread	hit	200	1
a08-128-spread	spread	miss	404	497
a08-128-spread	spread	hit	200	2
a08-128-spread	spread	miss	404	516
a08-128-spread	spread	hit	200	2
a08-128-spread	spread	miss	404	469
a08-128-spread	spread	hit	200	1
a08-128-spread	spread	miss	404	600
a08-128-spread	spread	hit	200	1
a08-128-spread	spread	miss	404	404
a08-128-spread	spread	hit	200	3
a08-128-spread	spread	miss	404	830
a08-128-spread	spread	hit	200	4
a08-128-spread	spread	miss	404	224
a08-128-spread	spread	hit	200	2
a08-128-spread	spread	miss	404	441
a08-128-spread	spread	hit	200	5
a08-128-spread	spread	miss	404	434
a08-128-spread	spread	hit	200	1
a08-128-spread	spread	miss	404	796
a08-128-spread	spread	hit	200	1
a08-128-spread	spread	miss	404	172
a08-128-spread	spread	hit	200	1
a08-128-spread	spread	miss	404	467
a08-128-spread	spread	hit	200	1
a08-128-spread	spread	miss	404	519
a08-128-spread	spread	hit	200	5
a08-128-spread	spread	miss	404	485
a08-128-spread	spread	hit	200	2
a08-128-spread	spread	miss	404	360
a08-128-spread	spread	hit	200	1
a08-128-spread	spread	miss	404	426
a08-128-spread	spread	hit	200	3
a08-128-spread	spread	miss	404	516
a08-128-spread	spread	hit	200	6
a08-128-spread	spread	miss	404	496
a08-128-spread	spread	hit	200	1
a08-128-spread	spread	miss	404	748
a08-128-spread	spread	hit	200	2
a08-128-spread	spread	miss	404	491
a08-128-spread	spread	hit	200	1
a08-128-spread	spread	miss	404	242
a08-128-spread	spread	hit	200	1
a08-128-spread	spread	miss	404	421
a08-128-spread	spread	hit	200	5
a08-128-spread	spread	miss	404	442
a08-128-spread	spread	hit	200	1
a08-128-spread	spread	miss	404	517
a08-128-spread	spread	hit	200	1
a08-128-spread	spread	miss	404	410
a08-128-spread	spread	hit	200	4
a08-128-spread	spread	miss	404	577
a08-128-spread	spread	hit	200	1
a08-128-spread	spread	miss	404	423
a08-128-spread	spread	hit	200	1
a08-128-spread	spread	miss	404	474
a08-128-spread	spread	hit	200	2
a08-128-spread	spread	miss	404	456
a08-128-spread	spread	hit	200	1
a08-128-spread	spread	miss	404	144
a08-128-spread	spread	hit	200	2
a08-128-spread	spread	miss	404	411
a08-128-spread	spread	hit	200	2
a08-128-spread	spread	miss	404	508
a08-128-spread	spread	hit	200	1
a08-128-spread	spread	miss	404	208
a08-128-spread	spread	hit	200	1
a08-128-spread	spread	miss	404	388
a08-128-spread	spread	hit	200	1
a08-128-spread	spread	miss	404	482
a08-128-spread	spread	hit	200	1
a08-128-spread	spread	miss	404	459
a08-128-spread	spread	hit	200	1
a08-128-spread	spread	miss	404	478
a08-128-spread	spread	hit	200	1
a08-128-spread	spread	miss	404	437
a08-128-spread	spread	hit	200	1
a08-128-spread	spread	miss	404	451
a08-128-spread	spread	hit	200	6
a08-128-spread	spread	miss	404	546
a08-128-spread	spread	hit	200	2
a08-128-spread	spread	miss	404	549
a08-128-spread	spread	hit	200	2
a08-128-spread	spread	miss	404	407
a08-128-spread	spread	hit	200	2
a08-128-spread	spread	miss	404	385
a08-128-spread	spread	hit	200	1
a08-128-spread	spread	miss	404	522
a08-128-spread	spread	hit	200	1
a08-128-spread	spread	miss	404	441
a08-128-spread	spread	hit	200	7
a08-128-spread	spread	miss	404	388
a08-128-spread	spread	hit	200	1
a08-128-spread	spread	miss	404	578
a08-128-spread	spread	hit	200	2
a08-128-spread	spread	miss	404	701
a08-128-spread	spread	hit	200	1
a08-128-spread	spread	miss	404	557
a08-128-spread	spread	hit	200	4
a08-128-spread	spread	miss	404	588
a08-128-spread	spread	hit	200	2
a08-128-spread	spread	miss	404	490
a08-128-spread	spread	hit	200	6
a08-128-spread	spread	miss	404	477
a08-128-spread	spread	hit	200	1
a08-128-spread	spread	miss	404	437
a08-128-spread	spread	hit	200	1
a08-128-spread	spread	miss	404	470
a08-128-spread	spread	hit	200	2
a08-128-spread	spread	miss	404	533
a08-128-spread	spread	hit	200	1
a08-128-spread	spread	miss	404	473
a08-128-spread	spread	hit	200	15
a08-128-spread	spread	miss	404	608
a08-128-spread	spread	hit	200	1
a08-128-spread	spread	miss	404	344
a08-128-spread	spread	hit	200	1
a08-128-spread	spread	miss	404	367
a08-128-spread	spread	hit	200	5
a08-128-spread	spread	miss	404	429
a08-128-spread	spread	hit	200	1
a08-128-spread	spread	miss	404	435
a08-128-spread	spread	hit	200	1
a08-128-spread	spread	miss	404	354
a08-128-spread	spread	hit	200	1
a08-128-spread	spread	miss	404	500
a08-128-spread	spread	hit	200	1
a08-128-spread	spread	miss	404	202
a08-128-spread	spread	hit	200	1
a08-128-spread	spread	miss	404	385
a08-128-spread	spread	hit	200	1
a08-128-spread	spread	miss	404	508
a08-128-spread	spread	hit	200	4
a08-128-spread	spread	miss	404	409
a08-128-spread	spread	hit	200	1
a08-128-spread	spread	miss	404	377
a08-128-spread	spread	hit	200	1
a08-128-spread	spread	miss	404	466
a08-128-spread	spread	hit	200	7
a08-128-spread	spread	miss	404	207
a08-128-spread	spread	hit	200	2
a08-128-spread	spread	miss	404	455
a08-128-spread	spread	hit	200	1
a08-128-spread	spread	miss	404	442
a08-128-spread	spread	hit	200	2
a08-128-spread	spread	miss	404	505
a08-128-spread	spread	hit	200	2
a08-128-spread	spread	miss	404	499
a08-128-spread	spread	hit	200	2
a08-128-spread	spread	miss	404	462
a08-128-spread	spread	hit	200	1
a08-128-spread	spread	miss	404	510
a08-128-spread	spread	hit	200	2
a08-128-spread	spread	miss	404	603
a08-128-spread	spread	hit	200	2
a08-128-spread	spread	miss	404	360
a08-128-spread	spread	hit	200	1
a08-128-spread	spread	miss	404	542
a08-128-spread	spread	hit	200	1
a08-128-spread	spread	miss	404	469
a08-128-spread	spread	hit	200	1
a08-128-spread	spread	miss	404	241
a08-128-spread	spread	hit	200	3
a08-128-spread	spread	miss	404	421
a08-128-spread	spread	hit	200	1
a08-128-spread	spread	miss	404	558
a08-128-spread	spread	hit	200	7
a08-128-spread	spread	miss	404	511
a08-128-spread	spread	hit	200	1
a08-128-spread	spread	miss	404	509
a08-128-spread	spread	hit	200	1
a08-128-spread	spread	miss	404	652
a08-128-spread	spread	hit	200	10
a08-128-spread	spread	miss	404	568
a08-128-spread	spread	hit	200	4
a08-128-spread	spread	miss	404	470
a08-128-spread	spread	hit	200	4
a08-128-spread	spread	miss	404	561
a08-128-spread	spread	hit	200	2
a08-128-spread	spread	miss	404	547
a08-128-spread	spread	hit	200	1
a08-128-spread	spread	miss	404	473
a08-128-spread	spread	hit	200	1
a08-128-spread	spread	miss	404	620
a08-128-spread	spread	hit	200	1
a08-128-spread	spread	miss	404	554
a08-128-spread	spread	hit	200	1
a08-128-spread	spread	miss	404	463
a08-128-spread	spread	hit	200	1
a08-128-spread	spread	miss	404	451
a08-128-spread	spread	hit	200	1
a08-128-spread	spread	miss	404	533
a08-128-spread	spread	hit	200	6
a08-128-spread	spread	miss	404	383
a08-128-spread	spread	hit	200	2
a08-128-spread	spread	miss	404	385
a08-128-spread	spread	hit	200	1
a08-128-spread	spread	miss	404	449
a08-128-spread	spread	hit	200	2
a08-128-spread	spread	miss	404	316
a08-128-spread	spread	hit	200	1
a08-128-spread	spread	miss	404	188
a08-128-spread	spread	hit	200	1
a08-128-spread	spread	miss	404	621
a08-128-spread	spread	hit	200	1
a08-128-spread	spread	miss	404	460
a08-128-spread	spread	hit	200	2
a08-128-spread	spread	miss	404	336
a08-128-spread	spread	hit	200	1
a08-128-spread	spread	miss	404	489
a08-128-spread	spread	hit	200	1
a08-128-spread	spread	miss	404	391
a08-128-spread	spread	hit	200	1
a08-128-spread	spread	miss	404	384
a08-128-spread	spread	hit	200	1
a08-128-spread	spread	miss	404	447
a08-128-spread	spread	hit	200	1
a08-128-spread	spread	miss	404	375
a08-128-spread	spread	hit	200	1
a08-128-spread	spread	miss	404	514
a08-128-spread	spread	hit	200	1
a08-128-spread	spread	miss	404	338
a08-128-spread	spread	hit	200	1
a08-128-spread	spread	miss	404	461
a08-128-spread	spread	hit	200	1
a08-128-spread	spread	miss	404	475
a08-128-spread	spread	hit	200	5
a08-128-spread	spread	miss	404	513
a08-128-spread	spread	hit	200	1
a08-128-spread	spread	miss	404	526
a08-128-spread	spread	hit	200	1
a08-128-spread	spread	miss	404	447
a08-128-spread	spread	hit	200	1
a08-128-spread	spread	miss	404	454
a08-128-spread	spread	hit	200	1
a08-128-spread	spread	miss	404	492
a08-128-spread	spread	hit	200	1
a08-128-spread	spread	miss	404	449
a08-128-spread	spread	hit	200	9
a08-128-spread	spread	miss	404	370
a08-128-spread	spread	hit	200	1
a08-128-spread	spread	miss	404	437
a08-128-spread	spread	hit	200	1
a08-128-spread	spread	miss	404	571
a08-128-spread	spread	hit	200	3
a08-128-spread	spread	miss	404	469
a08-128-spread	spread	hit	200	5
a08-128-spread	spread	miss	404	572
a08-128-spread	spread	hit	200	2
a08-128-spread	spread	miss	404	471
a08-128-spread	spread	hit	200	2
a08-128-spread	spread	miss	404	500
a08-128-spread	spread	hit	200	1
a08-128-spread	spread	miss	404	630
a08-128-spread	spread	hit	200	1
a08-128-spread	spread	miss	404	640
a08-128-spread	spread	hit	200	1
a08-128-spread	spread	miss	404	183
a08-128-spread	spread	hit	200	2
a08-128-spread	spread	miss	404	480
a08-128-spread	spread	hit	200	3
a08-128-spread	spread	miss	404	504
a08-128-spread	spread	hit	200	2
a08-128-spread	spread	miss	404	405
a08-128-spread	spread	hit	200	2
a08-128-spread	spread	miss	404	598
a08-128-spread	spread	hit	200	2
a08-128-spread	spread	miss	404	469
a08-128-spread	spread	hit	200	2
a08-128-spread	spread	miss	404	461
a08-128-spread	spread	hit	200	1
a08-128-spread	spread	miss	404	467
a08-128-spread	spread	hit	200	31
a08-128-spread	spread	miss	404	416
a08-128-spread	spread	hit	200	1
a08-128-spread	spread	miss	404	487
a08-128-spread	spread	hit	200	3
a08-128-spread	spread	miss	404	440
a08-128-spread	spread	hit	200	1
a08-128-spread	spread	miss	404	421
a08-128-spread	spread	hit	200	1
a08-128-spread	spread	miss	404	312
a08-128-spread	spread	hit	200	1
a08-128-spread	spread	miss	404	477
a08-128-spread	spread	hit	200	2
a08-128-spread	spread	miss	404	504
a08-128-spread	spread	hit	200	2
a08-128-spread	spread	miss	404	471
a08-128-spread	spread	hit	200	1
a08-128-spread	spread	miss	404	382
a08-128-spread	spread	hit	200	1
a08-128-spread	spread	miss	404	340
a08-128-spread	spread	hit	200	1
a08-128-spread	spread	miss	404	347
a08-128-spread	spread	hit	200	1
a08-128-spread	spread	miss	404	350
a08-128-spread	spread	hit	200	3
a08-128-spread	spread	miss	404	505
a08-128-spread	spread	hit	200	3
a08-128-spread	spread	miss	404	420
a08-128-spread	spread	hit	200	2
a08-128-spread	spread	miss	404	369
a08-128-spread	spread	hit	200	2
a08-128-spread	spread	miss	404	467
a08-128-spread	spread	hit	200	1
a08-128-spread	spread	miss	404	582
a08-128-spread	spread	hit	200	1
a08-128-spread	spread	miss	404	599
a08-128-spread	spread	hit	200	1
a08-128-spread	spread	miss	404	387
a08-128-spread	spread	hit	200	3
a08-128-spread	spread	miss	404	545
a08-128-spread	spread	hit	200	1
a08-128-spread	spread	miss	404	515
a08-128-spread	spread	hit	200	2
a08-128-spread	spread	miss	404	488
a08-128-spread	spread	hit	200	1
a08-128-spread	spread	miss	404	437
a08-128-spread	spread	hit	200	2
a08-128-spread	spread	miss	404	416
a08-128-spread	spread	hit	200	1
a08-128-spread	spread	miss	404	523
a08-128-spread	spread	hit	200	2
a08-128-spread	spread	miss	404	513
a08-128-spread	spread	hit	200	1
a08-128-spread	spread	miss	404	725
a08-128-spread	spread	hit	200	2
a08-128-spread	spread	miss	404	520
a08-128-spread	spread	hit	200	5
a08-128-spread	spread	miss	404	465
a08-128-spread	spread	hit	200	4
a08-128-spread	spread	miss	404	568
a08-128-spread	spread	hit	200	1
a08-128-spread	spread	miss	404	497
a08-128-spread	spread	hit	200	1
a08-128-spread	spread	miss	404	645
a08-128-spread	spread	hit	200	1
a08-128-spread	spread	miss	404	419
a08-128-spread	spread	hit	200	1
a08-128-spread	spread	miss	404	469
a08-128-spread	spread	hit	200	1
a08-128-spread	spread	miss	404	541
a08-128-spread	spread	hit	200	3
a08-128-spread	spread	miss	404	451
a08-128-spread	spread	hit	200	1
a08-128-spread	spread	miss	404	501
a08-128-spread	spread	hit	200	2
a08-128-spread	spread	miss	404	521
a08-128-spread	spread	hit	200	1
a08-128-spread	spread	miss	404	319
a08-128-spread	spread	hit	200	1
a08-128-spread	spread	miss	404	398
a08-128-spread	spread	hit	200	21
a08-128-spread	spread	miss	404	389
a08-128-spread	spread	hit	200	1
a08-128-spread	spread	miss	404	503
a08-128-spread	spread	hit	200	1
a08-128-spread	spread	miss	404	445
a08-128-spread	spread	hit	200	6
a08-128-spread	spread	miss	404	387
a08-128-spread	spread	hit	200	1
a08-128-spread	spread	miss	404	480
a08-128-spread	spread	hit	200	2
a08-128-spread	spread	miss	404	453
a08-128-spread	spread	hit	200	3
a08-128-spread	spread	miss	404	494
a08-128-spread	spread	hit	200	2
a08-128-spread	spread	miss	404	558
a08-128-spread	spread	hit	200	1
a08-128-spread	spread	miss	404	322
a08-128-spread	spread	hit	200	2
a08-128-spread	spread	miss	404	392
a08-128-spread	spread	hit	200	1
a08-128-spread	spread	miss	404	455
a08-128-spread	spread	hit	200	1
a08-128-spread	spread	miss	404	539
a08-128-spread	spread	hit	200	4
a08-128-spread	spread	miss	404	402
a08-128-spread	spread	hit	200	1
a08-128-spread	spread	miss	404	491
a08-128-spread	spread	hit	200	1
a08-128-spread	spread	miss	404	495
a08-128-spread	spread	hit	200	4
a08-128-spread	spread	miss	404	477
a08-128-spread	spread	hit	200	2
a08-128-spread	spread	miss	404	197
a08-128-spread	spread	hit	200	1
a08-128-spread	spread	miss	404	473
a08-128-spread	spread	hit	200	2
a08-128-spread	spread	miss	404	439
a08-128-spread	spread	hit	200	2
a08-128-spread	spread	miss	404	192
a08-128-spread	spread	hit	200	1
a08-128-spread	spread	miss	404	400
a08-128-spread	spread	hit	200	1
a08-128-spread	spread	miss	404	150
a08-128-spread	spread	hit	200	1
a08-128-spread	spread	miss	404	470
a08-128-spread	spread	hit	200	1
a08-128-spread	spread	miss	404	456
a08-128-spread	spread	hit	200	2
a08-128-spread	spread	miss	404	473
a08-128-spread	spread	hit	200	4
a08-128-spread	spread	miss	404	421
a08-128-spread	spread	hit	200	2
a08-128-spread	spread	miss	404	493
a08-128-spread	spread	hit	200	1
a08-128-spread	spread	miss	404	486
a08-128-spread	spread	hit	200	2
a08-128-spread	spread	miss	404	543
a08-128-spread	spread	hit	200	2
a08-128-spread	spread	miss	404	429
a08-128-spread	spread	hit	200	2
a08-128-spread	spread	miss	404	520
a08-128-spread	spread	hit	200	3
a08-128-spread	spread	miss	404	544
a08-128-spread	spread	hit	200	1
a08-128-spread	spread	miss	404	870
a08-128-spread	spread	hit	200	2
a08-128-spread	spread	miss	404	562
a08-128-spread	spread	hit	200	3
a08-128-spread	spread	miss	404	265
a08-128-spread	spread	hit	200	2
a08-128-spread	spread	miss	404	541
a08-128-spread	spread	hit	200	1
a08-128-spread	spread	miss	404	451
a08-128-spread	spread	hit	200	3
a08-128-spread	spread	miss	404	607
a08-128-spread	spread	hit	200	1
a08-128-spread	spread	miss	404	330
a08-128-spread	spread	hit	200	2
a08-128-spread	spread	miss	404	560
a08-128-spread	spread	hit	200	9
a08-128-spread	spread	miss	404	574
a08-128-spread	spread	hit	200	1
a08-128-spread	spread	miss	404	412
a08-128-spread	spread	hit	200	2
a08-128-spread	spread	miss	404	410
a08-128-spread	spread	hit	200	1
a08-128-spread	spread	miss	404	467
a08-128-spread	spread	hit	200	1
a08-128-spread	spread	miss	404	472
a08-128-spread	spread	hit	200	1
a08-128-spread	spread	miss	404	495
a08-128-spread	spread	hit	200	2
a08-128-spread	spread	miss	404	489
a08-128-spread	spread	hit	200	1
a08-128-spread	spread	miss	404	139
a08-128-spread	spread	hit	200	1
a08-128-spread	spread	miss	404	556
a08-128-spread	spread	hit	200	1
a08-128-spread	spread	miss	404	517
a08-128-spread	spread	hit	200	1
a08-128-spread	spread	miss	404	426
a08-128-spread	spread	hit	200	2
a08-128-spread	spread	miss	404	462
a08-128-spread	spread	hit	200	3
a08-128-spread	spread	miss	404	453
a08-128-spread	spread	hit	200	2
a08-128-spread	spread	miss	404	442
a08-128-spread	spread	hit	200	1
a08-128-spread	spread	miss	404	436
a08-128-spread	spread	hit	200	1
a08-128-spread	spread	miss	404	486
a08-128-spread	spread	hit	200	1
a08-128-spread	spread	miss	404	420
a08-128-spread	spread	hit	200	2
a08-128-spread	spread	miss	404	519
a08-128-spread	spread	hit	200	2
a08-128-spread	spread	miss	404	410
a08-128-spread	spread	hit	200	2
a08-128-spread	spread	miss	404	420
a08-128-spread	spread	hit	200	3
a08-128-spread	spread	miss	404	354
a08-128-spread	spread	hit	200	2
a08-128-spread	spread	miss	404	468
a08-128-spread	spread	hit	200	2
a08-128-spread	spread	miss	404	442
a08-128-spread	spread	hit	200	1
a08-128-spread	spread	miss	404	448
a08-128-spread	spread	hit	200	1
a08-128-spread	spread	miss	404	425
a08-128-spread	spread	hit	200	1
a08-128-spread	spread	miss	404	506
a08-128-spread	spread	hit	200	1
a08-128-spread	spread	miss	404	499
a08-128-spread	spread	hit	200	1
a08-128-spread	spread	miss	404	440
a08-128-spread	spread	hit	200	2
a08-128-spread	spread	miss	404	658
a08-128-spread	spread	hit	200	2
a08-128-spread	spread	miss	404	633
a08-128-spread	spread	hit	200	1
a08-128-spread	spread	miss	404	151
a08-128-spread	spread	hit	200	2
a08-128-spread	spread	miss	404	622
a08-128-spread	spread	hit	200	4
a08-128-spread	spread	miss	404	477
a08-128-spread	spread	hit	200	5
a08-128-spread	spread	miss	404	615
a08-128-spread	spread	hit	200	1
a08-128-spread	spread	miss	404	398
a08-128-spread	spread	hit	200	2
a08-128-spread	spread	miss	404	533
a08-128-spread	spread	hit	200	1
a08-128-spread	spread	miss	404	558
a08-128-spread	spread	hit	200	4
a08-128-spread	spread	miss	404	371
a08-128-spread	spread	hit	200	1
a08-128-spread	spread	miss	404	495
a08-128-spread	spread	hit	200	1
a08-128-spread	spread	miss	404	448
a08-128-spread	spread	hit	200	25
a08-128-spread	spread	miss	404	449
a08-128-spread	spread	hit	200	3
a08-128-spread	spread	miss	404	454
a08-128-spread	spread	hit	200	1
a08-128-spread	spread	miss	404	410
a08-128-spread	spread	hit	200	2
a08-128-spread	spread	miss	404	380
a08-128-spread	spread	hit	200	1
a08-128-spread	spread	miss	404	563
a08-128-spread	spread	hit	200	1
a08-128-spread	spread	miss	404	490
a08-128-spread	spread	hit	200	1
a08-128-spread	spread	miss	404	398
a08-128-spread	spread	hit	200	1
a08-128-spread	spread	miss	404	447
a08-128-spread	spread	hit	200	1
a08-128-spread	spread	miss	404	522
a08-128-spread	spread	hit	200	1
a08-128-spread	spread	miss	404	399
a08-128-spread	spread	hit	200	4
a08-128-spread	spread	miss	404	423
a08-128-spread	spread	hit	200	1
a08-128-spread	spread	miss	404	390
a08-128-spread	spread	hit	200	4
a08-128-spread	spread	miss	404	478
a08-128-spread	spread	hit	200	1
a08-128-spread	spread	miss	404	420
a08-128-spread	spread	hit	200	2
a08-128-spread	spread	miss	404	786
a08-128-spread	spread	hit	200	3
a08-128-spread	spread	miss	404	496
a08-128-spread	spread	hit	200	2
a08-128-spread	spread	miss	404	352
a08-128-spread	spread	hit	200	2
a08-128-spread	spread	miss	404	447
a08-128-spread	spread	hit	200	1
a08-128-spread	spread	miss	404	408
a08-128-spread	spread	hit	200	1
a08-128-spread	spread	miss	404	497
a08-128-spread	spread	hit	200	2
a08-128-spread	spread	miss	404	395
a08-128-spread	spread	hit	200	2
a08-128-spread	spread	miss	404	431
a08-128-spread	spread	hit	200	3
a08-128-spread	spread	miss	404	433
a08-128-spread	spread	hit	200	2
a08-128-spread	spread	miss	404	437
a08-128-spread	spread	hit	200	1
a08-128-spread	spread	miss	404	934
a08-128-spread	spread	hit	200	1
a08-128-spread	spread	miss	404	434
a08-128-spread	spread	hit	200	2
a08-128-spread	spread	miss	404	462
a08-128-spread	spread	hit	200	2
a08-128-spread	spread	miss	404	546
a08-128-spread	spread	hit	200	1
a08-128-spread	spread	miss	404	543
a08-128-spread	spread	hit	200	1
a08-128-spread	spread	miss	404	455
a08-128-spread	spread	hit	200	1
a08-128-spread	spread	miss	404	1084
a08-128-spread	spread	hit	200	1
a08-128-spread	spread	miss	404	620
a08-128-spread	spread	hit	200	4
a08-128-spread	spread	miss	404	593
a08-128-spread	spread	hit	200	1
a08-128-spread	spread	miss	404	491
a08-128-spread	spread	hit	200	1
a08-128-spread	spread	miss	404	408
a08-128-spread	spread	hit	200	1
a08-128-spread	spread	miss	404	671
a08-128-spread	spread	hit	200	3
a08-128-spread	spread	miss	404	464
a08-128-spread	spread	hit	200	1
a08-128-spread	spread	miss	404	319
a08-128-spread	spread	hit	200	1
a08-128-spread	spread	miss	404	369
a08-128-spread	spread	hit	200	1
a08-128-spread	spread	miss	404	332
a08-128-spread	spread	hit	200	9
a08-128-spread	spread	miss	404	464
a08-128-spread	spread	hit	200	2
a08-128-spread	spread	miss	404	448
a08-128-spread	spread	hit	200	2
a08-128-spread	spread	miss	404	215
a08-128-spread	spread	hit	200	2
a08-128-spread	spread	miss	404	454
a08-128-spread	spread	hit	200	1
a08-128-spread	spread	miss	404	464
a08-128-spread	spread	hit	200	3
a08-128-spread	spread	miss	404	496
a08-128-spread	spread	hit	200	1
a08-128-spread	spread	miss	404	421
a08-128-spread	spread	hit	200	1
a08-128-spread	spread	miss	404	480
a08-128-spread	spread	hit	200	2
a08-128-spread	spread	miss	404	477
a08-128-spread	spread	hit	200	1
a08-128-spread	spread	miss	404	477
a08-128-spread	spread	hit	200	2
a08-128-spread	spread	miss	404	379
a08-128-spread	spread	hit	200	1
a08-128-spread	spread	miss	404	480
a08-128-spread	spread	hit	200	1
a08-128-spread	spread	miss	404	464
a08-128-spread	spread	hit	200	1
a08-128-spread	spread	miss	404	613
a08-128-spread	spread	hit	200	1
a08-128-spread	spread	miss	404	530
a08-128-spread	spread	hit	200	1
a08-128-spread	spread	miss	404	438
a08-128-spread	spread	hit	200	1
a08-128-spread	spread	miss	404	427
a08-128-spread	spread	hit	200	4
a08-128-spread	spread	miss	404	382
a08-128-spread	spread	hit	200	1
a08-128-spread	spread	miss	404	182
a08-128-spread	spread	hit	200	4
a08-128-spread	spread	miss	404	525
a08-128-spread	spread	hit	200	2
a08-128-spread	spread	miss	404	412
a08-128-spread	spread	hit	200	2
a08-128-spread	spread	miss	404	539
a08-128-spread	spread	hit	200	5
a08-128-spread	spread	miss	404	451
a08-128-spread	spread	hit	200	2
a08-128-spread	spread	miss	404	554
a08-128-spread	spread	hit	200	1
a08-128-spread	spread	miss	404	401
a08-128-spread	spread	hit	200	1
a08-128-spread	spread	miss	404	614
a08-128-spread	spread	hit	200	1
a08-128-spread	spread	miss	404	275
a08-128-spread	spread	hit	200	3
a08-128-spread	spread	miss	404	425
a08-128-spread	spread	hit	200	8
a08-128-spread	spread	miss	404	531
a08-128-spread	spread	hit	200	1
a08-128-spread	spread	miss	404	498
a08-128-spread	spread	hit	200	1
a08-128-spread	spread	miss	404	842
a08-128-spread	spread	hit	200	1
a08-128-spread	spread	miss	404	500
a08-128-spread	spread	hit	200	1
a08-128-spread	spread	miss	404	552
a08-128-spread	spread	hit	200	1
a08-128-spread	spread	miss	404	521
a08-128-spread	spread	hit	200	2
a08-128-spread	spread	miss	404	470
a08-128-spread	spread	hit	200	11
a08-128-spread	spread	miss	404	214
a08-128-spread	spread	hit	200	2
a08-128-spread	spread	miss	404	442
a08-128-spread	spread	hit	200	2
a08-128-spread	spread	miss	404	451
a08-128-spread	spread	hit	200	2
a08-128-spread	spread	miss	404	490
a08-128-spread	spread	hit	200	1
a08-128-spread	spread	miss	404	439
a08-128-spread	spread	hit	200	3
a08-128-spread	spread	miss	404	573
a08-128-spread	spread	hit	200	9
a08-128-spread	spread	miss	404	423
a08-128-spread	spread	hit	200	2
a08-128-spread	spread	miss	404	438
a08-128-spread	spread	hit	200	2
a08-128-spread	spread	miss	404	377
a08-128-spread	spread	hit	200	1
a08-128-spread	spread	miss	404	479
a08-128-spread	spread	hit	200	4
a08-128-spread	spread	miss	404	403
a08-128-spread	spread	hit	200	2
a08-128-spread	spread	miss	404	439
a08-128-spread	spread	hit	200	1
a08-128-spread	spread	miss	404	407
a08-128-spread	spread	hit	200	2
a08-128-spread	spread	miss	404	536
a08-128-spread	spread	hit	200	2
a08-128-spread	spread	miss	404	385
a08-128-spread	spread	hit	200	2
a08-128-spread	spread	miss	404	388
a08-128-spread	spread	hit	200	1
a08-128-spread	spread	miss	404	370
a08-128-spread	spread	hit	200	1
a08-128-spread	spread	miss	404	558
a08-128-spread	spread	hit	200	1
a08-128-spread	spread	miss	404	459
a08-128-spread	spread	hit	200	2
a08-128-spread	spread	miss	404	450
a08-128-spread	spread	hit	200	1
a08-128-spread	spread	miss	404	583
a08-128-spread	spread	hit	200	1
a08-128-spread	spread	miss	404	475
a08-128-spread	spread	hit	200	1
a08-128-spread	spread	miss	404	369
a08-128-spread	spread	hit	200	1
a08-128-spread	spread	miss	404	407
a08-128-spread	spread	hit	200	1
a08-128-spread	spread	miss	404	152
a08-128-spread	spread	hit	200	1
a08-128-spread	spread	miss	404	552
a08-128-spread	spread	hit	200	1
a08-128-spread	spread	miss	404	406
a08-128-spread	spread	hit	200	3
a08-128-spread	spread	miss	404	528
a08-128-spread	spread	hit	200	1
a08-128-spread	spread	miss	404	474
a08-128-spread	spread	hit	200	1
a08-128-spread	spread	miss	404	579
a08-128-spread	spread	hit	200	3
a08-128-spread	spread	miss	404	427
a08-128-spread	spread	hit	200	2
a08-128-spread	spread	miss	404	518
a08-128-spread	spread	hit	200	3
a08-128-spread	spread	miss	404	423
a08-128-spread	spread	hit	200	1
a08-128-spread	spread	miss	404	916
a08-128-spread	spread	hit	200	2
a08-128-spread	spread	miss	404	582
a08-128-spread	spread	hit	200	1
a08-128-spread	spread	miss	404	495
a08-128-spread	spread	hit	200	1
a08-128-spread	spread	miss	404	445
a08-128-spread	spread	hit	200	1
a08-128-spread	spread	miss	404	601
a08-128-spread	spread	hit	200	1
a08-128-spread	spread	miss	404	424
a08-128-spread	spread	hit	200	3
a08-128-spread	spread	miss	404	681
a08-128-spread	spread	hit	200	2
a08-128-spread	spread	miss	404	509
a08-128-spread	spread	hit	200	4
a08-128-spread	spread	miss	404	488
a08-128-spread	spread	hit	200	2
a08-128-spread	spread	miss	404	412
a08-128-spread	spread	hit	200	2
a08-128-spread	spread	miss	404	342
a08-128-spread	spread	hit	200	2
a08-128-spread	spread	miss	404	287
a08-128-spread	spread	hit	200	7
a08-128-spread	spread	miss	404	493
a08-128-spread	spread	hit	200	13
a08-128-spread	spread	miss	404	494
a08-128-spread	spread	hit	200	2
a08-128-spread	spread	miss	404	447
a08-128-spread	spread	hit	200	1
a08-128-spread	spread	miss	404	421
a08-128-spread	spread	hit	200	2
a08-128-spread	spread	miss	404	366
a08-128-spread	spread	hit	200	1
a08-128-spread	spread	miss	404	496
a08-128-spread	spread	hit	200	2
a08-128-spread	spread	miss	404	384
a08-128-spread	spread	hit	200	1
a08-128-spread	spread	miss	404	398
a08-128-spread	spread	hit	200	1
a08-128-spread	spread	miss	404	542
a08-128-spread	spread	hit	200	1
a08-128-spread	spread	miss	404	507
a08-128-spread	spread	hit	200	1
a08-128-spread	spread	miss	404	468
a08-128-spread	spread	hit	200	1
a08-128-spread	spread	miss	404	502
a08-128-spread	spread	hit	200	2
a08-128-spread	spread	miss	404	444
a08-128-spread	spread	hit	200	2
a08-128-spread	spread	miss	404	193
a08-128-spread	spread	hit	200	2
a08-128-spread	spread	miss	404	383
a08-128-spread	spread	hit	200	2
a08-128-spread	spread	miss	404	353
a08-128-spread	spread	hit	200	2
a08-128-spread	spread	miss	404	524
a08-128-spread	spread	hit	200	2
a08-128-spread	spread	miss	404	345
a08-128-spread	spread	hit	200	1
a08-128-spread	spread	miss	404	440
a08-128-spread	spread	hit	200	1
a08-128-spread	spread	miss	404	436
a08-128-spread	spread	hit	200	1
a08-128-spread	spread	miss	404	484
a08-128-spread	spread	hit	200	1
a08-128-spread	spread	miss	404	460
a08-128-spread	spread	hit	200	3
a08-128-spread	spread	miss	404	429
a08-128-spread	spread	hit	200	1
a08-128-spread	spread	miss	404	424
a08-128-spread	spread	hit	200	1
a08-128-spread	spread	miss	404	587
a08-128-spread	spread	hit	200	2
a08-128-spread	spread	miss	404	484
a08-128-spread	spread	hit	200	2
a08-128-spread	spread	miss	404	447
a08-128-spread	spread	hit	200	1
a08-128-spread	spread	miss	404	498
a08-128-spread	spread	hit	200	2
a08-128-spread	spread	miss	404	467
a08-128-spread	spread	hit	200	1
a08-128-spread	spread	miss	404	417
a08-128-spread	spread	hit	200	1
a08-128-spread	spread	miss	404	642
a08-128-spread	spread	hit	200	2
a08-128-spread	spread	miss	404	547
a08-128-spread	spread	hit	200	1
a08-128-spread	spread	miss	404	627
a08-128-spread	spread	hit	200	1
a08-128-spread	spread	miss	404	481
a08-128-spread	spread	hit	200	2
a08-128-spread	spread	miss	404	563
a08-128-spread	spread	hit	200	1
a08-128-spread	spread	miss	404	403
a08-128-spread	spread	hit	200	2
a08-128-spread	spread	miss	404	402
a08-128-spread	spread	hit	200	1
a08-128-spread	spread	miss	404	503
a08-128-spread	spread	hit	200	1
a08-128-spread	spread	miss	404	487
a08-128-spread	spread	hit	200	1
a08-128-spread	spread	miss	404	510
a08-128-spread	spread	hit	200	3
a08-128-spread	spread	miss	404	475
a08-128-spread	spread	hit	200	1
a08-128-spread	spread	miss	404	531
a08-128-spread	spread	hit	200	2
a08-128-spread	spread	miss	404	397
a08-128-spread	spread	hit	200	2
a08-128-spread	spread	miss	404	295
a08-128-spread	spread	hit	200	1
a08-128-spread	spread	miss	404	416
a08-128-spread	spread	hit	200	2
a08-128-spread	spread	miss	404	373
a08-128-spread	spread	hit	200	2
a08-128-spread	spread	miss	404	473
a08-128-spread	spread	hit	200	1
a08-128-spread	spread	miss	404	576
a08-128-spread	spread	hit	200	1
a08-128-spread	spread	miss	404	388
a08-128-spread	spread	hit	200	2
a08-128-spread	spread	miss	404	620
a08-128-spread	spread	hit	200	6
a08-128-spread	spread	miss	404	500
a08-128-spread	spread	hit	200	2
a08-128-spread	spread	miss	404	420
a08-128-spread	spread	hit	200	2
a08-128-spread	spread	miss	404	545
a08-128-spread	spread	hit	200	2
a08-128-spread	spread	miss	404	341
a08-128-spread	spread	hit	200	2
a08-128-spread	spread	miss	404	435
a08-128-spread	spread	hit	200	1
a08-128-spread	spread	miss	404	398
a08-128-spread	spread	hit	200	1
a08-128-spread	spread	miss	404	402
a08-128-spread	spread	hit	200	2
a08-128-spread	spread	miss	404	585
a08-128-spread	spread	hit	200	1
a08-128-spread	spread	miss	404	441
a08-128-spread	spread	hit	200	2
a08-128-spread	spread	miss	404	371
a08-128-spread	spread	hit	200	3
a08-128-spread	spread	miss	404	399
a08-128-spread	spread	hit	200	3
a08-128-spread	spread	miss	404	466
a08-128-spread	spread	hit	200	1
a08-128-spread	spread	miss	404	503
a08-128-spread	spread	hit	200	1
a08-128-spread	spread	miss	404	408
a08-128-spread	spread	hit	200	4
a08-128-spread	spread	miss	404	583
a08-128-spread	spread	hit	200	1
a08-128-spread	spread	miss	404	574
a08-128-spread	spread	hit	200	3
a08-128-spread	spread	miss	404	626
a08-128-spread	spread	hit	200	2
a08-128-spread	spread	miss	404	382
a08-128-spread	spread	hit	200	2
a08-128-spread	spread	miss	404	192
a08-128-spread	spread	hit	200	1
a08-128-spread	spread	miss	404	376
a08-128-spread	spread	hit	200	1
a08-128-spread	spread	miss	404	521
a08-128-spread	spread	hit	200	1
a08-128-spread	spread	miss	404	445
a08-128-spread	spread	hit	200	1
a08-128-spread	spread	miss	404	457
a08-128-spread	spread	hit	200	2
a08-128-spread	spread	miss	404	609
a08-128-spread	spread	hit	200	1
a08-128-spread	spread	miss	404	550
a08-128-spread	spread	hit	200	2
a08-128-spread	spread	miss	404	545
a08-128-spread	spread	hit	200	1
a08-128-spread	spread	miss	404	575
a08-128-spread	spread	hit	200	1
a08-128-spread	spread	miss	404	512
a08-128-spread	spread	hit	200	6
a08-128-spread	spread	miss	404	401
a08-128-spread	spread	hit	200	2
a08-128-spread	spread	miss	404	510
a08-128-spread	spread	hit	200	26
a08-128-spread	spread	miss	404	389
a08-128-spread	spread	hit	200	1
a08-128-spread	spread	miss	404	536
a08-128-spread	spread	hit	200	1
a08-128-spread	spread	miss	404	471
a08-128-spread	spread	hit	200	2
a08-128-spread	spread	miss	404	352
a08-128-spread	spread	hit	200	4
a08-128-spread	spread	miss	404	466
a08-128-spread	spread	hit	200	1
a08-128-spread	spread	miss	404	613
a08-128-spread	spread	hit	200	1
a08-128-spread	spread	miss	404	376
a08-128-spread	spread	hit	200	2
a08-128-spread	spread	miss	404	515
a08-128-spread	spread	hit	200	2
a08-128-spread	spread	miss	404	518
a08-128-spread	spread	hit	200	2
a08-128-spread	spread	miss	404	492
a08-128-spread	spread	hit	200	1
a08-128-spread	spread	miss	404	479
a08-128-spread	spread	hit	200	2
a08-128-spread	spread	miss	404	335
a08-128-spread	spread	hit	200	1
a08-128-spread	spread	miss	404	478
a08-128-spread	spread	hit	200	1
a08-128-spread	spread	miss	404	332
a08-128-spread	spread	hit	200	3
a08-128-spread	spread	miss	404	292
a08-128-spread	spread	hit	200	2
a08-128-spread	spread	miss	404	194
a08-128-spread	spread	hit	200	2
a08-128-spread	spread	miss	404	304
a08-128-spread	spread	hit	200	1
a08-128-spread	spread	miss	404	312
a08-128-spread	spread	hit	200	2
a08-128-spread	spread	miss	404	495
a08-128-spread	spread	hit	200	2
a08-128-spread	spread	miss	404	468
a08-128-spread	spread	hit	200	1
a08-128-spread	spread	miss	404	417
a08-128-spread	spread	hit	200	1
a08-128-spread	spread	miss	404	468
a08-128-spread	spread	hit	200	1
a08-128-spread	spread	miss	404	467
a08-128-spread	spread	hit	200	1
a08-128-spread	spread	miss	404	490
a08-128-spread	spread	hit	200	1
a08-128-spread	spread	miss	404	398
a08-128-spread	spread	hit	200	2
a08-128-spread	spread	miss	404	480
a08-128-spread	spread	hit	200	2
a08-128-spread	spread	miss	404	484
a08-128-spread	spread	hit	200	2
a08-128-spread	spread	miss	404	205
a08-128-spread	spread	hit	200	1
a08-128-spread	spread	miss	404	602
a08-128-spread	spread	hit	200	1
a08-128-spread	spread	miss	404	993
a08-128-spread	spread	hit	200	1
a08-128-spread	spread	miss	404	618
a08-128-spread	spread	hit	200	1
a08-128-spread	spread	miss	404	560
a08-128-spread	spread	hit	200	2
a08-128-spread	spread	miss	404	651
a08-128-spread	spread	hit	200	4
a08-128-spread	spread	miss	404	420
a08-128-spread	spread	hit	200	1
a08-128-spread	spread	miss	404	465
a08-128-spread	spread	hit	200	1
a08-128-spread	spread	miss	404	609
a08-128-spread	spread	hit	200	1
a08-128-spread	spread	miss	404	511
a08-128-spread	spread	hit	200	2
a08-128-spread	spread	miss	404	513
a08-128-spread	spread	hit	200	1
a08-128-spread	spread	miss	404	337
a08-128-spread	spread	hit	200	2
a08-128-spread	spread	miss	404	347
a08-128-spread	spread	hit	200	25
a08-128-spread	spread	miss	404	434
a08-128-spread	spread	hit	200	1
a08-128-spread	spread	miss	404	588
a08-128-spread	spread	hit	200	2
a08-128-spread	spread	miss	404	435
a08-128-spread	spread	hit	200	2
a08-128-spread	spread	miss	404	446
a08-128-spread	spread	hit	200	1
a08-128-spread	spread	miss	404	481
a08-128-spread	spread	hit	200	11
a08-128-spread	spread	miss	404	590
a08-128-spread	spread	hit	200	5
a08-128-spread	spread	miss	404	426
a08-128-spread	spread	hit	200	1
a08-128-spread	spread	miss	404	444
a08-128-spread	spread	hit	200	1
a08-128-spread	spread	miss	404	416
a08-128-spread	spread	hit	200	1
a08-128-spread	spread	miss	404	424
a08-128-spread	spread	hit	200	1
a08-128-spread	spread	miss	404	459
a08-128-spread	spread	hit	200	5
a08-128-spread	spread	miss	404	458
a08-128-spread	spread	hit	200	2
a08-128-spread	spread	miss	404	443
a08-128-spread	spread	hit	200	1
a08-128-spread	spread	miss	404	613
a08-128-spread	spread	hit	200	1
a08-128-spread	spread	miss	404	423
a08-128-spread	spread	hit	200	2
a08-128-spread	spread	miss	404	416
a08-128-spread	spread	hit	200	2
a08-128-spread	spread	miss	404	414
a08-128-spread	spread	hit	200	1
a08-128-spread	spread	miss	404	527
a08-128-spread	spread	hit	200	2
a08-128-spread	spread	miss	404	441
a08-128-spread	spread	hit	200	1
a08-128-spread	spread	miss	404	484
a08-128-spread	spread	hit	200	2
a08-128-spread	spread	miss	404	581
a08-128-spread	spread	hit	200	5
a08-128-spread	spread	miss	404	358
a08-128-spread	spread	hit	200	2
a08-128-spread	spread	miss	404	420
a08-128-spread	spread	hit	200	2
a08-128-spread	spread	miss	404	455
a08-128-spread	spread	hit	200	1
a08-128-spread	spread	miss	404	589
a08-128-spread	spread	hit	200	1
a08-128-spread	spread	miss	404	475
a08-128-spread	spread	hit	200	2
a08-128-spread	spread	miss	404	514
a08-128-spread	spread	hit	200	1
a08-128-spread	spread	miss	404	692
a08-128-spread	spread	hit	200	2
a08-128-spread	spread	miss	404	568
a08-128-spread	spread	hit	200	2
a08-128-spread	spread	miss	404	189
a08-128-spread	spread	hit	200	3
a08-128-spread	spread	miss	404	433
a08-128-spread	spread	hit	200	5
a08-128-spread	spread	miss	404	402
a08-128-spread	spread	hit	200	1
a08-128-spread	spread	miss	404	534
a08-128-spread	spread	hit	200	1
a08-128-spread	spread	miss	404	381
a08-128-spread	spread	hit	200	1
a08-128-spread	spread	miss	404	857
a08-128-spread	spread	hit	200	1
a08-128-spread	spread	miss	404	512
a08-128-spread	spread	hit	200	1
a08-128-spread	spread	miss	404	511
a08-128-spread	spread	hit	200	2
a08-128-spread	spread	miss	404	461
a08-128-spread	spread	hit	200	1
a08-128-spread	spread	miss	404	375
a08-128-spread	spread	hit	200	1
a08-128-spread	spread	miss	404	316
a08-128-spread	spread	hit	200	16
a08-128-spread	spread	miss	404	672
a08-128-spread	spread	hit	200	1
a08-128-spread	spread	miss	404	178
a08-128-spread	spread	hit	200	1
a08-128-spread	spread	miss	404	514
a08-128-spread	spread	hit	200	2
a08-128-spread	spread	miss	404	458
a08-128-spread	spread	hit	200	2
a08-128-spread	spread	miss	404	395
a08-128-spread	spread	hit	200	1
a08-128-spread	spread	miss	404	339
a08-128-spread	spread	hit	200	1
a08-128-spread	spread	miss	404	499
a08-128-spread	spread	hit	200	1
a08-128-spread	spread	miss	404	453
a08-128-spread	spread	hit	200	1
a08-128-spread	spread	miss	404	443
a08-128-spread	spread	hit	200	1
a08-128-spread	spread	miss	404	407
a08-128-spread	spread	hit	200	2
a08-128-spread	spread	miss	404	421
a08-128-spread	spread	hit	200	1
a08-128-spread	spread	miss	404	578
a08-128-spread	spread	hit	200	2
a08-128-spread	spread	miss	404	555
a08-128-spread	spread	hit	200	8
a08-128-spread	spread	miss	404	467
a08-128-spread	spread	hit	200	1
a08-128-spread	spread	miss	404	545
a08-128-spread	spread	hit	200	2
a08-128-spread	spread	miss	404	581
a08-128-spread	spread	hit	200	1
a08-128-spread	spread	miss	404	178
a08-128-spread	spread	hit	200	1
a08-128-spread	spread	miss	404	370
a08-128-spread	spread	hit	200	2
a08-128-spread	spread	miss	404	388
a08-128-spread	spread	hit	200	6
a08-128-spread	spread	miss	404	532
a08-128-spread	spread	hit	200	1
a08-128-spread	spread	miss	404	566
a08-128-spread	spread	hit	200	3
a08-128-spread	spread	miss	404	349
a08-128-spread	spread	hit	200	1
a08-128-spread	spread	miss	404	479
a08-128-spread	spread	hit	200	1
a08-128-spread	spread	miss	404	448
a08-128-spread	spread	hit	200	1
a08-128-spread	spread	miss	404	515
a08-128-spread	spread	hit	200	1
a08-128-spread	spread	miss	404	612
a08-128-spread	spread	hit	200	1
a08-128-spread	spread	miss	404	174
a08-128-spread	spread	hit	200	2
a08-128-spread	spread	miss	404	461
a08-128-spread	spread	hit	200	3
a08-128-spread	spread	miss	404	549
a08-128-spread	spread	hit	200	2
a08-128-spread	spread	miss	404	514
a08-128-spread	spread	hit	200	2
a08-128-spread	spread	miss	404	600
a08-128-spread	spread	hit	200	2
a08-128-spread	spread	miss	404	363
a08-128-spread	spread	hit	200	1
a08-128-spread	spread	miss	404	440
a08-128-spread	spread	hit	200	3
a08-128-spread	spread	miss	404	541
a08-128-spread	spread	hit	200	1
a08-128-spread	spread	miss	404	559
a08-128-spread	spread	hit	200	1
a08-128-spread	spread	miss	404	216
a08-128-spread	spread	hit	200	2
a08-128-spread	spread	miss	404	590
a08-128-spread	spread	hit	200	1
a08-128-spread	spread	miss	404	411
a08-128-spread	spread	hit	200	2
a08-128-spread	spread	miss	404	497
a08-128-spread	spread	hit	200	1
a08-128-spread	spread	miss	404	437
a08-128-spread	spread	hit	200	16
a08-128-spread	spread	miss	404	554
a08-128-spread	spread	hit	200	1
a08-128-spread	spread	miss	404	645
a08-128-spread	spread	hit	200	1
a08-128-spread	spread	miss	404	583
a08-128-spread	spread	hit	200	1
a08-128-spread	spread	miss	404	572
a08-128-spread	spread	hit	200	1
a08-128-spread	spread	miss	404	428
a08-128-spread	spread	hit	200	4
a08-128-spread	spread	miss	404	467
a08-128-spread	spread	hit	200	2
a08-128-spread	spread	miss	404	406
a08-128-spread	spread	hit	200	3
a08-128-spread	spread	miss	404	541
a08-128-spread	spread	hit	200	4
a08-128-spread	spread	miss	404	466
a08-128-spread	spread	hit	200	2
a08-128-spread	spread	miss	404	447
a08-128-spread	spread	hit	200	1
a08-128-spread	spread	miss	404	376
a08-128-spread	spread	hit	200	1
a08-128-spread	spread	miss	404	512
a08-128-spread	spread	hit	200	4
a08-128-spread	spread	miss	404	620
a08-128-spread	spread	hit	200	1
a08-128-spread	spread	miss	404	538
a08-128-spread	spread	hit	200	1
a08-128-spread	spread	miss	404	437
a08-128-spread	spread	hit	200	2
a08-128-spread	spread	miss	404	434
a08-128-spread	spread	hit	200	2
a08-128-spread	spread	miss	404	411
a08-128-spread	spread	hit	200	1
a08-128-spread	spread	miss	404	699
a08-128-spread	spread	hit	200	1
a08-128-spread	spread	miss	404	412
a08-128-spread	spread	hit	200	3
a08-128-spread	spread	miss	404	558
a08-128-spread	spread	hit	200	1
a08-128-spread	spread	miss	404	550
a08-128-spread	spread	hit	200	2
a08-128-spread	spread	miss	404	534
a08-128-spread	spread	hit	200	6
a08-128-spread	spread	miss	404	478
a08-128-spread	spread	hit	200	1
a08-128-spread	spread	miss	404	939
a08-128-spread	spread	hit	200	1
a08-128-spread	spread	miss	404	554
a08-128-spread	spread	hit	200	2
a08-128-spread	spread	miss	404	482
a08-128-spread	spread	hit	200	4
a08-128-spread	spread	miss	404	509
a08-128-spread	spread	hit	200	2
a08-128-spread	spread	miss	404	358
a08-128-spread	spread	hit	200	1
a08-128-spread	spread	miss	404	473
a08-128-spread	spread	hit	200	4
a08-128-spread	spread	miss	404	498
a08-128-spread	spread	hit	200	1
a08-128-spread	spread	miss	404	555
a08-128-spread	spread	hit	200	2
a08-128-spread	spread	miss	404	489
a08-128-spread	spread	hit	200	6
a08-128-spread	spread	miss	404	597
a08-128-spread	spread	hit	200	1
a08-128-spread	spread	miss	404	472
a08-128-spread	spread	hit	200	2
a08-128-spread	spread	miss	404	147
a08-128-spread	spread	hit	200	3
a08-128-spread	spread	miss	404	503
a08-128-spread	spread	hit	200	2
a08-128-spread	spread	miss	404	378
a08-128-spread	spread	hit	200	1
a08-128-spread	spread	miss	404	340
a08-128-spread	spread	hit	200	1
a08-128-spread	spread	miss	404	388
a08-128-spread	spread	hit	200	1
a08-128-spread	spread	miss	404	445
a08-128-spread	spread	hit	200	2
a08-128-spread	spread	miss	404	575
a08-128-spread	spread	hit	200	2
a08-128-spread	spread	miss	404	416
a08-128-spread	spread	hit	200	3
a08-128-spread	spread	miss	404	383
a08-128-spread	spread	hit	200	1
a08-128-spread	spread	miss	404	470
a08-128-spread	spread	hit	200	2
a08-128-spread	spread	miss	404	516
a08-128-spread	spread	hit	200	2
a08-128-spread	spread	miss	404	399
a08-128-spread	spread	hit	200	2
a08-128-spread	spread	miss	404	405
a08-128-spread	spread	hit	200	2
a08-128-spread	spread	miss	404	443
a08-128-spread	spread	hit	200	1
a08-128-spread	spread	miss	404	551
a08-128-spread	spread	hit	200	1
a08-128-spread	spread	miss	404	427
a08-128-spread	spread	hit	200	1
a08-128-spread	spread	miss	404	471
a08-128-spread	spread	hit	200	1
a08-128-spread	spread	miss	404	416
a08-128-spread	spread	hit	200	1
a08-128-spread	spread	miss	404	667
a08-128-spread	spread	hit	200	1
a08-128-spread	spread	miss	404	400
a08-128-spread	spread	hit	200	1
a08-128-spread	spread	miss	404	411
a08-128-spread	spread	hit	200	1
a08-128-spread	spread	miss	404	388
a08-128-spread	spread	hit	200	4
a08-128-spread	spread	miss	404	565
a08-128-spread	spread	hit	200	5
a08-128-spread	spread	miss	404	433
a08-128-spread	spread	hit	200	2
a08-128-spread	spread	miss	404	459
a08-128-spread	spread	hit	200	1
a08-128-spread	spread	miss	404	382
a08-128-spread	spread	hit	200	1
a08-128-spread	spread	miss	404	439
a08-128-spread	spread	hit	200	2
a08-128-spread	spread	miss	404	406
a08-128-spread	spread	hit	200	1
a08-128-spread	spread	miss	404	448
a08-128-spread	spread	hit	200	1
a08-128-spread	spread	miss	404	350
a08-128-spread	spread	hit	200	1
a08-128-spread	spread	miss	404	485
a08-128-spread	spread	hit	200	1
a08-128-spread	spread	miss	404	560
a08-128-spread	spread	hit	200	2
a08-128-spread	spread	miss	404	503
a08-128-spread	spread	hit	200	1
a08-128-spread	spread	miss	404	526
a08-128-spread	spread	hit	200	1
a08-128-spread	spread	miss	404	566
a08-128-spread	spread	hit	200	2
a08-128-spread	spread	miss	404	537
a08-128-spread	spread	hit	200	2
a08-128-spread	spread	miss	404	561
a08-128-spread	spread	hit	200	1
a08-128-spread	spread	miss	404	623
a08-128-spread	spread	hit	200	11
a08-128-spread	spread	miss	404	550
a08-128-spread	spread	hit	200	2
a08-128-spread	spread	miss	404	498
a08-128-spread	spread	hit	200	1
a08-128-spread	spread	miss	404	549
a08-128-spread	spread	hit	200	1
a08-128-spread	spread	miss	404	457
a08-128-spread	spread	hit	200	1
a08-128-spread	spread	miss	404	505
a08-128-spread	spread	hit	200	5
a08-128-spread	spread	miss	404	437
a08-128-spread	spread	hit	200	1
a08-128-spread	spread	miss	404	337
a08-128-spread	spread	hit	200	1
a08-128-spread	spread	miss	404	128
a08-128-spread	spread	hit	200	11
a08-128-spread	spread	miss	404	462
a08-128-spread	spread	hit	200	2
a08-128-spread	spread	miss	404	464
a08-128-spread	spread	hit	200	2
a08-128-spread	spread	miss	404	731
a08-128-spread	spread	hit	200	1
a08-128-spread	spread	miss	404	517
a08-128-spread	spread	hit	200	1
a08-128-spread	spread	miss	404	422
a08-128-spread	spread	hit	200	2
a08-128-spread	spread	miss	404	468
a08-128-spread	spread	hit	200	1
a08-128-spread	spread	miss	404	260
a08-128-spread	spread	hit	200	1
a08-128-spread	spread	miss	404	358
a08-128-spread	spread	hit	200	1
a08-128-spread	spread	miss	404	469
a08-128-spread	spread	hit	200	1
a08-128-spread	spread	miss	404	502
a08-128-spread	spread	hit	200	1
a08-128-spread	spread	miss	404	483
a08-128-spread	spread	hit	200	1
a08-128-spread	spread	miss	404	326
a08-128-spread	spread	hit	200	2
a08-128-spread	spread	miss	404	474
a08-128-spread	spread	hit	200	1
a08-128-spread	spread	miss	404	416
a08-128-spread	spread	hit	200	1
a08-128-spread	spread	miss	404	515
a08-128-spread	spread	hit	200	3
a08-128-spread	spread	miss	404	462
a08-128-spread	spread	hit	200	1
a08-128-spread	spread	miss	404	450
a08-128-spread	spread	hit	200	1
a08-128-spread	spread	miss	404	456
a08-128-spread	spread	hit	200	1
a08-128-spread	spread	miss	404	393
a08-128-spread	spread	hit	200	1
a08-128-spread	spread	miss	404	447
a08-128-spread	spread	hit	200	3
a08-128-spread	spread	miss	404	347
a08-128-spread	spread	hit	200	1
a08-128-spread	spread	miss	404	428
a08-128-spread	spread	hit	200	2
a08-128-spread	spread	miss	404	132
a08-128-spread	spread	hit	200	2
a08-128-spread	spread	miss	404	493
a08-128-spread	spread	hit	200	2
a08-128-spread	spread	miss	404	408
a08-128-spread	spread	hit	200	1
a08-128-spread	spread	miss	404	452
a08-128-spread	spread	hit	200	2
a08-128-spread	spread	miss	404	824
a08-128-spread	spread	hit	200	3
a08-128-spread	spread	miss	404	673
a08-128-spread	spread	hit	200	1
a08-128-spread	spread	miss	404	532
a08-128-spread	spread	hit	200	1
a08-128-spread	spread	miss	404	563
a08-128-spread	spread	hit	200	1
a08-128-spread	spread	miss	404	597
a08-128-spread	spread	hit	200	1
a08-128-spread	spread	miss	404	515
a08-128-spread	spread	hit	200	5
a08-128-spread	spread	miss	404	526
a08-128-spread	spread	hit	200	2
a08-128-spread	spread	miss	404	465
a08-128-spread	spread	hit	200	4
a08-128-spread	spread	miss	404	561
a08-128-spread	spread	hit	200	1
a08-128-spread	spread	miss	404	409
a08-128-spread	spread	hit	200	3
a08-128-spread	spread	miss	404	187
a08-128-spread	spread	hit	200	1
a08-128-spread	spread	miss	404	548
a08-128-spread	spread	hit	200	1
a08-128-spread	spread	miss	404	439
a08-128-spread	spread	hit	200	5
a08-128-spread	spread	miss	404	439
a08-128-spread	spread	hit	200	13
a08-128-spread	spread	miss	404	464
a08-128-spread	spread	hit	200	1
a08-128-spread	spread	miss	404	422
a08-128-spread	spread	hit	200	1
a08-128-spread	spread	miss	404	486
a08-128-spread	spread	hit	200	2
a08-128-spread	spread	miss	404	423
a08-128-spread	spread	hit	200	2
a08-128-spread	spread	miss	404	445
a08-128-spread	spread	hit	200	1
a08-128-spread	spread	miss	404	504
a08-128-spread	spread	hit	200	1
a08-128-spread	spread	miss	404	415
a08-128-spread	spread	hit	200	5
a08-128-spread	spread	miss	404	479
a08-128-spread	spread	hit	200	6
a08-128-spread	spread	miss	404	526
a08-128-spread	spread	hit	200	1
a08-128-spread	spread	miss	404	483
a08-128-spread	spread	hit	200	1
a08-128-spread	spread	miss	404	482
a08-128-spread	spread	hit	200	2
a08-128-spread	spread	miss	404	484
a08-128-spread	spread	hit	200	1
a08-128-spread	spread	miss	404	476
a08-128-spread	spread	hit	200	1
a08-128-spread	spread	miss	404	529
a08-128-spread	spread	hit	200	2
a08-128-spread	spread	miss	404	567
a08-128-spread	spread	hit	200	1
a08-128-spread	spread	miss	404	388
a08-128-spread	spread	hit	200	2
a08-128-spread	spread	miss	404	482
a08-128-spread	spread	hit	200	1
a08-128-spread	spread	miss	404	481
a08-128-spread	spread	hit	200	1
a08-128-spread	spread	miss	404	485
a08-128-spread	spread	hit	200	8
a08-128-spread	spread	miss	404	467
a08-128-spread	spread	hit	200	1
a08-128-spread	spread	miss	404	420
a08-128-spread	spread	hit	200	1
a08-128-spread	spread	miss	404	366
a08-128-spread	spread	hit	200	1
a08-128-spread	spread	miss	404	402
a08-128-spread	spread	hit	200	1
a08-128-spread	spread	miss	404	472
a08-128-spread	spread	hit	200	3
a08-128-spread	spread	miss	404	540
a08-128-spread	spread	hit	200	1
a08-128-spread	spread	miss	404	547
a08-128-spread	spread	hit	200	1
a08-128-spread	spread	miss	404	516
a08-128-spread	spread	hit	200	2
a08-128-spread	spread	miss	404	501
a08-128-spread	spread	hit	200	2
a08-128-spread	spread	miss	404	540
a08-128-spread	spread	hit	200	2
a08-128-spread	spread	miss	404	522
a08-128-spread	spread	hit	200	1
a08-128-spread	spread	miss	404	479
a08-128-spread	spread	hit	200	1
a08-128-spread	spread	miss	404	680
a08-128-spread	spread	hit	200	2
a08-128-spread	spread	miss	404	495
a08-128-spread	spread	hit	200	1
a08-128-spread	spread	miss	404	489
a08-128-spread	spread	hit	200	5
a08-128-spread	spread	miss	404	454
a08-128-spread	spread	hit	200	1
a08-128-spread	spread	miss	404	546
a08-128-spread	spread	hit	200	6
a08-128-spread	spread	miss	404	447
a08-128-spread	spread	hit	200	1
a08-128-spread	spread	miss	404	420
a08-128-spread	spread	hit	200	1
a08-128-spread	spread	miss	404	292
a08-128-spread	spread	hit	200	1
a08-128-spread	spread	miss	404	359
a08-128-spread	spread	hit	200	20
a08-128-spread	spread	miss	404	466
a08-128-spread	spread	hit	200	1
a08-128-spread	spread	miss	404	457
a08-128-spread	spread	hit	200	2
a08-128-spread	spread	miss	404	368
a08-128-spread	spread	hit	200	2
a08-128-spread	spread	miss	404	391
a08-128-spread	spread	hit	200	1
a08-128-spread	spread	miss	404	397
a08-128-spread	spread	hit	200	3
a08-128-spread	spread	miss	404	480
a08-128-spread	spread	hit	200	1
a08-128-spread	spread	miss	404	575
a08-128-spread	spread	hit	200	1
a08-128-spread	spread	miss	404	476
a08-128-spread	spread	hit	200	1
a08-128-spread	spread	miss	404	423
a08-128-spread	spread	hit	200	2
a08-128-spread	spread	miss	404	397
a08-128-spread	spread	hit	200	1
a08-128-spread	spread	miss	404	181
a08-128-spread	spread	hit	200	1
a08-128-spread	spread	miss	404	513
a08-128-spread	spread	hit	200	4
a08-128-spread	spread	miss	404	150
a08-128-spread	spread	hit	200	5
a08-128-spread	spread	miss	404	524
a08-128-spread	spread	hit	200	1
a08-128-spread	spread	miss	404	415
a08-128-spread	spread	hit	200	1
a08-128-spread	spread	miss	404	182
a08-128-spread	spread	hit	200	2
a08-128-spread	spread	miss	404	505
a08-128-spread	spread	hit	200	2
a08-128-spread	spread	miss	404	677
a08-128-spread	spread	hit	200	1
a08-128-spread	spread	miss	404	392
a08-128-spread	spread	hit	200	1
a08-128-spread	spread	miss	404	461
a08-128-spread	spread	hit	200	1
a08-128-spread	spread	miss	404	485
a08-128-spread	spread	hit	200	3
a08-128-spread	spread	miss	404	506
a08-128-spread	spread	hit	200	1
a08-128-spread	spread	miss	404	335
a08-128-spread	spread	hit	200	4
a08-128-spread	spread	miss	404	195
a08-128-spread	spread	hit	200	2
a08-128-spread	spread	miss	404	545
a08-128-spread	spread	hit	200	2
a08-128-spread	spread	miss	404	397
a08-128-spread	spread	hit	200	5
a08-128-spread	spread	miss	404	574
a08-128-spread	spread	hit	200	1
a08-128-spread	spread	miss	404	529
a08-128-spread	spread	hit	200	13
a08-128-spread	spread	miss	404	966
a08-128-spread	spread	hit	200	4
a08-128-spread	spread	miss	404	467
a08-128-spread	spread	hit	200	3
a08-128-spread	spread	miss	404	590
a08-128-spread	spread	hit	200	1
a08-128-spread	spread	miss	404	626
a08-128-spread	spread	hit	200	1
a08-128-spread	spread	miss	404	563
a08-128-spread	spread	hit	200	2
a08-128-spread	spread	miss	404	467
a08-128-spread	spread	hit	200	3
a08-128-spread	spread	miss	404	439
a08-128-spread	spread	hit	200	1
a08-128-spread	spread	miss	404	505
a08-128-spread	spread	hit	200	1
a08-128-spread	spread	miss	404	475
a08-128-spread	spread	hit	200	4
a08-128-spread	spread	miss	404	398
a08-128-spread	spread	hit	200	1
a08-128-spread	spread	miss	404	461
a08-128-spread	spread	hit	200	3
a08-128-spread	spread	miss	404	352
a08-128-spread	spread	hit	200	3
a08-128-spread	spread	miss	404	534
a08-128-spread	spread	hit	200	1
a08-128-spread	spread	miss	404	424
a08-128-spread	spread	hit	200	2
a08-128-spread	spread	miss	404	369
a08-128-spread	spread	hit	200	1
a08-128-spread	spread	miss	404	515
a08-128-spread	spread	hit	200	1
a08-128-spread	spread	miss	404	355
a08-128-spread	spread	hit	200	1
a08-128-spread	spread	miss	404	323
a08-128-spread	spread	hit	200	1
a08-128-spread	spread	miss	404	465
a08-128-spread	spread	hit	200	2
a08-128-spread	spread	miss	404	388
a08-128-spread	spread	hit	200	1
a08-128-spread	spread	miss	404	348
a08-128-spread	spread	hit	200	1
a08-128-spread	spread	miss	404	237
a08-128-spread	spread	hit	200	1
a08-128-spread	spread	miss	404	366
a08-128-spread	spread	hit	200	2
a08-128-spread	spread	miss	404	334
a08-128-spread	spread	hit	200	3
a08-128-spread	spread	miss	404	423
a08-128-spread	spread	hit	200	2
a08-128-spread	spread	miss	404	450
a08-128-spread	spread	hit	200	3
a08-128-spread	spread	miss	404	169
a08-128-spread	spread	hit	200	1
a08-128-spread	spread	miss	404	443
a08-128-spread	spread	hit	200	1
a08-128-spread	spread	miss	404	443
a08-128-spread	spread	hit	200	2
a08-128-spread	spread	miss	404	504
a08-128-spread	spread	hit	200	1
a08-128-spread	spread	miss	404	542
a08-128-spread	spread	hit	200	1
a08-128-spread	spread	miss	404	411
a08-128-spread	spread	hit	200	1
a08-128-spread	spread	miss	404	448
a08-128-spread	spread	hit	200	2
a08-128-spread	spread	miss	404	236
a08-128-spread	spread	hit	200	1
a08-128-spread	spread	miss	404	501
a08-128-spread	spread	hit	200	1
a08-128-spread	spread	miss	404	573
a08-128-spread	spread	hit	200	1
a08-128-spread	spread	miss	404	446
a08-128-spread	spread	hit	200	1
a08-128-spread	spread	miss	404	465
a08-128-spread	spread	hit	200	4
a08-128-spread	spread	miss	404	633
a08-128-spread	spread	hit	200	3
a08-128-spread	spread	miss	404	476
a08-128-spread	spread	hit	200	1
a08-128-spread	spread	miss	404	513
a08-128-spread	spread	hit	200	1
a08-128-spread	spread	miss	404	586
a08-128-spread	spread	hit	200	2
a08-128-spread	spread	miss	404	473
a08-128-spread	spread	hit	200	3
a08-128-spread	spread	miss	404	538
a08-128-spread	spread	hit	200	1
a08-128-spread	spread	miss	404	581
a08-128-spread	spread	hit	200	1
a08-128-spread	spread	miss	404	575
a08-128-spread	spread	hit	200	2
a08-128-spread	spread	miss	404	189
a08-128-spread	spread	hit	200	1
a08-128-spread	spread	miss	404	453
a08-128-spread	spread	hit	200	1
a08-128-spread	spread	miss	404	513
a08-128-spread	spread	hit	200	1
a08-128-spread	spread	miss	404	524
a08-128-spread	spread	hit	200	2
a08-128-spread	spread	miss	404	520
a08-128-spread	spread	hit	200	2
a08-128-spread	spread	miss	404	545
a08-128-spread	spread	hit	200	5
a08-128-spread	spread	miss	404	458
a08-128-spread	spread	hit	200	4
a08-128-spread	spread	miss	404	414
a08-128-spread	spread	hit	200	3
a08-128-spread	spread	miss	404	487
a08-128-spread	spread	hit	200	2
a08-128-spread	spread	miss	404	482
a08-128-spread	spread	hit	200	1
a08-128-spread	spread	miss	404	467
a08-128-spread	spread	hit	200	12
a08-128-spread	spread	miss	404	402
a08-128-spread	spread	hit	200	2
a08-128-spread	spread	miss	404	435
a08-128-spread	spread	hit	200	8
a08-128-spread	spread	miss	404	381
a08-128-spread	spread	hit	200	2
a08-128-spread	spread	miss	404	181
a08-128-spread	spread	hit	200	2
a08-128-spread	spread	miss	404	178
a08-128-spread	spread	hit	200	4
a08-128-spread	spread	miss	404	472
a08-128-spread	spread	hit	200	1
a08-128-spread	spread	miss	404	405
a08-128-spread	spread	hit	200	1
a08-128-spread	spread	miss	404	654
a08-128-spread	spread	hit	200	1
a08-128-spread	spread	miss	404	157
a08-128-spread	spread	hit	200	1
a08-128-spread	spread	miss	404	239
a08-128-spread	spread	hit	200	2
a08-128-spread	spread	miss	404	616
a08-128-spread	spread	hit	200	1
a08-128-spread	spread	miss	404	559
a08-128-spread	spread	hit	200	2
a08-128-spread	spread	miss	404	626
a08-128-spread	spread	hit	200	1
a08-128-spread	spread	miss	404	376
a08-128-spread	spread	hit	200	1
a08-128-spread	spread	miss	404	539
a08-128-spread	spread	hit	200	1
a08-128-spread	spread	miss	404	456
a08-128-spread	spread	hit	200	1
a08-128-spread	spread	miss	404	487
a08-128-spread	spread	hit	200	1
a08-128-spread	spread	miss	404	463
a08-128-spread	spread	hit	200	1
a08-128-spread	spread	miss	404	560
a08-128-spread	spread	hit	200	1
a08-128-spread	spread	miss	404	466
a08-128-spread	spread	hit	200	1
a08-128-spread	spread	miss	404	174
a08-128-spread	spread	hit	200	2
a08-128-spread	spread	miss	404	479
a08-128-spread	spread	hit	200	2
a08-128-spread	spread	miss	404	443
a08-128-spread	spread	hit	200	2
a08-128-spread	spread	miss	404	483
a08-128-spread	spread	hit	200	1
a08-128-spread	spread	miss	404	603
a08-128-spread	spread	hit	200	1
a08-128-spread	spread	miss	404	568
a08-128-spread	spread	hit	200	4
a08-128-spread	spread	miss	404	564
a08-128-spread	spread	hit	200	2
a08-128-spread	spread	miss	404	485
a08-128-spread	spread	hit	200	1
a08-128-spread	spread	miss	404	546
a08-128-spread	spread	hit	200	2
a08-128-spread	spread	miss	404	503
a08-128-spread	spread	hit	200	2
a08-128-spread	spread	miss	404	601
a08-128-spread	spread	hit	200	2
a08-128-spread	spread	miss	404	534
a08-128-spread	spread	hit	200	2
a08-128-spread	spread	miss	404	502
a08-128-spread	spread	hit	200	2
a08-128-spread	spread	miss	404	483
a08-128-spread	spread	hit	200	1
a08-128-spread	spread	miss	404	378
a08-128-spread	spread	hit	200	6
a08-128-spread	spread	miss	404	472
a08-128-spread	spread	hit	200	2
a08-128-spread	spread	miss	404	446
a08-128-spread	spread	hit	200	3
a08-128-spread	spread	miss	404	355
a08-128-spread	spread	hit	200	2
a08-128-spread	spread	miss	404	441
a08-128-spread	spread	hit	200	5
a08-128-spread	spread	miss	404	432
a08-128-spread	spread	hit	200	1
a08-128-spread	spread	miss	404	533
a08-128-spread	spread	hit	200	2
a08-128-spread	spread	miss	404	414
a08-128-spread	spread	hit	200	1
a08-128-spread	spread	miss	404	401
a08-128-spread	spread	hit	200	2
a08-128-spread	spread	miss	404	696
a08-128-spread	spread	hit	200	2
a08-128-spread	spread	miss	404	487
a08-128-spread	spread	hit	200	1
a08-128-spread	spread	miss	404	408
a08-128-spread	spread	hit	200	1
a08-128-spread	spread	miss	404	487
a08-128-spread	spread	hit	200	5
a08-128-spread	spread	miss	404	365
a08-128-spread	spread	hit	200	2
a08-128-spread	spread	miss	404	426
a08-128-spread	spread	hit	200	3
a08-128-spread	spread	miss	404	501
a08-128-spread	spread	hit	200	1
a08-128-spread	spread	miss	404	295
a08-128-spread	spread	hit	200	1
a08-128-spread	spread	miss	404	440
a08-128-spread	spread	hit	200	1
a08-128-spread	spread	miss	404	534
a08-128-spread	spread	hit	200	2
a08-128-spread	spread	miss	404	415
a08-128-spread	spread	hit	200	2
a08-128-spread	spread	miss	404	509
a08-128-spread	spread	hit	200	1
a08-128-spread	spread	miss	404	391
a08-128-spread	spread	hit	200	2
a08-128-spread	spread	miss	404	363
a08-128-spread	spread	hit	200	1
a08-128-spread	spread	miss	404	527
a08-128-spread	spread	hit	200	2
a08-128-spread	spread	miss	404	523
a08-128-spread	spread	hit	200	2
a08-128-spread	spread	miss	404	406
a08-128-spread	spread	hit	200	1
a08-128-spread	spread	miss	404	426
a08-128-spread	spread	hit	200	1
a08-128-spread	spread	miss	404	480
a08-128-spread	spread	hit	200	3
a08-128-spread	spread	miss	404	484
a08-128-spread	spread	hit	200	1
a08-128-spread	spread	miss	404	526
a08-128-spread	spread	hit	200	1
a08-128-spread	spread	miss	404	583
a08-128-spread	spread	hit	200	5
a08-128-spread	spread	miss	404	184
a08-128-spread	spread	hit	200	2
a08-128-spread	spread	miss	404	461
a08-128-spread	spread	hit	200	2
a08-128-spread	spread	miss	404	529
a08-128-spread	spread	hit	200	4
a08-128-spread	spread	miss	404	444
a08-128-spread	spread	hit	200	3
a08-128-spread	spread	miss	404	515
a08-128-spread	spread	hit	200	2
a08-128-spread	spread	miss	404	629
a08-128-spread	spread	hit	200	1
a08-128-spread	spread	miss	404	258
a08-128-spread	spread	hit	200	2
a08-128-spread	spread	miss	404	412
a08-128-spread	spread	hit	200	1
a08-128-spread	spread	miss	404	347
a08-128-spread	spread	hit	200	2
a08-128-spread	spread	miss	404	414
a08-128-spread	spread	hit	200	10
a08-128-spread	spread	miss	404	523
a08-128-spread	spread	hit	200	3
a08-128-spread	spread	miss	404	406
a08-128-spread	spread	hit	200	1
a08-128-spread	spread	miss	404	335
a08-128-spread	spread	hit	200	1
a08-128-spread	spread	miss	404	363
a08-128-spread	spread	hit	200	1
a08-128-spread	spread	miss	404	487
a08-128-spread	spread	hit	200	1
a08-128-spread	spread	miss	404	443
a08-128-spread	spread	hit	200	1
a08-128-spread	spread	miss	404	475
a08-128-spread	spread	hit	200	1
a08-128-spread	spread	miss	404	512
a08-128-spread	spread	hit	200	1
a08-128-spread	spread	miss	404	464
a08-128-spread	spread	hit	200	5
a08-128-spread	spread	miss	404	503
a08-128-spread	spread	hit	200	1
a08-128-spread	spread	miss	404	443
a08-128-spread	spread	hit	200	1
a08-128-spread	spread	miss	404	374
a08-128-spread	spread	hit	200	2
a08-128-spread	spread	miss	404	531
a08-128-spread	spread	hit	200	1
a08-128-spread	spread	miss	404	351
a08-128-spread	spread	hit	200	1
a08-128-spread	spread	miss	404	495
a08-128-spread	spread	hit	200	1
a08-128-spread	spread	miss	404	561
a08-128-spread	spread	hit	200	1
a08-128-spread	spread	miss	404	432
a08-128-spread	spread	hit	200	1
a08-128-spread	spread	miss	404	154
a08-128-spread	spread	hit	200	5
a08-128-spread	spread	miss	404	379
a08-128-spread	spread	hit	200	1
a08-128-spread	spread	miss	404	397
a08-128-spread	spread	hit	200	1
a08-128-spread	spread	miss	404	373
a08-128-spread	spread	hit	200	4
a08-128-spread	spread	miss	404	371
a08-128-spread	spread	hit	200	2
a08-128-spread	spread	miss	404	441
a08-128-spread	spread	hit	200	1
a08-128-spread	spread	miss	404	411
a08-128-spread	spread	hit	200	2
a08-128-spread	spread	miss	404	475
a08-128-spread	spread	hit	200	1
a08-128-spread	spread	miss	404	501
a08-128-spread	spread	hit	200	1
a08-128-spread	spread	miss	404	477
a08-128-spread	spread	hit	200	1
a08-128-spread	spread	miss	404	482
a08-128-spread	spread	hit	200	2
a08-128-spread	spread	miss	404	470
a08-128-spread	spread	hit	200	1
a08-128-spread	spread	miss	404	176
a08-128-spread	spread	hit	200	2
a08-128-spread	spread	miss	404	535
a08-128-spread	spread	hit	200	5
a08-128-spread	spread	miss	404	581
a08-128-spread	spread	hit	200	2
a08-128-spread	spread	miss	404	496
a08-128-spread	spread	hit	200	2
a08-128-spread	spread	miss	404	161
a08-128-spread	spread	hit	200	2
a08-128-spread	spread	miss	404	608
a08-128-spread	spread	hit	200	3
a08-128-spread	spread	miss	404	516
a08-128-spread	spread	hit	200	7
a08-128-spread	spread	miss	404	502
a08-128-spread	spread	hit	200	2
a08-128-spread	spread	miss	404	585
a08-128-spread	spread	hit	200	1
a08-128-spread	spread	miss	404	476
a08-128-spread	spread	hit	200	3
a08-128-spread	spread	miss	404	508
a08-128-spread	spread	hit	200	13
a08-128-spread	spread	miss	404	510
a08-128-spread	spread	hit	200	3
a08-128-spread	spread	miss	404	420
a08-128-spread	spread	hit	200	3
a08-128-spread	spread	miss	404	406
a08-128-spread	spread	hit	200	3
a08-128-spread	spread	miss	404	322
a08-128-spread	spread	hit	200	2
a08-128-spread	spread	miss	404	471
a08-128-spread	spread	hit	200	1
a08-128-spread	spread	miss	404	530
a08-128-spread	spread	hit	200	3
a08-128-spread	spread	miss	404	427
a08-128-spread	spread	hit	200	2
a08-128-spread	spread	miss	404	466
a08-128-spread	spread	hit	200	1
a08-128-spread	spread	miss	404	472
a08-128-spread	spread	hit	200	2
a08-128-spread	spread	miss	404	440
a08-128-spread	spread	hit	200	2
a08-128-spread	spread	miss	404	446
a08-128-spread	spread	hit	200	1
a08-128-spread	spread	miss	404	566
a08-128-spread	spread	hit	200	2
a08-128-spread	spread	miss	404	451
a08-128-spread	spread	hit	200	1
a08-128-spread	spread	miss	404	633
a08-128-spread	spread	hit	200	1
a08-128-spread	spread	miss	404	440
a08-128-spread	spread	hit	200	11
a08-128-spread	spread	miss	404	423
a08-128-spread	spread	hit	200	1
a08-128-spread	spread	miss	404	463
a08-128-spread	spread	hit	200	1
a08-128-spread	spread	miss	404	207
a08-128-spread	spread	hit	200	3
a08-128-spread	spread	miss	404	439
a08-128-spread	spread	hit	200	1
a08-128-spread	spread	miss	404	502
a08-128-spread	spread	hit	200	2
a08-128-spread	spread	miss	404	517
a08-128-spread	spread	hit	200	7
a08-128-spread	spread	miss	404	488
a08-128-spread	spread	hit	200	1
a08-128-spread	spread	miss	404	420
a08-128-spread	spread	hit	200	1
a08-128-spread	spread	miss	404	433
a08-128-spread	spread	hit	200	1
a08-128-spread	spread	miss	404	473
a08-128-spread	spread	hit	200	2
a08-128-spread	spread	miss	404	435
a08-128-spread	spread	hit	200	1
a08-128-spread	spread	miss	404	541
a08-128-spread	spread	hit	200	2
a08-128-spread	spread	miss	404	202
a08-128-spread	spread	hit	200	2
a08-128-spread	spread	miss	404	491
a08-128-spread	spread	hit	200	4
a08-128-spread	spread	miss	404	565
a08-128-spread	spread	hit	200	1
a08-128-spread	spread	miss	404	529
a08-128-spread	spread	hit	200	1
a08-128-spread	spread	miss	404	499
a08-128-spread	spread	hit	200	1
a08-128-spread	spread	miss	404	647
a08-128-spread	spread	hit	200	2
a08-128-spread	spread	miss	404	529
a08-128-spread	spread	hit	200	1
a08-128-spread	spread	miss	404	466
a08-128-spread	spread	hit	200	1
a08-128-spread	spread	miss	404	669
a08-128-spread	spread	hit	200	1
a08-128-spread	spread	miss	404	485
a08-128-spread	spread	hit	200	3
a08-128-spread	spread	miss	404	174
a08-128-spread	spread	hit	200	1
a08-128-spread	spread	miss	404	492
a08-128-spread	spread	hit	200	1
a08-128-spread	spread	miss	404	461
a08-128-spread	spread	hit	200	6
a08-128-spread	spread	miss	404	449
a08-128-spread	spread	hit	200	2
a08-128-spread	spread	miss	404	429
a08-128-spread	spread	hit	200	2
a08-128-spread	spread	miss	404	425
a08-128-spread	spread	hit	200	2
a08-128-spread	spread	miss	404	360
a08-128-spread	spread	hit	200	1
a08-128-spread	spread	miss	404	552
a08-128-spread	spread	hit	200	1
a08-128-spread	spread	miss	404	410
a08-128-spread	spread	hit	200	1
a08-128-spread	spread	miss	404	637
a08-128-spread	spread	hit	200	1
a08-128-spread	spread	miss	404	558
a08-128-spread	spread	hit	200	1
a08-128-spread	spread	miss	404	384
a08-128-spread	spread	hit	200	6
a08-128-spread	spread	miss	404	558
a08-128-spread	spread	hit	200	1
a08-128-spread	spread	miss	404	426
a08-128-spread	spread	hit	200	1
a08-128-spread	spread	miss	404	457
a08-128-spread	spread	hit	200	2
a08-128-spread	spread	miss	404	470
a08-128-spread	spread	hit	200	1
a08-128-spread	spread	miss	404	452
a08-128-spread	spread	hit	200	2
a08-128-spread	spread	miss	404	390
a08-128-spread	spread	hit	200	1
a08-128-spread	spread	miss	404	455
a08-128-spread	spread	hit	200	1
a08-128-spread	spread	miss	404	501
a08-128-spread	spread	hit	200	2
a08-128-spread	spread	miss	404	477
a08-128-spread	spread	hit	200	1
a08-128-spread	spread	miss	404	515
a08-128-spread	spread	hit	200	1
a08-128-spread	spread	miss	404	465
a08-128-spread	spread	hit	200	2
a08-128-spread	spread	miss	404	384
a08-128-spread	spread	hit	200	2
a08-128-spread	spread	miss	404	459
a08-128-spread	spread	hit	200	1
a08-128-spread	spread	miss	404	485
a08-128-spread	spread	hit	200	2
a08-128-spread	spread	miss	404	596
a08-128-spread	spread	hit	200	1
a08-128-spread	spread	miss	404	470
a08-128-spread	spread	hit	200	7
a08-128-spread	spread	miss	404	478
a08-128-spread	spread	hit	200	2
a08-128-spread	spread	miss	404	558
a08-128-spread	spread	hit	200	1
a08-128-spread	spread	miss	404	451
a08-128-spread	spread	hit	200	2
a08-128-spread	spread	miss	404	657
a08-128-spread	spread	hit	200	1
a08-128-spread	spread	miss	404	364
a08-128-spread	spread	hit	200	3
a08-128-spread	spread	miss	404	484
a08-128-spread	spread	hit	200	5
a08-128-spread	spread	miss	404	486
a08-128-spread	spread	hit	200	6
a08-128-spread	spread	miss	404	483
a08-128-spread	spread	hit	200	3
a08-128-spread	spread	miss	404	189
a08-128-spread	spread	hit	200	2
a08-128-spread	spread	miss	404	589
a08-128-spread	spread	hit	200	1
a08-128-spread	spread	miss	404	483
a08-128-spread	spread	hit	200	1
a08-128-spread	spread	miss	404	572
a08-128-spread	spread	hit	200	1
a08-128-spread	spread	miss	404	571
a08-128-spread	spread	hit	200	1
a08-128-spread	spread	miss	404	480
a08-128-spread	spread	hit	200	1
a08-128-spread	spread	miss	404	308
a08-128-spread	spread	hit	200	6
a08-128-spread	spread	miss	404	351
a08-128-spread	spread	hit	200	1
a08-128-spread	spread	miss	404	452
a08-128-spread	spread	hit	200	2
a08-128-spread	spread	miss	404	338
a08-128-spread	spread	hit	200	1
a08-128-spread	spread	miss	404	429
a08-128-spread	spread	hit	200	1
a08-128-spread	spread	miss	404	429
a08-128-spread	spread	hit	200	1
a08-128-spread	spread	miss	404	485
a08-128-spread	spread	hit	200	1
a08-128-spread	spread	miss	404	515
a08-128-spread	spread	hit	200	2
a08-128-spread	spread	miss	404	241
a08-128-spread	spread	hit	200	1
a08-128-spread	spread	miss	404	376
a08-128-spread	spread	hit	200	1
a08-128-spread	spread	miss	404	484
a08-128-spread	spread	hit	200	2
a08-128-spread	spread	miss	404	476
a08-128-spread	spread	hit	200	1
a08-128-spread	spread	miss	404	344
a08-128-spread	spread	hit	200	2
a08-128-spread	spread	miss	404	479
a08-128-spread	spread	hit	200	1
a08-128-spread	spread	miss	404	515
a08-128-spread	spread	hit	200	1
a08-128-spread	spread	miss	404	395
a08-128-spread	spread	hit	200	1
a08-128-spread	spread	miss	404	669
a08-128-spread	spread	hit	200	12
a08-128-spread	spread	miss	404	498
a08-128-spread	spread	hit	200	3
a08-128-spread	spread	miss	404	448
a08-128-spread	spread	hit	200	1
a08-128-spread	spread	miss	404	526
a08-128-spread	spread	hit	200	3
a08-128-spread	spread	miss	404	513
a08-128-spread	spread	hit	200	1
a08-128-spread	spread	miss	404	501
a08-128-spread	spread	hit	200	1
a08-128-spread	spread	miss	404	474
a08-128-spread	spread	hit	200	1
a08-128-spread	spread	miss	404	447
a08-128-spread	spread	hit	200	1
a08-128-spread	spread	miss	404	481
a08-128-spread	spread	hit	200	2
a08-128-spread	spread	miss	404	522
a08-128-spread	spread	hit	200	1
a08-128-spread	spread	miss	404	436
a08-128-spread	spread	hit	200	3
a08-128-spread	spread	miss	404	576
a08-128-spread	spread	hit	200	1
a08-128-spread	spread	miss	404	519
a08-128-spread	spread	hit	200	5
a08-128-spread	spread	miss	404	634
a08-128-spread	spread	hit	200	1
a08-128-spread	spread	miss	404	607
a08-128-spread	spread	hit	200	7
a08-128-spread	spread	miss	404	765
a08-128-spread	spread	hit	200	4
a08-128-spread	spread	miss	404	531
a08-128-spread	spread	hit	200	3
a08-128-spread	spread	miss	404	361
a08-128-spread	spread	hit	200	4
a08-128-spread	spread	miss	404	580
a08-128-spread	spread	hit	200	1
a08-128-spread	spread	miss	404	507
a08-128-spread	spread	hit	200	1
a08-128-spread	spread	miss	404	493
a08-128-spread	spread	hit	200	6
a08-128-spread	spread	miss	404	424
a08-128-spread	spread	hit	200	1
a08-128-spread	spread	miss	404	502
a08-128-spread	spread	hit	200	1
a08-128-spread	spread	miss	404	145
a08-128-spread	spread	hit	200	1
a08-128-spread	spread	miss	404	508
a08-128-spread	spread	hit	200	9
a08-128-spread	spread	miss	404	511
a08-128-spread	spread	hit	200	3
a08-128-spread	spread	miss	404	410
a08-128-spread	spread	hit	200	1
a08-128-spread	spread	miss	404	337
a08-128-spread	spread	hit	200	1
a08-128-spread	spread	miss	404	485
a08-128-spread	spread	hit	200	1
a08-128-spread	spread	miss	404	440
a08-128-spread	spread	hit	200	1
a08-128-spread	spread	miss	404	220
a08-128-spread	spread	hit	200	2
a08-128-spread	spread	miss	404	422
a08-128-spread	spread	hit	200	1
a08-128-spread	spread	miss	404	590
a08-128-spread	spread	hit	200	1
a08-128-spread	spread	miss	404	518
a08-128-spread	spread	hit	200	1
a08-128-spread	spread	miss	404	186
a08-128-spread	spread	hit	200	1
a08-128-spread	spread	miss	404	393
a08-128-spread	spread	hit	200	1
a08-128-spread	spread	miss	404	455
a08-128-spread	spread	hit	200	1
a08-128-spread	spread	miss	404	494
a08-128-spread	spread	hit	200	1
a08-128-spread	spread	miss	404	139
a08-128-spread	spread	hit	200	1
a08-128-spread	spread	miss	404	397
a08-128-spread	spread	hit	200	1
a08-128-spread	spread	miss	404	391
a08-128-spread	spread	hit	200	1
a08-128-spread	spread	miss	404	532
a08-128-spread	spread	hit	200	1
a08-128-spread	spread	miss	404	467
a08-128-spread	spread	hit	200	1
a08-128-spread	spread	miss	404	389
a08-128-spread	spread	hit	200	1
a08-128-spread	spread	miss	404	385
a08-128-spread	spread	hit	200	1
a08-128-spread	spread	miss	404	606
a08-128-spread	spread	hit	200	1
a08-128-spread	spread	miss	404	494
a08-128-spread	spread	hit	200	4
a08-128-spread	spread	miss	404	449
a08-128-spread	spread	hit	200	2
a08-128-spread	spread	miss	404	487
a08-128-spread	spread	hit	200	1
a08-128-spread	spread	miss	404	879
a08-128-spread	spread	hit	200	3
a08-128-spread	spread	miss	404	454
a08-128-spread	spread	hit	200	1
a08-128-spread	spread	miss	404	538
a08-128-spread	spread	hit	200	3
a08-128-spread	spread	miss	404	453
a08-128-spread	spread	hit	200	2
a08-128-spread	spread	miss	404	612
a08-128-spread	spread	hit	200	1
a08-128-spread	spread	miss	404	535
a08-128-spread	spread	hit	200	2
a08-128-spread	spread	miss	404	512
a08-128-spread	spread	hit	200	3
a08-128-spread	spread	miss	404	558
a08-128-spread	spread	hit	200	2
a08-128-spread	spread	miss	404	548
a08-128-spread	spread	hit	200	8
a08-128-spread	spread	miss	404	445
a08-128-spread	spread	hit	200	1
a08-128-spread	spread	miss	404	475
a08-128-spread	spread	hit	200	1
a08-128-spread	spread	miss	404	530
a08-128-spread	spread	hit	200	2
a08-128-spread	spread	miss	404	597
a08-128-spread	spread	hit	200	2
a08-128-spread	spread	miss	404	327
a08-128-spread	spread	hit	200	1
a08-128-spread	spread	miss	404	499
a08-128-spread	spread	hit	200	1
a08-128-spread	spread	miss	404	526
a08-128-spread	spread	hit	200	18
a08-128-spread	spread	miss	404	442
a08-128-spread	spread	hit	200	2
a08-128-spread	spread	miss	404	544
a08-128-spread	spread	hit	200	2
a08-128-spread	spread	miss	404	483
a08-128-spread	spread	hit	200	1
a08-128-spread	spread	miss	404	404
a08-128-spread	spread	hit	200	1
a08-128-spread	spread	miss	404	457
a08-128-spread	spread	hit	200	1
a08-128-spread	spread	miss	404	441
a08-128-spread	spread	hit	200	3
a08-128-spread	spread	miss	404	519
a08-128-spread	spread	hit	200	2
a08-128-spread	spread	miss	404	457
a08-128-spread	spread	hit	200	7
a08-128-spread	spread	miss	404	209
a08-128-spread	spread	hit	200	1
a08-128-spread	spread	miss	404	377
a08-128-spread	spread	hit	200	3
a08-128-spread	spread	miss	404	396
a08-128-spread	spread	hit	200	2
a08-128-spread	spread	miss	404	390
a08-128-spread	spread	hit	200	1
a08-128-spread	spread	miss	404	565
a08-128-spread	spread	hit	200	1
a08-128-spread	spread	miss	404	358
a08-128-spread	spread	hit	200	2
a08-128-spread	spread	miss	404	645
a08-128-spread	spread	hit	200	1
a08-128-spread	spread	miss	404	455
a08-128-spread	spread	hit	200	2
a08-128-spread	spread	miss	404	338
a08-128-spread	spread	hit	200	2
a08-128-spread	spread	miss	404	450
a08-128-spread	spread	hit	200	1
a08-128-spread	spread	miss	404	221
a08-128-spread	spread	hit	200	1
a08-128-spread	spread	miss	404	526
a08-128-spread	spread	hit	200	6
a08-128-spread	spread	miss	404	746
a08-128-spread	spread	hit	200	1
a08-128-spread	spread	miss	404	519
a08-128-spread	spread	hit	200	1
a08-128-spread	spread	miss	404	366
a08-128-spread	spread	hit	200	1
a08-128-spread	spread	miss	404	390
a08-128-spread	spread	hit	200	1
a08-128-spread	spread	miss	404	538
a08-128-spread	spread	hit	200	1
a08-128-spread	spread	miss	404	439
a08-128-spread	spread	hit	200	6
a08-128-spread	spread	miss	404	580
a08-128-spread	spread	hit	200	1
a08-128-spread	spread	miss	404	511
a08-128-spread	spread	hit	200	1
a08-128-spread	spread	miss	404	224
a08-128-spread	spread	hit	200	2
a08-128-spread	spread	miss	404	379
a08-128-spread	spread	hit	200	4
a08-128-spread	spread	miss	404	785
a08-128-spread	spread	hit	200	6
a08-128-spread	spread	miss	404	189
a08-128-spread	spread	hit	200	1
a08-128-spread	spread	miss	404	626
a08-128-spread	spread	hit	200	3
a08-128-spread	spread	miss	404	488
a08-128-spread	spread	hit	200	1
a08-128-spread	spread	miss	404	612
a08-128-spread	spread	hit	200	3
a08-128-spread	spread	miss	404	425
a08-128-spread	spread	hit	200	1
a08-128-spread	spread	miss	404	498
a08-128-spread	spread	hit	200	1
a08-128-spread	spread	miss	404	480
a08-128-spread	spread	hit	200	5
a08-128-spread	spread	miss	404	521
a08-128-spread	spread	hit	200	1
a08-128-spread	spread	miss	404	388
a08-128-spread	spread	hit	200	2
a08-128-spread	spread	miss	404	429
a08-128-spread	spread	hit	200	2
a08-128-spread	spread	miss	404	675
a08-128-spread	spread	hit	200	1
a08-128-spread	spread	miss	404	404
a08-128-spread	spread	hit	200	2
a08-128-spread	spread	miss	404	479
a08-128-spread	spread	hit	200	1
a08-128-spread	spread	miss	404	499
a08-128-spread	spread	hit	200	1
a08-128-spread	spread	miss	404	457
a08-128-spread	spread	hit	200	1
a08-128-spread	spread	miss	404	523
a08-128-spread	spread	hit	200	1
a08-128-spread	spread	miss	404	384
a08-128-spread	spread	hit	200	9
a08-128-spread	spread	miss	404	419
a08-128-spread	spread	hit	200	2
a08-128-spread	spread	miss	404	437
a08-128-spread	spread	hit	200	2
a08-128-spread	spread	miss	404	351
a08-128-spread	spread	hit	200	4
a08-128-spread	spread	miss	404	458
a08-128-spread	spread	hit	200	1
a08-128-spread	spread	miss	404	411
a08-128-spread	spread	hit	200	1
a08-128-spread	spread	miss	404	463
a08-128-spread	spread	hit	200	1
a08-128-spread	spread	miss	404	703
a08-128-spread	spread	hit	200	1
a08-128-spread	spread	miss	404	445
a08-128-spread	spread	hit	200	1
a08-128-spread	spread	miss	404	496
a08-128-spread	spread	hit	200	1
a08-128-spread	spread	miss	404	318
a08-128-spread	spread	hit	200	2
a08-128-spread	spread	miss	404	360
a08-128-spread	spread	hit	200	1
a08-128-spread	spread	miss	404	421
a08-128-spread	spread	hit	200	1
a08-128-spread	spread	miss	404	638
a08-128-spread	spread	hit	200	1
a08-128-spread	spread	miss	404	457
a08-128-spread	spread	hit	200	4
a08-128-spread	spread	miss	404	432
a08-128-spread	spread	hit	200	1
a08-128-spread	spread	miss	404	504
a08-128-spread	spread	hit	200	2
a08-128-spread	spread	miss	404	347
a08-128-spread	spread	hit	200	2
a08-128-spread	spread	miss	404	370
a08-128-spread	spread	hit	200	4
a08-128-spread	spread	miss	404	476
a08-128-spread	spread	hit	200	2
a08-128-spread	spread	miss	404	390
a08-128-spread	spread	hit	200	4
a08-128-spread	spread	miss	404	523
a08-128-spread	spread	hit	200	1
a08-128-spread	spread	miss	404	609
a08-128-spread	spread	hit	200	2
a08-128-spread	spread	miss	404	207
a08-128-spread	spread	hit	200	5
a08-128-spread	spread	miss	404	533
a08-128-spread	spread	hit	200	1
a08-128-spread	spread	miss	404	488
a08-128-spread	spread	hit	200	2
a08-128-spread	spread	miss	404	571
a08-128-spread	spread	hit	200	2
a08-128-spread	spread	miss	404	491
a08-128-spread	spread	hit	200	1
a08-128-spread	spread	miss	404	522
a08-128-spread	spread	hit	200	2
a08-128-spread	spread	miss	404	501
a08-128-spread	spread	hit	200	1
a08-128-spread	spread	miss	404	383
a08-128-spread	spread	hit	200	1
a08-128-spread	spread	miss	404	351
a08-128-spread	spread	hit	200	2
a08-128-spread	spread	miss	404	390
a08-128-spread	spread	hit	200	8
a08-128-spread	spread	miss	404	445
a08-128-spread	spread	hit	200	1
a08-128-spread	spread	miss	404	365
a08-128-spread	spread	hit	200	1
a08-128-spread	spread	miss	404	468
a08-128-spread	spread	hit	200	1
a08-128-spread	spread	miss	404	342
a08-128-spread	spread	hit	200	1
a08-128-spread	spread	miss	404	421
a08-128-spread	spread	hit	200	1
a08-128-spread	spread	miss	404	511
a08-128-spread	spread	hit	200	4
a08-128-spread	spread	miss	404	425
a08-128-spread	spread	hit	200	1
a08-128-spread	spread	miss	404	528
a08-128-spread	spread	hit	200	1
a08-128-spread	spread	miss	404	494
a08-128-spread	spread	hit	200	1
a08-128-spread	spread	miss	404	390
a08-128-spread	spread	hit	200	1
a08-128-spread	spread	miss	404	446
a08-128-spread	spread	hit	200	1
a08-128-spread	spread	miss	404	457
a08-128-spread	spread	hit	200	3
a08-128-spread	spread	miss	404	451
a08-128-spread	spread	hit	200	1
a08-128-spread	spread	miss	404	480
a08-128-spread	spread	hit	200	1
a08-128-spread	spread	miss	404	443
a08-128-spread	spread	hit	200	13
a08-128-spread	spread	miss	404	432
a08-128-spread	spread	hit	200	1
a08-128-spread	spread	miss	404	489
a08-128-spread	spread	hit	200	1
a08-128-spread	spread	miss	404	554
a08-128-spread	spread	hit	200	5
a08-128-spread	spread	miss	404	473
a08-128-spread	spread	hit	200	1
a08-128-spread	spread	miss	404	513
a08-128-spread	spread	hit	200	5
a08-128-spread	spread	miss	404	375
a08-128-spread	spread	hit	200	1
a08-128-spread	spread	miss	404	473
a08-128-spread	spread	hit	200	2
a08-128-spread	spread	miss	404	451
a08-128-spread	spread	hit	200	2
a08-128-spread	spread	miss	404	437
a08-128-spread	spread	hit	200	17
a08-128-spread	spread	miss	404	477
a08-128-spread	spread	hit	200	2
a08-128-spread	spread	miss	404	408
a08-128-spread	spread	hit	200	1
a08-128-spread	spread	miss	404	500
a08-128-spread	spread	hit	200	11
a08-128-spread	spread	miss	404	593
a08-128-spread	spread	hit	200	4
a08-128-spread	spread	miss	404	511
a08-128-spread	spread	hit	200	2
a08-128-spread	spread	miss	404	677
a08-128-spread	spread	hit	200	1
a08-128-spread	spread	miss	404	594
a08-128-spread	spread	hit	200	2
a08-128-spread	spread	miss	404	629
a08-128-spread	spread	hit	200	1
a08-128-spread	spread	miss	404	524
a08-128-spread	spread	hit	200	1
a08-128-spread	spread	miss	404	587
a08-128-spread	spread	hit	200	1
a08-128-spread	spread	miss	404	496
a08-128-spread	spread	hit	200	1
a08-128-spread	spread	miss	404	457
a08-128-spread	spread	hit	200	1
a08-128-spread	spread	miss	404	470
a08-128-spread	spread	hit	200	6
a08-128-spread	spread	miss	404	454
a08-128-spread	spread	hit	200	2
a08-128-spread	spread	miss	404	428
a08-128-spread	spread	hit	200	1
a08-128-spread	spread	miss	404	423
a08-128-spread	spread	hit	200	3
a08-128-spread	spread	miss	404	406
a08-128-spread	spread	hit	200	1
a08-128-spread	spread	miss	404	324
a08-128-spread	spread	hit	200	1
a08-128-spread	spread	miss	404	340
a08-128-spread	spread	hit	200	1
a08-128-spread	spread	miss	404	391
a08-128-spread	spread	hit	200	2
a08-128-spread	spread	miss	404	410
a08-128-spread	spread	hit	200	1
a08-128-spread	spread	miss	404	385
a08-128-spread	spread	hit	200	1
a08-128-spread	spread	miss	404	426
a08-128-spread	spread	hit	200	1
a08-128-spread	spread	miss	404	413
a08-128-spread	spread	hit	200	1
a08-128-spread	spread	miss	404	511
a08-128-spread	spread	hit	200	3
a08-128-spread	spread	miss	404	376
a08-128-spread	spread	hit	200	1
a08-128-spread	spread	miss	404	149
a08-128-spread	spread	hit	200	1
a08-128-spread	spread	miss	404	351
a08-128-spread	spread	hit	200	1
a08-128-spread	spread	miss	404	468
a08-128-spread	spread	hit	200	1
a08-128-spread	spread	miss	404	510
a08-128-spread	spread	hit	200	2
a08-128-spread	spread	miss	404	483
a08-128-spread	spread	hit	200	1
a08-128-spread	spread	miss	404	482
a08-128-spread	spread	hit	200	1
a08-128-spread	spread	miss	404	509
a08-128-spread	spread	hit	200	1
a08-128-spread	spread	miss	404	190
a08-128-spread	spread	hit	200	1
a08-128-spread	spread	miss	404	506
a08-128-spread	spread	hit	200	1
a08-128-spread	spread	miss	404	453
a08-128-spread	spread	hit	200	1
a08-128-spread	spread	miss	404	463
a08-128-spread	spread	hit	200	1
a08-128-spread	spread	miss	404	558
a08-128-spread	spread	hit	200	1
a08-128-spread	spread	miss	404	455
a08-128-spread	spread	hit	200	2
a08-128-spread	spread	miss	404	561
a08-128-spread	spread	hit	200	1
a08-128-spread	spread	miss	404	228
a08-128-spread	spread	hit	200	3
a08-128-spread	spread	miss	404	529
a08-128-spread	spread	hit	200	1
a08-128-spread	spread	miss	404	496
a08-128-spread	spread	hit	200	3
a08-128-spread	spread	miss	404	445
a08-128-spread	spread	hit	200	3
a08-128-spread	spread	miss	404	610
a08-128-spread	spread	hit	200	2
a08-128-spread	spread	miss	404	476
a08-128-spread	spread	hit	200	3
a08-128-spread	spread	miss	404	524
a08-128-spread	spread	hit	200	2
a08-128-spread	spread	miss	404	629
a08-128-spread	spread	hit	200	2
a08-128-spread	spread	miss	404	474
a08-128-spread	spread	hit	200	1
a08-128-spread	spread	miss	404	740
a08-128-spread	spread	hit	200	2
a08-128-spread	spread	miss	404	447
a08-128-spread	spread	hit	200	3
a08-128-spread	spread	miss	404	503
a08-128-spread	spread	hit	200	2
a08-128-spread	spread	miss	404	441
a08-128-spread	spread	hit	200	2
a08-128-spread	spread	miss	404	447
a08-128-spread	spread	hit	200	1
a08-128-spread	spread	miss	404	601
a08-128-spread	spread	hit	200	3
a08-128-spread	spread	miss	404	497
a08-128-spread	spread	hit	200	7
a08-128-spread	spread	miss	404	460
a08-128-spread	spread	hit	200	7
a08-128-spread	spread	miss	404	441
a08-128-spread	spread	hit	200	3
a08-128-spread	spread	miss	404	394
a08-128-spread	spread	hit	200	4
a08-128-spread	spread	miss	404	395
a08-128-spread	spread	hit	200	2
a08-128-spread	spread	miss	404	436
a08-128-spread	spread	hit	200	1
a08-128-spread	spread	miss	404	545
a08-128-spread	spread	hit	200	2
a08-128-spread	spread	miss	404	405
a08-128-spread	spread	hit	200	1
a08-128-spread	spread	miss	404	336
a08-128-spread	spread	hit	200	1
a08-128-spread	spread	miss	404	375
a08-128-spread	spread	hit	200	2
a08-128-spread	spread	miss	404	443
a08-128-spread	spread	hit	200	1
a08-128-spread	spread	miss	404	396
a08-128-spread	spread	hit	200	1
a08-128-spread	spread	miss	404	461
a08-128-spread	spread	hit	200	1
a08-128-spread	spread	miss	404	440
a08-128-spread	spread	hit	200	1
a08-128-spread	spread	miss	404	528
a08-128-spread	spread	hit	200	1
a08-128-spread	spread	miss	404	431
a08-128-spread	spread	hit	200	1
a08-128-spread	spread	miss	404	432
a08-128-spread	spread	hit	200	1
a08-128-spread	spread	miss	404	458
a08-128-spread	spread	hit	200	1
a08-128-spread	spread	miss	404	398
a08-128-spread	spread	hit	200	1
a08-128-spread	spread	miss	404	386
a08-128-spread	spread	hit	200	2
a08-128-spread	spread	miss	404	531
a08-128-spread	spread	hit	200	2
a08-128-spread	spread	miss	404	459
a08-128-spread	spread	hit	200	2
a08-128-spread	spread	miss	404	411
a08-128-spread	spread	hit	200	2
a08-128-spread	spread	miss	404	417
a08-128-spread	spread	hit	200	4
a08-128-spread	spread	miss	404	512
a08-128-spread	spread	hit	200	1
a08-128-spread	spread	miss	404	431
a08-128-spread	spread	hit	200	1
a08-128-spread	spread	miss	404	425
a08-128-spread	spread	hit	200	2
a08-128-spread	spread	miss	404	737
a08-128-spread	spread	hit	200	3
a08-128-spread	spread	miss	404	569
a08-128-spread	spread	hit	200	4
a08-128-spread	spread	miss	404	491
a08-128-spread	spread	hit	200	1
a08-128-spread	spread	miss	404	494
a08-128-spread	spread	hit	200	3
a08-128-spread	spread	miss	404	443
a08-128-spread	spread	hit	200	1
a08-128-spread	spread	miss	404	758
a08-128-spread	spread	hit	200	2
a08-128-spread	spread	miss	404	467
a08-128-spread	spread	hit	200	1
a08-128-spread	spread	miss	404	511
a08-128-spread	spread	hit	200	1
a08-128-spread	spread	miss	404	515
a08-128-spread	spread	hit	200	1
a08-128-spread	spread	miss	404	589
a08-128-spread	spread	hit	200	1
a08-128-spread	spread	miss	404	551
a08-128-spread	spread	hit	200	1
a08-128-spread	spread	miss	404	431
a08-128-spread	spread	hit	200	2
a08-128-spread	spread	miss	404	303
a08-128-spread	spread	hit	200	1
a08-128-spread	spread	miss	404	411
a08-128-spread	spread	hit	200	16
a08-128-spread	spread	miss	404	382
a08-128-spread	spread	hit	200	1
a08-128-spread	spread	miss	404	398
a08-128-spread	spread	hit	200	1
a08-128-spread	spread	miss	404	464
a08-128-spread	spread	hit	200	1
a08-128-spread	spread	miss	404	435
a08-128-spread	spread	hit	200	2
a08-128-spread	spread	miss	404	502
a08-128-spread	spread	hit	200	1
a08-128-spread	spread	miss	404	486
a08-128-spread	spread	hit	200	1
a08-128-spread	spread	miss	404	550
a08-128-spread	spread	hit	200	2
a08-128-spread	spread	miss	404	473
a08-128-spread	spread	hit	200	4
a08-128-spread	spread	miss	404	397
a08-128-spread	spread	hit	200	2
a08-128-spread	spread	miss	404	319
a08-128-spread	spread	hit	200	5
a08-128-spread	spread	miss	404	428
a08-128-spread	spread	hit	200	1
a08-128-spread	spread	miss	404	399
a08-128-spread	spread	hit	200	1
a08-128-spread	spread	miss	404	377
a08-128-spread	spread	hit	200	1
a08-128-spread	spread	miss	404	540
a08-128-spread	spread	hit	200	1
a08-128-spread	spread	miss	404	446
a08-128-spread	spread	hit	200	1
a08-128-spread	spread	miss	404	569
a08-128-spread	spread	hit	200	1
a08-128-spread	spread	miss	404	499
a08-128-spread	spread	hit	200	1
a08-128-spread	spread	miss	404	435
a08-128-spread	spread	hit	200	3
a08-128-spread	spread	miss	404	738
a08-128-spread	spread	hit	200	1
a08-128-spread	spread	miss	404	462
a08-128-spread	spread	hit	200	3
a08-128-spread	spread	miss	404	450
a08-128-spread	spread	hit	200	3
a08-128-spread	spread	miss	404	554
a08-128-spread	spread	hit	200	1
a08-128-spread	spread	miss	404	382
a08-128-spread	spread	hit	200	1
a08-128-spread	spread	miss	404	411
a08-128-spread	spread	hit	200	1
a08-128-spread	spread	miss	404	181
a08-128-spread	spread	hit	200	2
a08-128-spread	spread	miss	404	381
a08-128-spread	spread	hit	200	1
a08-128-spread	spread	miss	404	569
a08-128-spread	spread	hit	200	2
a08-128-spread	spread	miss	404	615
a08-128-spread	spread	hit	200	1
a08-128-spread	spread	miss	404	585
a08-128-spread	spread	hit	200	2
a08-128-spread	spread	miss	404	501
a08-128-spread	spread	hit	200	5
a08-128-spread	spread	miss	404	483
a08-128-spread	spread	hit	200	3
a08-128-spread	spread	miss	404	563
a08-128-spread	spread	hit	200	1
a08-128-spread	spread	miss	404	586
a08-128-spread	spread	hit	200	1
a08-128-spread	spread	miss	404	460
a08-128-spread	spread	hit	200	2
a08-128-spread	spread	miss	404	502
a08-128-spread	spread	hit	200	1
a08-128-spread	spread	miss	404	474
a08-128-spread	spread	hit	200	1
a08-128-spread	spread	miss	404	512
a08-128-spread	spread	hit	200	1
a08-128-spread	spread	miss	404	478
a08-128-spread	spread	hit	200	2
a08-128-spread	spread	miss	404	315
a08-128-spread	spread	hit	200	1
a08-128-spread	spread	miss	404	437
a08-128-spread	spread	hit	200	3
a08-128-spread	spread	miss	404	446
a08-128-spread	spread	hit	200	1
a08-128-spread	spread	miss	404	379
a08-128-spread	spread	hit	200	1
a08-128-spread	spread	miss	404	407
a08-128-spread	spread	hit	200	1
a08-128-spread	spread	miss	404	381
a08-128-spread	spread	hit	200	1
a08-128-spread	spread	miss	404	504
a08-128-spread	spread	hit	200	3
a08-128-spread	spread	miss	404	371
a08-128-spread	spread	hit	200	1
a08-128-spread	spread	miss	404	495
a08-128-spread	spread	hit	200	1
a08-128-spread	spread	miss	404	438
a08-128-spread	spread	hit	200	1
a08-128-spread	spread	miss	404	409
a08-128-spread	spread	hit	200	1
a08-128-spread	spread	miss	404	422
a08-128-spread	spread	hit	200	2
a08-128-spread	spread	miss	404	470
a08-128-spread	spread	hit	200	3
a08-128-spread	spread	miss	404	468
a08-128-spread	spread	hit	200	1
a08-128-spread	spread	miss	404	392
a08-128-spread	spread	hit	200	3
a08-128-spread	spread	miss	404	560
a08-128-spread	spread	hit	200	1
a08-128-spread	spread	miss	404	486
a08-128-spread	spread	hit	200	1
a08-128-spread	spread	miss	404	449
a08-128-spread	spread	hit	200	2
a08-128-spread	spread	miss	404	425
a08-128-spread	spread	hit	200	1
a08-128-spread	spread	miss	404	464
a08-128-spread	spread	hit	200	2
a08-128-spread	spread	miss	404	574
a08-128-spread	spread	hit	200	1
a08-128-spread	spread	miss	404	377
a08-128-spread	spread	hit	200	1
a08-128-spread	spread	miss	404	382
a08-128-spread	spread	hit	200	1
a08-128-spread	spread	miss	404	398
a08-128-spread	spread	hit	200	1
a08-128-spread	spread	miss	404	504
a08-128-spread	spread	hit	200	1
a08-128-spread	spread	miss	404	375
a08-128-spread	spread	hit	200	5
a08-128-spread	spread	miss	404	432
a08-128-spread	spread	hit	200	1
a08-128-spread	spread	miss	404	478
a08-128-spread	spread	hit	200	1
a08-128-spread	spread	miss	404	595
a08-128-spread	spread	hit	200	5
a08-128-spread	spread	miss	404	437
a08-128-spread	spread	hit	200	2
a08-128-spread	spread	miss	404	527
a08-128-spread	spread	hit	200	1
a08-128-spread	spread	miss	404	536
a08-128-spread	spread	hit	200	1
a08-128-spread	spread	miss	404	568
a08-128-spread	spread	hit	200	4
a08-128-spread	spread	miss	404	476
a08-128-spread	spread	hit	200	1
a08-128-spread	spread	miss	404	812
a08-128-spread	spread	hit	200	1
a08-128-spread	spread	miss	404	436
a08-128-spread	spread	hit	200	1
a08-128-spread	spread	miss	404	592
a08-128-spread	spread	hit	200	3
a08-128-spread	spread	miss	404	528
a08-128-spread	spread	hit	200	1
a08-128-spread	spread	miss	404	576
a08-128-spread	spread	hit	200	2
a08-128-spread	spread	miss	404	481
a08-128-spread	spread	hit	200	5
a08-128-spread	spread	miss	404	420
a08-128-spread	spread	hit	200	1
a08-128-spread	spread	miss	404	430
a08-128-spread	spread	hit	200	31
a08-128-spread	spread	miss	404	457
a08-128-spread	spread	hit	200	2
a08-128-spread	spread	miss	404	432
a08-128-spread	spread	hit	200	1
a08-128-spread	spread	miss	404	552
a08-128-spread	spread	hit	200	1
a08-128-spread	spread	miss	404	432
a08-128-spread	spread	hit	200	1
a08-128-spread	spread	miss	404	396
a08-128-spread	spread	hit	200	2
a08-128-spread	spread	miss	404	477
a08-128-spread	spread	hit	200	1
a08-128-spread	spread	miss	404	367
a08-128-spread	spread	hit	200	1
a08-128-spread	spread	miss	404	659
a08-128-spread	spread	hit	200	1
a08-128-spread	spread	miss	404	347
a08-128-spread	spread	hit	200	1
a08-128-spread	spread	miss	404	601
a08-128-spread	spread	hit	200	2
a08-128-spread	spread	miss	404	513
a08-128-spread	spread	hit	200	1
a08-128-spread	spread	miss	404	416
a08-128-spread	spread	hit	200	1
a08-128-spread	spread	miss	404	423
a08-128-spread	spread	hit	200	1
a08-128-spread	spread	miss	404	434
a08-128-spread	spread	hit	200	1
a08-128-spread	spread	miss	404	160
a08-128-spread	spread	hit	200	4
a08-128-spread	spread	miss	404	385
a08-128-spread	spread	hit	200	1
a08-128-spread	spread	miss	404	465
a08-128-spread	spread	hit	200	1
a08-128-spread	spread	miss	404	478
a08-128-spread	spread	hit	200	1
a08-128-spread	spread	miss	404	472
a08-128-spread	spread	hit	200	1
a08-128-spread	spread	miss	404	598
a08-128-spread	spread	hit	200	1
a08-128-spread	spread	miss	404	535
a08-128-spread	spread	hit	200	1
a08-128-spread	spread	miss	404	187
a08-128-spread	spread	hit	200	1
a08-128-spread	spread	miss	404	513
a08-128-spread	spread	hit	200	1
a08-128-spread	spread	miss	404	457
a08-128-spread	spread	hit	200	3
a08-128-spread	spread	miss	404	217
a08-128-spread	spread	hit	200	1
a08-128-spread	spread	miss	404	404
a08-128-spread	spread	hit	200	1
a08-128-spread	spread	miss	404	511
a08-128-spread	spread	hit	200	1
a08-128-spread	spread	miss	404	580
a08-128-spread	spread	hit	200	2
a08-128-spread	spread	miss	404	601
a08-128-spread	spread	hit	200	1
a08-128-spread	spread	miss	404	447
a08-128-spread	spread	hit	200	1
a08-128-spread	spread	miss	404	555
a08-128-spread	spread	hit	200	2
a08-128-spread	spread	miss	404	631
a08-128-spread	spread	hit	200	10
a08-128-spread	spread	miss	404	421
a08-128-spread	spread	hit	200	1
a08-128-spread	spread	miss	404	658
a08-128-spread	spread	hit	200	1
a08-128-spread	spread	miss	404	367
a08-128-spread	spread	hit	200	1
a08-128-spread	spread	miss	404	477
a08-128-spread	spread	hit	200	4
a08-128-spread	spread	miss	404	589
a08-128-spread	spread	hit	200	2
a08-128-spread	spread	miss	404	505
a08-128-spread	spread	hit	200	1
a08-128-spread	spread	miss	404	486
a08-128-spread	spread	hit	200	1
a08-128-spread	spread	miss	404	451
a08-128-spread	spread	hit	200	5
a08-128-spread	spread	miss	404	501
a08-128-spread	spread	hit	200	1
a08-128-spread	spread	miss	404	484
a08-128-spread	spread	hit	200	2
a08-128-spread	spread	miss	404	750
a08-128-spread	spread	hit	200	1
a08-128-spread	spread	miss	404	434
a08-128-spread	spread	hit	200	3
a08-128-spread	spread	miss	404	412
a08-128-spread	spread	hit	200	2
a08-128-spread	spread	miss	404	328
a08-128-spread	spread	hit	200	2
a08-128-spread	spread	miss	404	475
a08-128-spread	spread	hit	200	1
a08-128-spread	spread	miss	404	418
a08-128-spread	spread	hit	200	2
a08-128-spread	spread	miss	404	482
a08-128-spread	spread	hit	200	1
a08-128-spread	spread	miss	404	455
a08-128-spread	spread	hit	200	1
a08-128-spread	spread	miss	404	189
a08-128-spread	spread	hit	200	2
a08-128-spread	spread	miss	404	536
a08-128-spread	spread	hit	200	1
a08-128-spread	spread	miss	404	479
a08-128-spread	spread	hit	200	2
a08-128-spread	spread	miss	404	348
a08-128-spread	spread	hit	200	4
a08-128-spread	spread	miss	404	362
a08-128-spread	spread	hit	200	13
a08-128-spread	spread	miss	404	471
a08-128-spread	spread	hit	200	1
a08-128-spread	spread	miss	404	358
a08-128-spread	spread	hit	200	1
a08-128-spread	spread	miss	404	446
a08-128-spread	spread	hit	200	1
a08-128-spread	spread	miss	404	492
a08-128-spread	spread	hit	200	1
a08-128-spread	spread	miss	404	415
a08-128-spread	spread	hit	200	3
a08-128-spread	spread	miss	404	486
a08-128-spread	spread	hit	200	2
a08-128-spread	spread	miss	404	574
a08-128-spread	spread	hit	200	1
a08-128-spread	spread	miss	404	522
a08-128-spread	spread	hit	200	2
a08-128-spread	spread	miss	404	399
a08-128-spread	spread	hit	200	1
a08-128-spread	spread	miss	404	487
a08-128-spread	spread	hit	200	1
a08-128-spread	spread	miss	404	636
a08-128-spread	spread	hit	200	1
a08-128-spread	spread	miss	404	228
a08-128-spread	spread	hit	200	1
a08-128-spread	spread	miss	404	535
a08-128-spread	spread	hit	200	1
a08-128-spread	spread	miss	404	469
a08-128-spread	spread	hit	200	1
a08-128-spread	spread	miss	404	580
a08-128-spread	spread	hit	200	2
a08-128-spread	spread	miss	404	634
a08-128-spread	spread	hit	200	5
a08-128-spread	spread	miss	404	598
a08-128-spread	spread	hit	200	2
a08-128-spread	spread	miss	404	565
a08-128-spread	spread	hit	200	1
a08-128-spread	spread	miss	404	482
a08-128-spread	spread	hit	200	1
a08-128-spread	spread	miss	404	582
a08-128-spread	spread	hit	200	2
a08-128-spread	spread	miss	404	473
a08-128-spread	spread	hit	200	2
a08-128-spread	spread	miss	404	438
a08-128-spread	spread	hit	200	2
a08-128-spread	spread	miss	404	364
a08-128-spread	spread	hit	200	1
a08-128-spread	spread	miss	404	360
a08-128-spread	spread	hit	200	2
a08-128-spread	spread	miss	404	411
a08-128-spread	spread	hit	200	2
a08-128-spread	spread	miss	404	527
a08-128-spread	spread	hit	200	1
a08-128-spread	spread	miss	404	418
a08-128-spread	spread	hit	200	2
a08-128-spread	spread	miss	404	721
a08-128-spread	spread	hit	200	1
a08-128-spread	spread	miss	404	487
a08-128-spread	spread	hit	200	1
a08-128-spread	spread	miss	404	455
a08-128-spread	spread	hit	200	1
a08-128-spread	spread	miss	404	399
a08-128-spread	spread	hit	200	1
a08-128-spread	spread	miss	404	360
a08-128-spread	spread	hit	200	1
a08-128-spread	spread	miss	404	391
a08-128-spread	spread	hit	200	1
a08-128-spread	spread	miss	404	449
a08-128-spread	spread	hit	200	1
a08-128-spread	spread	miss	404	336
a08-128-spread	spread	hit	200	1
a08-128-spread	spread	miss	404	708
a08-128-spread	spread	hit	200	2
a08-128-spread	spread	miss	404	459
a08-128-spread	spread	hit	200	2
a08-128-spread	spread	miss	404	333
a08-128-spread	spread	hit	200	1
a08-128-spread	spread	miss	404	578
a08-128-spread	spread	hit	200	1
a08-128-spread	spread	miss	404	498
a08-128-spread	spread	hit	200	2
a08-128-spread	spread	miss	404	480
a08-128-spread	spread	hit	200	1
a08-128-spread	spread	miss	404	349
a08-128-spread	spread	hit	200	3
a08-128-spread	spread	miss	404	384
a08-128-spread	spread	hit	200	1
a08-128-spread	spread	miss	404	445
a08-128-spread	spread	hit	200	1
a08-128-spread	spread	miss	404	441
a08-128-spread	spread	hit	200	1
a08-128-spread	spread	miss	404	524
a08-128-spread	spread	hit	200	1
a08-128-spread	spread	miss	404	407
a08-128-spread	spread	hit	200	1
a08-128-spread	spread	miss	404	167
a08-128-spread	spread	hit	200	2
a08-128-spread	spread	miss	404	433
a08-128-spread	spread	hit	200	1
a08-128-spread	spread	miss	404	527
a08-128-spread	spread	hit	200	1
a08-128-spread	spread	miss	404	207
a08-128-spread	spread	hit	200	1
a08-128-spread	spread	miss	404	488
a08-128-spread	spread	hit	200	1
a08-128-spread	spread	miss	404	630
a08-128-spread	spread	hit	200	2
a08-128-spread	spread	miss	404	464
a08-128-spread	spread	hit	200	1
a08-128-spread	spread	miss	404	515
a08-128-spread	spread	hit	200	1
a08-128-spread	spread	miss	404	486
a08-128-spread	spread	hit	200	4
a08-128-spread	spread	miss	404	594
a08-128-spread	spread	hit	200	2
a08-128-spread	spread	miss	404	617
a08-128-spread	spread	hit	200	2
a08-128-spread	spread	miss	404	433
a08-128-spread	spread	hit	200	4
a08-128-spread	spread	miss	404	376
a08-128-spread	spread	hit	200	1
a08-128-spread	spread	miss	404	551
a08-128-spread	spread	hit	200	2
a08-128-spread	spread	miss	404	436
a08-128-spread	spread	hit	200	2
a08-128-spread	spread	miss	404	224
a08-128-spread	spread	hit	200	1
a08-128-spread	spread	miss	404	540
a08-128-spread	spread	hit	200	4
a08-128-spread	spread	miss	404	342
a08-128-spread	spread	hit	200	6
a08-128-spread	spread	miss	404	369
a08-128-spread	spread	hit	200	1
a08-128-spread	spread	miss	404	293
a08-128-spread	spread	hit	200	2
a08-128-spread	spread	miss	404	478
a08-128-spread	spread	hit	200	1
a08-128-spread	spread	miss	404	349
a08-128-spread	spread	hit	200	1
a08-128-spread	spread	miss	404	467
a08-128-spread	spread	hit	200	1
a08-128-spread	spread	miss	404	371
a08-128-spread	spread	hit	200	2
a08-128-spread	spread	miss	404	468
a08-128-spread	spread	hit	200	1
a08-128-spread	spread	miss	404	491
a08-128-spread	spread	hit	200	1
a08-128-spread	spread	miss	404	464
a08-128-spread	spread	hit	200	1
a08-128-spread	spread	miss	404	387
a08-128-spread	spread	hit	200	1
a08-128-spread	spread	miss	404	449
a08-128-spread	spread	hit	200	1
a08-128-spread	spread	miss	404	522
a08-128-spread	spread	hit	200	6
a08-128-spread	spread	miss	404	446
a08-128-spread	spread	hit	200	1
a08-128-spread	spread	miss	404	414
a08-128-spread	spread	hit	200	1
a08-128-spread	spread	miss	404	829
a08-128-spread	spread	hit	200	2
a08-128-spread	spread	miss	404	546
a08-128-spread	spread	hit	200	1
a08-128-spread	spread	miss	404	486
a08-128-spread	spread	hit	200	2
a08-128-spread	spread	miss	404	528
a08-128-spread	spread	hit	200	1
a08-128-spread	spread	miss	404	474
a08-128-spread	spread	hit	200	1
a08-128-spread	spread	miss	404	589
a08-128-spread	spread	hit	200	5
a08-128-spread	spread	miss	404	507
a08-128-spread	spread	hit	200	2
a08-128-spread	spread	miss	404	440
a08-128-spread	spread	hit	200	1
a08-128-spread	spread	miss	404	516
a08-128-spread	spread	hit	200	2
a08-128-spread	spread	miss	404	434
a08-128-spread	spread	hit	200	1
a08-128-spread	spread	miss	404	332
a08-128-spread	spread	hit	200	1
a08-128-spread	spread	miss	404	465
a08-128-spread	spread	hit	200	4
a08-128-spread	spread	miss	404	493
a08-128-spread	spread	hit	200	2
a08-128-spread	spread	miss	404	679
a08-128-spread	spread	hit	200	2
a08-128-spread	spread	miss	404	524
a08-128-spread	spread	hit	200	1
a08-128-spread	spread	miss	404	534
a08-128-spread	spread	hit	200	3
a08-128-spread	spread	miss	404	586
a08-128-spread	spread	hit	200	1
a08-128-spread	spread	miss	404	505
a08-128-spread	spread	hit	200	4
a08-128-spread	spread	miss	404	555
a08-128-spread	spread	hit	200	1
a08-128-spread	spread	miss	404	568
a08-128-spread	spread	hit	200	1
a08-128-spread	spread	miss	404	563
a08-128-spread	spread	hit	200	1
a08-128-spread	spread	miss	404	431
a08-128-spread	spread	hit	200	3
a08-128-spread	spread	miss	404	429
a08-128-spread	spread	hit	200	2
a08-128-spread	spread	miss	404	332
a08-128-spread	spread	hit	200	4
a08-128-spread	spread	miss	404	454
a08-128-spread	spread	hit	200	1
a08-128-spread	spread	miss	404	234
a08-128-spread	spread	hit	200	3
a08-128-spread	spread	miss	404	361
a08-128-spread	spread	hit	200	1
a08-128-spread	spread	miss	404	409
a08-128-spread	spread	hit	200	4
a08-128-spread	spread	miss	404	428
a08-128-spread	spread	hit	200	2
a08-128-spread	spread	miss	404	382
a08-128-spread	spread	hit	200	1
a08-128-spread	spread	miss	404	426
a08-128-spread	spread	hit	200	2
a08-128-spread	spread	miss	404	512
a08-128-spread	spread	hit	200	1
a08-128-spread	spread	miss	404	380
a08-128-spread	spread	hit	200	5
a08-128-spread	spread	miss	404	431
a08-128-spread	spread	hit	200	1
a08-128-spread	spread	miss	404	448
a08-128-spread	spread	hit	200	4
a08-128-spread	spread	miss	404	484
a08-128-spread	spread	hit	200	1
a08-128-spread	spread	miss	404	580
a08-128-spread	spread	hit	200	1
a08-128-spread	spread	miss	404	460
a08-128-spread	spread	hit	200	3
a08-128-spread	spread	miss	404	166
a08-128-spread	spread	hit	200	2
a08-128-spread	spread	miss	404	517
a08-128-spread	spread	hit	200	2
a08-128-spread	spread	miss	404	187
a08-128-spread	spread	hit	200	1
a08-128-spread	spread	miss	404	544
a08-128-spread	spread	hit	200	3
a08-128-spread	spread	miss	404	450
a08-128-spread	spread	hit	200	1
a08-128-spread	spread	miss	404	508
a08-128-spread	spread	hit	200	1
a08-128-spread	spread	miss	404	523
a08-128-spread	spread	hit	200	2
a08-128-spread	spread	miss	404	418
a08-128-spread	spread	hit	200	2
a08-128-spread	spread	miss	404	482
a08-128-spread	spread	hit	200	1
a08-128-spread	spread	miss	404	695
a08-128-spread	spread	hit	200	1
a08-128-spread	spread	miss	404	404
a08-128-spread	spread	hit	200	1
a08-128-spread	spread	miss	404	422
a08-128-spread	spread	hit	200	2
a08-128-spread	spread	miss	404	559
a08-128-spread	spread	hit	200	1
a08-128-spread	spread	miss	404	552
a08-128-spread	spread	hit	200	4
a08-128-spread	spread	miss	404	588
a08-128-spread	spread	hit	200	2
a08-128-spread	spread	miss	404	493
a08-128-spread	spread	hit	200	1
a08-128-spread	spread	miss	404	403
a08-128-spread	spread	hit	200	1
a08-128-spread	spread	miss	404	507
a08-128-spread	spread	hit	200	2
a08-128-spread	spread	miss	404	433
a08-128-spread	spread	hit	200	1
a08-128-spread	spread	miss	404	603
a08-128-spread	spread	hit	200	1
a08-128-spread	spread	miss	404	592
a08-128-spread	spread	hit	200	2
a08-128-spread	spread	miss	404	512
a08-128-spread	spread	hit	200	2
a08-128-spread	spread	miss	404	445
a08-128-spread	spread	hit	200	2
a08-128-spread	spread	miss	404	435
a08-128-spread	spread	hit	200	1
a08-128-spread	spread	miss	404	549
a08-128-spread	spread	hit	200	1
a08-128-spread	spread	miss	404	457
a08-128-spread	spread	hit	200	11
a08-128-spread	spread	miss	404	332
a08-128-spread	spread	hit	200	1
a08-128-spread	spread	miss	404	306
a08-128-spread	spread	hit	200	9
a08-128-spread	spread	miss	404	427
a08-128-spread	spread	hit	200	2
a08-128-spread	spread	miss	404	449
a08-128-spread	spread	hit	200	1
a08-128-spread	spread	miss	404	303
a08-128-spread	spread	hit	200	1
a08-128-spread	spread	miss	404	387
a08-128-spread	spread	hit	200	1
a08-128-spread	spread	miss	404	441
a08-128-spread	spread	hit	200	1
a08-128-spread	spread	miss	404	365
a08-128-spread	spread	hit	200	2
a08-128-spread	spread	miss	404	504
a08-128-spread	spread	hit	200	1
a08-128-spread	spread	miss	404	477
a08-128-spread	spread	hit	200	1
a08-128-spread	spread	miss	404	441
a08-128-spread	spread	hit	200	1
a08-128-spread	spread	miss	404	377
a08-128-spread	spread	hit	200	5
a08-128-spread	spread	miss	404	367
a08-128-spread	spread	hit	200	1
a08-128-spread	spread	miss	404	478
a08-128-spread	spread	hit	200	1
a08-128-spread	spread	miss	404	459
a08-128-spread	spread	hit	200	3
a08-128-spread	spread	miss	404	519
a08-128-spread	spread	hit	200	1
a08-128-spread	spread	miss	404	451
a08-128-spread	spread	hit	200	1
a08-128-spread	spread	miss	404	144
a08-128-spread	spread	hit	200	2
a08-128-spread	spread	miss	404	519
a08-128-spread	spread	hit	200	1
a08-128-spread	spread	miss	404	379
a08-128-spread	spread	hit	200	9
a08-128-spread	spread	miss	404	416
a08-128-spread	spread	hit	200	2
a08-128-spread	spread	miss	404	561
a08-128-spread	spread	hit	200	1
a08-128-spread	spread	miss	404	495
a08-128-spread	spread	hit	200	5
a08-128-spread	spread	miss	404	449
a08-128-spread	spread	hit	200	2
a08-128-spread	spread	miss	404	543
a08-128-spread	spread	hit	200	1
a08-128-spread	spread	miss	404	465
a08-128-spread	spread	hit	200	1
a08-128-spread	spread	miss	404	380
a08-128-spread	spread	hit	200	2
a08-128-spread	spread	miss	404	500
a08-128-spread	spread	hit	200	1
a08-128-spread	spread	miss	404	578
a08-128-spread	spread	hit	200	2
a08-128-spread	spread	miss	404	515
a08-128-spread	spread	hit	200	1
a08-128-spread	spread	miss	404	143
a08-128-spread	spread	hit	200	1
a08-128-spread	spread	miss	404	500
a08-128-spread	spread	hit	200	1
a08-128-spread	spread	miss	404	510
a08-128-spread	spread	hit	200	2
a08-128-spread	spread	miss	404	450
a08-128-spread	spread	hit	200	4
a08-128-spread	spread	miss	404	558
a08-128-spread	spread	hit	200	3
a08-128-spread	spread	miss	404	619
a08-128-spread	spread	hit	200	5
a08-128-spread	spread	miss	404	241
a08-128-spread	spread	hit	200	1
a08-128-spread	spread	miss	404	457
a08-128-spread	spread	hit	200	2
a08-128-spread	spread	miss	404	633
a08-128-spread	spread	hit	200	3
a08-128-spread	spread	miss	404	436
a08-128-spread	spread	hit	200	1
a08-128-spread	spread	miss	404	498
a08-128-spread	spread	hit	200	1
a08-128-spread	spread	miss	404	441
a08-128-spread	spread	hit	200	5
a08-128-spread	spread	miss	404	481
a08-128-spread	spread	hit	200	1
a08-128-spread	spread	miss	404	394
a08-128-spread	spread	hit	200	2
a08-128-spread	spread	miss	404	416
a08-128-spread	spread	hit	200	2
a08-128-spread	spread	miss	404	637
a08-128-spread	spread	hit	200	2
a08-128-spread	spread	miss	404	417
a08-128-spread	spread	hit	200	2
a08-128-spread	spread	miss	404	501
a08-128-spread	spread	hit	200	1
a08-128-spread	spread	miss	404	440
a08-128-spread	spread	hit	200	2
a08-128-spread	spread	miss	404	361
a08-128-spread	spread	hit	200	2
a08-128-spread	spread	miss	404	479
a08-128-spread	spread	hit	200	1
a08-128-spread	spread	miss	404	179
a08-128-spread	spread	hit	200	1
a08-128-spread	spread	miss	404	407
a08-128-spread	spread	hit	200	1
a08-128-spread	spread	miss	404	450
a08-128-spread	spread	hit	200	1
a08-128-spread	spread	miss	404	483
a08-128-spread	spread	hit	200	2
a08-128-spread	spread	miss	404	474
a08-128-spread	spread	hit	200	4
a08-128-spread	spread	miss	404	513
a08-128-spread	spread	hit	200	2
a08-128-spread	spread	miss	404	446
a08-128-spread	spread	hit	200	1
a08-128-spread	spread	miss	404	457
a08-128-spread	spread	hit	200	1
a08-128-spread	spread	miss	404	450
a08-128-spread	spread	hit	200	1
a08-128-spread	spread	miss	404	547
a08-128-spread	spread	hit	200	1
a08-128-spread	spread	miss	404	479
a08-128-spread	spread	hit	200	1
a08-128-spread	spread	miss	404	532
a08-128-spread	spread	hit	200	2
a08-128-spread	spread	miss	404	460
a08-128-spread	spread	hit	200	1
a08-128-spread	spread	miss	404	804
a08-128-spread	spread	hit	200	1
a08-128-spread	spread	miss	404	406
a08-128-spread	spread	hit	200	1
a08-128-spread	spread	miss	404	470
a08-128-spread	spread	hit	200	4
a08-128-spread	spread	miss	404	244
a08-128-spread	spread	hit	200	1
a08-128-spread	spread	miss	404	504
a08-128-spread	spread	hit	200	1
a08-128-spread	spread	miss	404	595
a08-128-spread	spread	hit	200	11
a08-128-spread	spread	miss	404	462
a08-128-spread	spread	hit	200	1
a08-128-spread	spread	miss	404	396
a08-128-spread	spread	hit	200	1
a08-128-spread	spread	miss	404	411
a08-128-spread	spread	hit	200	12
a08-128-spread	spread	miss	404	270
a08-128-spread	spread	hit	200	2
a08-128-spread	spread	miss	404	372
a08-128-spread	spread	hit	200	2
a08-128-spread	spread	miss	404	530
a08-128-spread	spread	hit	200	2
a08-128-spread	spread	miss	404	583
a08-128-spread	spread	hit	200	2
a08-128-spread	spread	miss	404	523
a08-128-spread	spread	hit	200	5
a08-128-spread	spread	miss	404	561
a08-128-spread	spread	hit	200	1
a08-128-spread	spread	miss	404	428
a08-128-spread	spread	hit	200	2
a08-128-spread	spread	miss	404	380
a08-128-spread	spread	hit	200	2
a08-128-spread	spread	miss	404	405
a08-128-spread	spread	hit	200	2
a08-128-spread	spread	miss	404	486
a08-128-spread	spread	hit	200	1
a08-128-spread	spread	miss	404	452
a08-128-spread	spread	hit	200	1
a08-128-spread	spread	miss	404	331
a08-128-spread	spread	hit	200	1
a08-128-spread	spread	miss	404	455
a08-128-spread	spread	hit	200	1
a08-128-spread	spread	miss	404	465
a08-128-spread	spread	hit	200	3
a08-128-spread	spread	miss	404	373
a08-128-spread	spread	hit	200	1
a08-128-spread	spread	miss	404	480
a08-128-spread	spread	hit	200	1
a08-128-spread	spread	miss	404	462
a08-128-spread	spread	hit	200	2
a08-128-spread	spread	miss	404	535
a08-128-spread	spread	hit	200	1
a08-128-spread	spread	miss	404	373
a08-128-spread	spread	hit	200	2
a08-128-spread	spread	miss	404	344
a08-128-spread	spread	hit	200	1
a08-128-spread	spread	miss	404	396
a08-128-spread	spread	hit	200	1
a08-128-spread	spread	miss	404	476
a08-128-spread	spread	hit	200	2
a08-128-spread	spread	miss	404	393
a08-128-spread	spread	hit	200	2
a08-128-spread	spread	miss	404	395
a08-128-spread	spread	hit	200	1
a08-128-spread	spread	miss	404	487
a08-128-spread	spread	hit	200	1
a08-128-spread	spread	miss	404	537
a08-128-spread	spread	hit	200	2
a08-128-spread	spread	miss	404	419
a08-128-spread	spread	hit	200	2
a08-128-spread	spread	miss	404	531
a08-128-spread	spread	hit	200	1
a08-128-spread	spread	miss	404	456
a08-128-spread	spread	hit	200	1
a08-128-spread	spread	miss	404	394
a08-128-spread	spread	hit	200	1
a08-128-spread	spread	miss	404	552
a08-128-spread	spread	hit	200	1
a08-128-spread	spread	miss	404	404
a08-128-spread	spread	hit	200	2
a08-128-spread	spread	miss	404	462
a08-128-spread	spread	hit	200	1
a08-128-spread	spread	miss	404	136
a08-128-spread	spread	hit	200	1
a08-128-spread	spread	miss	404	497
a08-128-spread	spread	hit	200	2
a08-128-spread	spread	miss	404	597
a08-128-spread	spread	hit	200	1
a08-128-spread	spread	miss	404	422
a08-128-spread	spread	hit	200	1
a08-128-spread	spread	miss	404	207
a08-128-spread	spread	hit	200	2
a08-128-spread	spread	miss	404	413
a08-128-spread	spread	hit	200	7
a08-128-spread	spread	miss	404	499
a08-128-spread	spread	hit	200	2
a08-128-spread	spread	miss	404	635
a08-128-spread	spread	hit	200	2
a08-128-spread	spread	miss	404	473
a08-128-spread	spread	hit	200	3
a08-128-spread	spread	miss	404	419
a08-128-spread	spread	hit	200	1
a08-128-spread	spread	miss	404	499
a08-128-spread	spread	hit	200	1
a08-128-spread	spread	miss	404	497
a08-128-spread	spread	hit	200	1
a08-128-spread	spread	miss	404	594
a08-128-spread	spread	hit	200	1
a08-128-spread	spread	miss	404	562
a08-128-spread	spread	hit	200	1
a08-128-spread	spread	miss	404	349
a08-128-spread	spread	hit	200	2
a08-128-spread	spread	miss	404	463
a08-128-spread	spread	hit	200	12
a08-128-spread	spread	miss	404	521
a08-128-spread	spread	hit	200	9
a08-128-spread	spread	miss	404	401
a08-128-spread	spread	hit	200	1
a08-128-spread	spread	miss	404	485
a08-128-spread	spread	hit	200	1
a08-128-spread	spread	miss	404	374
a08-128-spread	spread	hit	200	1
a08-128-spread	spread	miss	404	211
a08-128-spread	spread	hit	200	1
a08-128-spread	spread	miss	404	570
a08-128-spread	spread	hit	200	1
a08-128-spread	spread	miss	404	188
a08-128-spread	spread	hit	200	1
a08-128-spread	spread	miss	404	367
a08-128-spread	spread	hit	200	2
a08-128-spread	spread	miss	404	476
a08-128-spread	spread	hit	200	1
a08-128-spread	spread	miss	404	379
a08-128-spread	spread	hit	200	1
a08-128-spread	spread	miss	404	415
a08-128-spread	spread	hit	200	1
a08-128-spread	spread	miss	404	648
a08-128-spread	spread	hit	200	5
a08-128-spread	spread	miss	404	356
a08-128-spread	spread	hit	200	2
a08-128-spread	spread	miss	404	379
a08-128-spread	spread	hit	200	1
a08-128-spread	spread	miss	404	425
a08-128-spread	spread	hit	200	1
a08-128-spread	spread	miss	404	444
a08-128-spread	spread	hit	200	11
a08-128-spread	spread	miss	404	363
a08-128-spread	spread	hit	200	1
a08-128-spread	spread	miss	404	494
a08-128-spread	spread	hit	200	9
a08-128-spread	spread	miss	404	442
a08-128-spread	spread	hit	200	1
a08-128-spread	spread	miss	404	404
a08-128-spread	spread	hit	200	3
a08-128-spread	spread	miss	404	416
a08-128-spread	spread	hit	200	1
a08-128-spread	spread	miss	404	542
a08-128-spread	spread	hit	200	1
a08-128-spread	spread	miss	404	519
a08-128-spread	spread	hit	200	1
a08-128-spread	spread	miss	404	463
a08-128-spread	spread	hit	200	1
a08-128-spread	spread	miss	404	402
a08-128-spread	spread	hit	200	3
a08-128-spread	spread	miss	404	558
a08-128-spread	spread	hit	200	1
a08-128-spread	spread	miss	404	242
a08-128-spread	spread	hit	200	2
a08-128-spread	spread	miss	404	610
a08-128-spread	spread	hit	200	7
a08-128-spread	spread	miss	404	542
a08-128-spread	spread	hit	200	3
a08-128-spread	spread	miss	404	512
a08-128-spread	spread	hit	200	1
a08-128-spread	spread	miss	404	536
a08-128-spread	spread	hit	200	2
a08-128-spread	spread	miss	404	520
a08-128-spread	spread	hit	200	1
a08-128-spread	spread	miss	404	532
a08-128-spread	spread	hit	200	1
a08-128-spread	spread	miss	404	480
a08-128-spread	spread	hit	200	1
a08-128-spread	spread	miss	404	540
a08-128-spread	spread	hit	200	1
a08-128-spread	spread	miss	404	407
a08-128-spread	spread	hit	200	1
a08-128-spread	spread	miss	404	478
a08-128-spread	spread	hit	200	1
a08-128-spread	spread	miss	404	550
a08-128-spread	spread	hit	200	1
a08-128-spread	spread	miss	404	530
a08-128-spread	spread	hit	200	3
a08-128-spread	spread	miss	404	340
a08-128-spread	spread	hit	200	4
a08-128-spread	spread	miss	404	340
a08-128-spread	spread	hit	200	1
a08-128-spread	spread	miss	404	469
a08-128-spread	spread	hit	200	1
a08-128-spread	spread	miss	404	411
a08-128-spread	spread	hit	200	1
a08-128-spread	spread	miss	404	531
a08-128-spread	spread	hit	200	1
a08-128-spread	spread	miss	404	531
a08-128-spread	spread	hit	200	1
a08-128-spread	spread	miss	404	439
a08-128-spread	spread	hit	200	2
a08-128-spread	spread	miss	404	170
a08-128-spread	spread	hit	200	1
a08-128-spread	spread	miss	404	377
a08-128-spread	spread	hit	200	4
a08-128-spread	spread	miss	404	411
a08-128-spread	spread	hit	200	5
a08-128-spread	spread	miss	404	516
a08-128-spread	spread	hit	200	2
a08-128-spread	spread	miss	404	475
a08-128-spread	spread	hit	200	2
a08-128-spread	spread	miss	404	585
a08-128-spread	spread	hit	200	1
a08-128-spread	spread	miss	404	503
a08-128-spread	spread	hit	200	1
a08-128-spread	spread	miss	404	345
a08-128-spread	spread	hit	200	2
a08-128-spread	spread	miss	404	431
a08-128-spread	spread	hit	200	2
a08-128-spread	spread	miss	404	621
a08-128-spread	spread	hit	200	1
a08-128-spread	spread	miss	404	481
a08-128-spread	spread	hit	200	1
a08-128-spread	spread	miss	404	439
a08-128-spread	spread	hit	200	3
a08-128-spread	spread	miss	404	462
a08-128-spread	spread	hit	200	1
a08-128-spread	spread	miss	404	746
a08-128-spread	spread	hit	200	1
a08-128-spread	spread	miss	404	421
a08-128-spread	spread	hit	200	1
a08-128-spread	spread	miss	404	391
a08-128-spread	spread	hit	200	1
a08-128-spread	spread	miss	404	443
a08-128-spread	spread	hit	200	1
a08-128-spread	spread	miss	404	591
a08-128-spread	spread	hit	200	2
a08-128-spread	spread	miss	404	513
a08-128-spread	spread	hit	200	3
a08-128-spread	spread	miss	404	527
a08-128-spread	spread	hit	200	2
a08-128-spread	spread	miss	404	480
a08-128-spread	spread	hit	200	2
a08-128-spread	spread	miss	404	573
a08-128-spread	spread	hit	200	2
a08-128-spread	spread	miss	404	469
a08-128-spread	spread	hit	200	2
a08-128-spread	spread	miss	404	316
a08-128-spread	spread	hit	200	1
a08-128-spread	spread	miss	404	638
a08-128-spread	spread	hit	200	3
a08-128-spread	spread	miss	404	768
a08-128-spread	spread	hit	200	2
a08-128-spread	spread	miss	404	520
a08-128-spread	spread	hit	200	1
a08-128-spread	spread	miss	404	169
a08-128-spread	spread	hit	200	5
a08-128-spread	spread	miss	404	522
a08-128-spread	spread	hit	200	3
a08-128-spread	spread	miss	404	226
a08-128-spread	spread	hit	200	1
a08-128-spread	spread	miss	404	451
a08-128-spread	spread	hit	200	1
a08-128-spread	spread	miss	404	376
a08-128-spread	spread	hit	200	3
a08-128-spread	spread	miss	404	493
a08-128-spread	spread	hit	200	4
a08-128-spread	spread	miss	404	528
a08-128-spread	spread	hit	200	2
a08-128-spread	spread	miss	404	375
a08-128-spread	spread	hit	200	1
a08-128-spread	spread	miss	404	424
a08-128-spread	spread	hit	200	1
a08-128-spread	spread	miss	404	465
a08-128-spread	spread	hit	200	1
a08-128-spread	spread	miss	404	460
a08-128-spread	spread	hit	200	2
a08-128-spread	spread	miss	404	441
a08-128-spread	spread	hit	200	1
a08-128-spread	spread	miss	404	554
a08-128-spread	spread	hit	200	1
a08-128-spread	spread	miss	404	473
a08-128-spread	spread	hit	200	6
a08-128-spread	spread	miss	404	349
a08-128-spread	spread	hit	200	1
a08-128-spread	spread	miss	404	497
a08-128-spread	spread	hit	200	2
a08-128-spread	spread	miss	404	349
a08-128-spread	spread	hit	200	1
a08-128-spread	spread	miss	404	487
a08-128-spread	spread	hit	200	1
a08-128-spread	spread	miss	404	333
a08-128-spread	spread	hit	200	1
a08-128-spread	spread	miss	404	229
a08-128-spread	spread	hit	200	2
a08-128-spread	spread	miss	404	149
a08-128-spread	spread	hit	200	1
a08-128-spread	spread	miss	404	499
a08-128-spread	spread	hit	200	5
a08-128-spread	spread	miss	404	521
a08-128-spread	spread	hit	200	1
a08-128-spread	spread	miss	404	467
a08-128-spread	spread	hit	200	3
a08-128-spread	spread	miss	404	505
a08-128-spread	spread	hit	200	1
a08-128-spread	spread	miss	404	466
a08-128-spread	spread	hit	200	1
a08-128-spread	spread	miss	404	442
a08-128-spread	spread	hit	200	1
a08-128-spread	spread	miss	404	463
a08-128-spread	spread	hit	200	12
a08-128-spread	spread	miss	404	382
a08-128-spread	spread	hit	200	6
a08-128-spread	spread	miss	404	456
a08-128-spread	spread	hit	200	1
a08-128-spread	spread	miss	404	585
a08-128-spread	spread	hit	200	2
a08-128-spread	spread	miss	404	383
a08-128-spread	spread	hit	200	1
a08-128-spread	spread	miss	404	521
a08-128-spread	spread	hit	200	1
a08-128-spread	spread	miss	404	537
a08-128-spread	spread	hit	200	2
a08-128-spread	spread	miss	404	454
a08-128-spread	spread	hit	200	1
a08-128-spread	spread	miss	404	465
a08-128-spread	spread	hit	200	2
a08-128-spread	spread	miss	404	390
a08-128-spread	spread	hit	200	2
a08-128-spread	spread	miss	404	707
a08-128-spread	spread	hit	200	1
a08-128-spread	spread	miss	404	235
a08-128-spread	spread	hit	200	2
a08-128-spread	spread	miss	404	673
a08-128-spread	spread	hit	200	1
a08-128-spread	spread	miss	404	466
a08-128-spread	spread	hit	200	6
a08-128-spread	spread	miss	404	519
a08-128-spread	spread	hit	200	1
a08-128-spread	spread	miss	404	509
a08-128-spread	spread	hit	200	1
a08-128-spread	spread	miss	404	510
a08-128-spread	spread	hit	200	2
a08-128-spread	spread	miss	404	454
a08-128-spread	spread	hit	200	1
a08-128-spread	spread	miss	404	193
a08-128-spread	spread	hit	200	1
a08-128-spread	spread	miss	404	409
a08-128-spread	spread	hit	200	4
a08-128-spread	spread	miss	404	511
a08-128-spread	spread	hit	200	1
a08-128-spread	spread	miss	404	335
a08-128-spread	spread	hit	200	1
a08-128-spread	spread	miss	404	367
a08-128-spread	spread	hit	200	1
a08-128-spread	spread	miss	404	412
a08-128-spread	spread	hit	200	1
a08-128-spread	spread	miss	404	411
a08-128-spread	spread	hit	200	2
a08-128-spread	spread	miss	404	436
a08-128-spread	spread	hit	200	2
a08-128-spread	spread	miss	404	543
a08-128-spread	spread	hit	200	1
a08-128-spread	spread	miss	404	443
a08-128-spread	spread	hit	200	1
a08-128-spread	spread	miss	404	185
a08-128-spread	spread	hit	200	1
a08-128-spread	spread	miss	404	348
a08-128-spread	spread	hit	200	2
a08-128-spread	spread	miss	404	421
a08-128-spread	spread	hit	200	1
a08-128-spread	spread	miss	404	462
a08-128-spread	spread	hit	200	1
a08-128-spread	spread	miss	404	407
a08-128-spread	spread	hit	200	1
a08-128-spread	spread	miss	404	432
a08-128-spread	spread	hit	200	2
a08-128-spread	spread	miss	404	193
a08-128-spread	spread	hit	200	1
a08-128-spread	spread	miss	404	555
a08-128-spread	spread	hit	200	1
a08-128-spread	spread	miss	404	408
a08-128-spread	spread	hit	200	4
a08-128-spread	spread	miss	404	365
a08-128-spread	spread	hit	200	2
a08-128-spread	spread	miss	404	386
a08-128-spread	spread	hit	200	4
a08-128-spread	spread	miss	404	362
a08-128-spread	spread	hit	200	3
a08-128-spread	spread	miss	404	463
a08-128-spread	spread	hit	200	2
a08-128-spread	spread	miss	404	359
a08-128-spread	spread	hit	200	1
a08-128-spread	spread	miss	404	415
a08-128-spread	spread	hit	200	3
a08-128-spread	spread	miss	404	405
a08-128-spread	spread	hit	200	1
a08-128-spread	spread	miss	404	459
a08-128-spread	spread	hit	200	1
a08-128-spread	spread	miss	404	433
a08-128-spread	spread	hit	200	1
a08-128-spread	spread	miss	404	537
a08-128-spread	spread	hit	200	1
a08-128-spread	spread	miss	404	413
a08-128-spread	spread	hit	200	1
a08-128-spread	spread	miss	404	445
a08-128-spread	spread	hit	200	1
a08-128-spread	spread	miss	404	551
a08-128-spread	spread	hit	200	2
a08-128-spread	spread	miss	404	491
a08-128-spread	spread	hit	200	1
a08-128-spread	spread	miss	404	579
a08-128-spread	spread	hit	200	2
a08-128-spread	spread	miss	404	543
a08-128-spread	spread	hit	200	2
a08-128-spread	spread	miss	404	499
a08-128-spread	spread	hit	200	1
a08-128-spread	spread	miss	404	547
a08-128-spread	spread	hit	200	3
a08-128-spread	spread	miss	404	643
a08-128-spread	spread	hit	200	3
a08-128-spread	spread	miss	404	492
a08-128-spread	spread	hit	200	2
a08-128-spread	spread	miss	404	647
a08-128-spread	spread	hit	200	1
a08-128-spread	spread	miss	404	503
a08-128-spread	spread	hit	200	2
a08-128-spread	spread	miss	404	358
a08-128-spread	spread	hit	200	2
a08-128-spread	spread	miss	404	520
a08-128-spread	spread	hit	200	3
a08-128-spread	spread	miss	404	310
a08-128-spread	spread	hit	200	1
a08-128-spread	spread	miss	404	351
a08-128-spread	spread	hit	200	1
a08-128-spread	spread	miss	404	464
a08-128-spread	spread	hit	200	1
a08-128-spread	spread	miss	404	471
a08-128-spread	spread	hit	200	1
a08-128-spread	spread	miss	404	718
a08-128-spread	spread	hit	200	1
a08-128-spread	spread	miss	404	449
a08-128-spread	spread	hit	200	2
a08-128-spread	spread	miss	404	488
a08-128-spread	spread	hit	200	1
a08-128-spread	spread	miss	404	386
a08-128-spread	spread	hit	200	2
a08-128-spread	spread	miss	404	380
a08-128-spread	spread	hit	200	1
a08-128-spread	spread	miss	404	397
a08-128-spread	spread	hit	200	2
a08-128-spread	spread	miss	404	369
a08-128-spread	spread	hit	200	1
a08-128-spread	spread	miss	404	450
a08-128-spread	spread	hit	200	1
a08-128-spread	spread	miss	404	360
a08-128-spread	spread	hit	200	1
a08-128-spread	spread	miss	404	340
a08-128-spread	spread	hit	200	1
a08-128-spread	spread	miss	404	460
a08-128-spread	spread	hit	200	3
a08-128-spread	spread	miss	404	529
a08-128-spread	spread	hit	200	1
a08-128-spread	spread	miss	404	423
a08-128-spread	spread	hit	200	1
a08-128-spread	spread	miss	404	338
a08-128-spread	spread	hit	200	2
a08-128-spread	spread	miss	404	490
a08-128-spread	spread	hit	200	1
a08-128-spread	spread	miss	404	434
a08-128-spread	spread	hit	200	1
a08-128-spread	spread	miss	404	149
a08-128-spread	spread	hit	200	6
a08-128-spread	spread	miss	404	412
a08-128-spread	spread	hit	200	1
a08-128-spread	spread	miss	404	401
a08-128-spread	spread	hit	200	1
a08-128-spread	spread	miss	404	498
a08-128-spread	spread	hit	200	1
a08-128-spread	spread	miss	404	477
a08-128-spread	spread	hit	200	1
a08-128-spread	spread	miss	404	205
a08-128-spread	spread	hit	200	1
a08-128-spread	spread	miss	404	420
a08-128-spread	spread	hit	200	4
a08-128-spread	spread	miss	404	569
a08-128-spread	spread	hit	200	1
a08-128-spread	spread	miss	404	533
a08-128-spread	spread	hit	200	12
a08-128-spread	spread	miss	404	449
a08-128-spread	spread	hit	200	1
a08-128-spread	spread	miss	404	542
a08-128-spread	spread	hit	200	1
a08-128-spread	spread	miss	404	234
a08-128-spread	spread	hit	200	1
a08-128-spread	spread	miss	404	492
a08-128-spread	spread	hit	200	2
a08-128-spread	spread	miss	404	488
a08-128-spread	spread	hit	200	2
a08-128-spread	spread	miss	404	489
a08-128-spread	spread	hit	200	2
a08-128-spread	spread	miss	404	239
a08-128-spread	spread	hit	200	1
a08-128-spread	spread	miss	404	505
a08-128-spread	spread	hit	200	1
a08-128-spread	spread	miss	404	663
a08-128-spread	spread	hit	200	1
a08-128-spread	spread	miss	404	499
a08-128-spread	spread	hit	200	2
a08-128-spread	spread	miss	404	393
a08-128-spread	spread	hit	200	2
a08-128-spread	spread	miss	404	180
a08-128-spread	spread	hit	200	1
a08-128-spread	spread	miss	404	448
a08-128-spread	spread	hit	200	1
a08-128-spread	spread	miss	404	436
a08-128-spread	spread	hit	200	1
a08-128-spread	spread	miss	404	356
a08-128-spread	spread	hit	200	1
a08-128-spread	spread	miss	404	375
a08-128-spread	spread	hit	200	1
a08-128-spread	spread	miss	404	411
a08-128-spread	spread	hit	200	3
a08-128-spread	spread	miss	404	446
a08-128-spread	spread	hit	200	1
a08-128-spread	spread	miss	404	479
a08-128-spread	spread	hit	200	1
a08-128-spread	spread	miss	404	361
a08-128-spread	spread	hit	200	1
a08-128-spread	spread	miss	404	388
a08-128-spread	spread	hit	200	2
a08-128-spread	spread	miss	404	350
a08-128-spread	spread	hit	200	3
a08-128-spread	spread	miss	404	472
a08-128-spread	spread	hit	200	3
a08-128-spread	spread	miss	404	428
a08-128-spread	spread	hit	200	1
a08-128-spread	spread	miss	404	611
a08-128-spread	spread	hit	200	2
a08-128-spread	spread	miss	404	479
a08-128-spread	spread	hit	200	1
a08-128-spread	spread	miss	404	465
a08-128-spread	spread	hit	200	1
a08-128-spread	spread	miss	404	415
a08-128-spread	spread	hit	200	2
a08-128-spread	spread	miss	404	405
a08-128-spread	spread	hit	200	1
a08-128-spread	spread	miss	404	492
a08-128-spread	spread	hit	200	1
a08-128-spread	spread	miss	404	233
a08-128-spread	spread	hit	200	8
a08-128-spread	spread	miss	404	442
a08-128-spread	spread	hit	200	2
a08-128-spread	spread	miss	404	456
a08-128-spread	spread	hit	200	1
a08-128-spread	spread	miss	404	425
a08-128-spread	spread	hit	200	1
a08-128-spread	spread	miss	404	486
a08-128-spread	spread	hit	200	2
a08-128-spread	spread	miss	404	506
a08-128-spread	spread	hit	200	1
a08-128-spread	spread	miss	404	487
a08-128-spread	spread	hit	200	3
a08-128-spread	spread	miss	404	501
a08-128-spread	spread	hit	200	2
a08-128-spread	spread	miss	404	509
a08-128-spread	spread	hit	200	1
a08-128-spread	spread	miss	404	415
a08-128-spread	spread	hit	200	3
a08-128-spread	spread	miss	404	517
a08-128-spread	spread	hit	200	6
a08-128-spread	spread	miss	404	525
a08-128-spread	spread	hit	200	1
a08-128-spread	spread	miss	404	576
a08-128-spread	spread	hit	200	2
a08-128-spread	spread	miss	404	462
a08-128-spread	spread	hit	200	1
a08-128-spread	spread	miss	404	486
a08-128-spread	spread	hit	200	2
a08-128-spread	spread	miss	404	416
a08-128-spread	spread	hit	200	1
a08-128-spread	spread	miss	404	477
a08-128-spread	spread	hit	200	2
a08-128-spread	spread	miss	404	547
a08-128-spread	spread	hit	200	1
a08-128-spread	spread	miss	404	407
a08-128-spread	spread	hit	200	1
a08-128-spread	spread	miss	404	397
a08-128-spread	spread	hit	200	4
a08-128-spread	spread	miss	404	377
a08-128-spread	spread	hit	200	1
a08-128-spread	spread	miss	404	495
a08-128-spread	spread	hit	200	3
a08-128-spread	spread	miss	404	372
a08-128-spread	spread	hit	200	1
a08-128-spread	spread	miss	404	475
a08-128-spread	spread	hit	200	2
a08-128-spread	spread	miss	404	460
a08-128-spread	spread	hit	200	1
a08-128-spread	spread	miss	404	455
a08-128-spread	spread	hit	200	2
a08-128-spread	spread	miss	404	698
a08-128-spread	spread	hit	200	2
a08-128-spread	spread	miss	404	391
a08-128-spread	spread	hit	200	7
a08-128-spread	spread	miss	404	428
a08-128-spread	spread	hit	200	8
a08-128-spread	spread	miss	404	497
a08-128-spread	spread	hit	200	1
a08-128-spread	spread	miss	404	503
a08-128-spread	spread	hit	200	1
a08-128-spread	spread	miss	404	419
a08-128-spread	spread	hit	200	2
a08-128-spread	spread	miss	404	494
a08-128-spread	spread	hit	200	1
a08-128-spread	spread	miss	404	438
a08-128-spread	spread	hit	200	1
a08-128-spread	spread	miss	404	213
a08-128-spread	spread	hit	200	5
a08-128-spread	spread	miss	404	369
a08-128-spread	spread	hit	200	3
a08-128-spread	spread	miss	404	536
a08-128-spread	spread	hit	200	2
a08-128-spread	spread	miss	404	337
a08-128-spread	spread	hit	200	1
a08-128-spread	spread	miss	404	237
a08-128-spread	spread	hit	200	1
a08-128-spread	spread	miss	404	301
a08-128-spread	spread	hit	200	1
a08-128-spread	spread	miss	404	346
a08-128-spread	spread	hit	200	1
a08-128-spread	spread	miss	404	530
a08-128-spread	spread	hit	200	1
a08-128-spread	spread	miss	404	217
a08-128-spread	spread	hit	200	1
a08-128-spread	spread	miss	404	423
a08-128-spread	spread	hit	200	3
a08-128-spread	spread	miss	404	587
a08-128-spread	spread	hit	200	1
a08-128-spread	spread	miss	404	591
a08-128-spread	spread	hit	200	1
a08-128-spread	spread	miss	404	539
a08-128-spread	spread	hit	200	2
a08-128-spread	spread	miss	404	399
a08-128-spread	spread	hit	200	4
a08-128-spread	spread	miss	404	457
a08-128-spread	spread	hit	200	4
a08-128-spread	spread	miss	404	512
a08-128-spread	spread	hit	200	1
a08-128-spread	spread	miss	404	460
a08-128-spread	spread	hit	200	2
a08-128-spread	spread	miss	404	511
a08-128-spread	spread	hit	200	4
a08-128-spread	spread	miss	404	427
a08-128-spread	spread	hit	200	1
a08-128-spread	spread	miss	404	452
a08-128-spread	spread	hit	200	1
a08-128-spread	spread	miss	404	550
a08-128-spread	spread	hit	200	2
a08-128-spread	spread	miss	404	436
a08-128-spread	spread	hit	200	1
a08-128-spread	spread	miss	404	593
a08-128-spread	spread	hit	200	2
a08-128-spread	spread	miss	404	488
a08-128-spread	spread	hit	200	2
a08-128-spread	spread	miss	404	470
a08-128-spread	spread	hit	200	2
a08-128-spread	spread	miss	404	501
a08-128-spread	spread	hit	200	6
a08-128-spread	spread	miss	404	503
a08-128-spread	spread	hit	200	1
a08-128-spread	spread	miss	404	346
a08-128-spread	spread	hit	200	2
a08-128-spread	spread	miss	404	487
a08-128-spread	spread	hit	200	5
a08-128-spread	spread	miss	404	483
a08-128-spread	spread	hit	200	3
a08-128-spread	spread	miss	404	498
a08-128-spread	spread	hit	200	5
a08-128-spread	spread	miss	404	309
a08-128-spread	spread	hit	200	1
a08-128-spread	spread	miss	404	382
a08-128-spread	spread	hit	200	1
a08-128-spread	spread	miss	404	467
a08-128-spread	spread	hit	200	1
a08-128-spread	spread	miss	404	514
a08-128-spread	spread	hit	200	1
a08-128-spread	spread	miss	404	556
a08-128-spread	spread	hit	200	2
a08-128-spread	spread	miss	404	579
a08-128-spread	spread	hit	200	1
a08-128-spread	spread	miss	404	422
a08-128-spread	spread	hit	200	2
a08-128-spread	spread	miss	404	438
a08-128-spread	spread	hit	200	1
a08-128-spread	spread	miss	404	582
a08-128-spread	spread	hit	200	2
a08-128-spread	spread	miss	404	392
a08-128-spread	spread	hit	200	4
a08-128-spread	spread	miss	404	512
a08-128-spread	spread	hit	200	2
a08-128-spread	spread	miss	404	439
a08-128-spread	spread	hit	200	2
a08-128-spread	spread	miss	404	399
a08-128-spread	spread	hit	200	2
a08-128-spread	spread	miss	404	447
a08-128-spread	spread	hit	200	1
a08-128-spread	spread	miss	404	482
a08-128-spread	spread	hit	200	1
a08-128-spread	spread	miss	404	186
a08-128-spread	spread	hit	200	3
a08-128-spread	spread	miss	404	151
a08-128-spread	spread	hit	200	1
a08-128-spread	spread	miss	404	444
a08-128-spread	spread	hit	200	1
a08-128-spread	spread	miss	404	477
a08-128-spread	spread	hit	200	1
a08-128-spread	spread	miss	404	471
a08-128-spread	spread	hit	200	2
a08-128-spread	spread	miss	404	620
a08-128-spread	spread	hit	200	1
a08-128-spread	spread	miss	404	525
a08-128-spread	spread	hit	200	1
a08-128-spread	spread	miss	404	565
a08-128-spread	spread	hit	200	1
a08-128-spread	spread	miss	404	525
a08-128-spread	spread	hit	200	1
a08-128-spread	spread	miss	404	542
a08-128-spread	spread	hit	200	1
a08-128-spread	spread	miss	404	575
a08-128-spread	spread	hit	200	2
a08-128-spread	spread	miss	404	514
a08-128-spread	spread	hit	200	1
a08-128-spread	spread	miss	404	587
a08-128-spread	spread	hit	200	9
a08-128-spread	spread	miss	404	532
a08-128-spread	spread	hit	200	1
a08-128-spread	spread	miss	404	396
a08-128-spread	spread	hit	200	1
a08-128-spread	spread	miss	404	520
a08-128-spread	spread	hit	200	5
a08-128-spread	spread	miss	404	147
a08-128-spread	spread	hit	200	2
a08-128-spread	spread	miss	404	416
a08-128-spread	spread	hit	200	1
a08-128-spread	spread	miss	404	176
a08-128-spread	spread	hit	200	1
a08-128-spread	spread	miss	404	468
a08-128-spread	spread	hit	200	8
a08-128-spread	spread	miss	404	743
a08-128-spread	spread	hit	200	1
a08-128-spread	spread	miss	404	784
a08-128-spread	spread	hit	200	1
a08-128-spread	spread	miss	404	467
a08-128-spread	spread	hit	200	1
a08-128-spread	spread	miss	404	405
a08-128-spread	spread	hit	200	4
a08-128-spread	spread	miss	404	420
a08-128-spread	spread	hit	200	1
a08-128-spread	spread	miss	404	518
a08-128-spread	spread	hit	200	1
a08-128-spread	spread	miss	404	338
a08-128-spread	spread	hit	200	1
a08-128-spread	spread	miss	404	324
a08-128-spread	spread	hit	200	2
a08-128-spread	spread	miss	404	720
a08-128-spread	spread	hit	200	2
a08-128-spread	spread	miss	404	423
a08-128-spread	spread	hit	200	1
a08-128-spread	spread	miss	404	414
a08-128-spread	spread	hit	200	4
a08-128-spread	spread	miss	404	532
a08-128-spread	spread	hit	200	1
a08-128-spread	spread	miss	404	482
a08-128-spread	spread	hit	200	2
a08-128-spread	spread	miss	404	465
a08-128-spread	spread	hit	200	3
a08-128-spread	spread	miss	404	455
a08-128-spread	spread	hit	200	1
a08-128-spread	spread	miss	404	493
a08-128-spread	spread	hit	200	1
a08-128-spread	spread	miss	404	173
a08-128-spread	spread	hit	200	4
a08-128-spread	spread	miss	404	412
a08-128-spread	spread	hit	200	1
a08-128-spread	spread	miss	404	436
a08-128-spread	spread	hit	200	2
a08-128-spread	spread	miss	404	533
a08-128-spread	spread	hit	200	2
a08-128-spread	spread	miss	404	586
a08-128-spread	spread	hit	200	2
a08-128-spread	spread	miss	404	534
a08-128-spread	spread	hit	200	1
a08-128-spread	spread	miss	404	468
a08-128-spread	spread	hit	200	2
a08-128-spread	spread	miss	404	407
a08-128-spread	spread	hit	200	3
a08-128-spread	spread	miss	404	821
a08-128-spread	spread	hit	200	1
a08-128-spread	spread	miss	404	532
a08-128-spread	spread	hit	200	3
a08-128-spread	spread	miss	404	449
a08-128-spread	spread	hit	200	1
a08-128-spread	spread	miss	404	622
a08-128-spread	spread	hit	200	2
a08-128-spread	spread	miss	404	429
a08-128-spread	spread	hit	200	12
a08-128-spread	spread	miss	404	604
a08-128-spread	spread	hit	200	4
a08-128-spread	spread	miss	404	457
a08-128-spread	spread	hit	200	2
a08-128-spread	spread	miss	404	508
a08-128-spread	spread	hit	200	8
a08-128-spread	spread	miss	404	592
a08-128-spread	spread	hit	200	2
a08-128-spread	spread	miss	404	596
a08-128-spread	spread	hit	200	6
a08-128-spread	spread	miss	404	529
a08-128-spread	spread	hit	200	1
a08-128-spread	spread	miss	404	420
a08-128-spread	spread	hit	200	3
a08-128-spread	spread	miss	404	371
a08-128-spread	spread	hit	200	1
a08-128-spread	spread	miss	404	488
a08-128-spread	spread	hit	200	1
a08-128-spread	spread	miss	404	381
a08-128-spread	spread	hit	200	1
a08-128-spread	spread	miss	404	527
a08-128-spread	spread	hit	200	3
a08-128-spread	spread	miss	404	478
a08-128-spread	spread	hit	200	1
a08-128-spread	spread	miss	404	537
a08-128-spread	spread	hit	200	1
a08-128-spread	spread	miss	404	425
a08-128-spread	spread	hit	200	1
a08-128-spread	spread	miss	404	446
a08-128-spread	spread	hit	200	1
a08-128-spread	spread	miss	404	558
a08-128-spread	spread	hit	200	1
a08-128-spread	spread	miss	404	437
a08-128-spread	spread	hit	200	1
a08-128-spread	spread	miss	404	394
a08-128-spread	spread	hit	200	1
a08-128-spread	spread	miss	404	498
a08-128-spread	spread	hit	200	1
a08-128-spread	spread	miss	404	436
a08-128-spread	spread	hit	200	1
a08-128-spread	spread	miss	404	411
a08-128-spread	spread	hit	200	1
a08-128-spread	spread	miss	404	447
a08-128-spread	spread	hit	200	1
a08-128-spread	spread	miss	404	432
a08-128-spread	spread	hit	200	3
a08-128-spread	spread	miss	404	400
a08-128-spread	spread	hit	200	1
a08-128-spread	spread	miss	404	419
a08-128-spread	spread	hit	200	1
a08-128-spread	spread	miss	404	400
a08-128-spread	spread	hit	200	1
a08-128-spread	spread	miss	404	531
a08-128-spread	spread	hit	200	3
a08-128-spread	spread	miss	404	385
a08-128-spread	spread	hit	200	1
a08-128-spread	spread	miss	404	440
a08-128-spread	spread	hit	200	6
a08-128-spread	spread	miss	404	447
a08-128-spread	spread	hit	200	2
a08-128-spread	spread	miss	404	316
a08-128-spread	spread	hit	200	4
a08-128-spread	spread	miss	404	528
a08-128-spread	spread	hit	200	2
a08-128-spread	spread	miss	404	559
a08-128-spread	spread	hit	200	1
a08-128-spread	spread	miss	404	430
a08-128-spread	spread	hit	200	1
a08-128-spread	spread	miss	404	419
a08-128-spread	spread	hit	200	2
a08-128-spread	spread	miss	404	511
a08-128-spread	spread	hit	200	1
a08-128-spread	spread	miss	404	477
a08-128-spread	spread	hit	200	2
a08-128-spread	spread	miss	404	384
a08-128-spread	spread	hit	200	2
a08-128-spread	spread	miss	404	569
a08-128-spread	spread	hit	200	3
a08-128-spread	spread	miss	404	626
a08-128-spread	spread	hit	200	1
a08-128-spread	spread	miss	404	485
a08-128-spread	spread	hit	200	1
a08-128-spread	spread	miss	404	316
a08-128-spread	spread	hit	200	1
a08-128-spread	spread	miss	404	636
a08-128-spread	spread	hit	200	1
a08-128-spread	spread	miss	404	570
a08-128-spread	spread	hit	200	1
a08-128-spread	spread	miss	404	537
a08-128-spread	spread	hit	200	3
a08-128-spread	spread	miss	404	453
a08-128-spread	spread	hit	200	2
a08-128-spread	spread	miss	404	245
a08-128-spread	spread	hit	200	1
a08-128-spread	spread	miss	404	493
a08-128-spread	spread	hit	200	5
a08-128-spread	spread	miss	404	578
a08-128-spread	spread	hit	200	1
a08-128-spread	spread	miss	404	412
a08-128-spread	spread	hit	200	3
a08-128-spread	spread	miss	404	166
a08-128-spread	spread	hit	200	2
a08-128-spread	spread	miss	404	516
a08-128-spread	spread	hit	200	2
a08-128-spread	spread	miss	404	476
a08-128-spread	spread	hit	200	1
a08-128-spread	spread	miss	404	472
a08-128-spread	spread	hit	200	1
a08-128-spread	spread	miss	404	683
a08-128-spread	spread	hit	200	1
a08-128-spread	spread	miss	404	373
a08-128-spread	spread	hit	200	1
a08-128-spread	spread	miss	404	395
a08-128-spread	spread	hit	200	1
a08-128-spread	spread	miss	404	498
a08-128-spread	spread	hit	200	2
a08-128-spread	spread	miss	404	511
a08-128-spread	spread	hit	200	3
a08-128-spread	spread	miss	404	419
a08-128-spread	spread	hit	200	1
a08-128-spread	spread	miss	404	357
a08-128-spread	spread	hit	200	1
a08-128-spread	spread	miss	404	314
a08-128-spread	spread	hit	200	2
a08-128-spread	spread	miss	404	414
a08-128-spread	spread	hit	200	1
a08-128-spread	spread	miss	404	520
a08-128-spread	spread	hit	200	2
a08-128-spread	spread	miss	404	366
a08-128-spread	spread	hit	200	1
a08-128-spread	spread	miss	404	328
a08-128-spread	spread	hit	200	2
a08-128-spread	spread	miss	404	499
a08-128-spread	spread	hit	200	1
a08-128-spread	spread	miss	404	406
a08-128-spread	spread	hit	200	1
a08-128-spread	spread	miss	404	441
a08-128-spread	spread	hit	200	1
a08-128-spread	spread	miss	404	387
a08-128-spread	spread	hit	200	2
a08-128-spread	spread	miss	404	484
a08-128-spread	spread	hit	200	1
a08-128-spread	spread	miss	404	411
a08-128-spread	spread	hit	200	1
a08-128-spread	spread	miss	404	496
a08-128-spread	spread	hit	200	1
a08-128-spread	spread	miss	404	306
a08-128-spread	spread	hit	200	2
a08-128-spread	spread	miss	404	591
a08-128-spread	spread	hit	200	1
a08-128-spread	spread	miss	404	590
a08-128-spread	spread	hit	200	2
a08-128-spread	spread	miss	404	406
a08-128-spread	spread	hit	200	3
a08-128-spread	spread	miss	404	518
a08-128-spread	spread	hit	200	1
a08-128-spread	spread	miss	404	565
a08-128-spread	spread	hit	200	1
a08-128-spread	spread	miss	404	635
a08-128-spread	spread	hit	200	1
a08-128-spread	spread	miss	404	680
a08-128-spread	spread	hit	200	2
a08-128-spread	spread	miss	404	505
a08-128-spread	spread	hit	200	6
a08-128-spread	spread	miss	404	431
a08-128-spread	spread	hit	200	1
a08-128-spread	spread	miss	404	283
a08-128-spread	spread	hit	200	3
a08-128-spread	spread	miss	404	745
a08-128-spread	spread	hit	200	3
a08-128-spread	spread	miss	404	454
a08-128-spread	spread	hit	200	3
a08-128-spread	spread	miss	404	498
a08-128-spread	spread	hit	200	2
a08-128-spread	spread	miss	404	611
a08-128-spread	spread	hit	200	7
a08-128-spread	spread	miss	404	581
a08-128-spread	spread	hit	200	1
a08-128-spread	spread	miss	404	416
a08-128-spread	spread	hit	200	1
a08-128-spread	spread	miss	404	488
a09-128-same	same	hit	200	1
a09-128-same	same	miss	404	452
a09-128-same	same	hit	200	1
a09-128-same	same	miss	404	423
a09-128-same	same	hit	200	1
a09-128-same	same	miss	404	387
a09-128-same	same	hit	200	1
a09-128-same	same	miss	404	468
a09-128-same	same	hit	200	1
a09-128-same	same	miss	404	196
a09-128-same	same	hit	200	1
a09-128-same	same	miss	404	848
a09-128-same	same	hit	200	1
a09-128-same	same	miss	404	419
a09-128-same	same	hit	200	1
a09-128-same	same	miss	404	562
a09-128-same	same	hit	200	2
a09-128-same	same	miss	404	492
a09-128-same	same	hit	200	2
a09-128-same	same	miss	404	498
a09-128-same	same	hit	200	1
a09-128-same	same	miss	404	360
a09-128-same	same	hit	200	2
a09-128-same	same	miss	404	461
a09-128-same	same	hit	200	2
a09-128-same	same	miss	404	584
a09-128-same	same	hit	200	2
a09-128-same	same	miss	404	727
a09-128-same	same	hit	200	1
a09-128-same	same	miss	404	660
a09-128-same	same	hit	200	2
a09-128-same	same	miss	404	377
a09-128-same	same	hit	200	2
a09-128-same	same	miss	404	377
a09-128-same	same	hit	200	1
a09-128-same	same	miss	404	621
a09-128-same	same	hit	200	1
a09-128-same	same	miss	404	459
a09-128-same	same	hit	200	1
a09-128-same	same	miss	404	506
a09-128-same	same	hit	200	1
a09-128-same	same	miss	404	363
a09-128-same	same	hit	200	11
a09-128-same	same	miss	404	486
a09-128-same	same	hit	200	3
a09-128-same	same	miss	404	433
a09-128-same	same	hit	200	1
a09-128-same	same	miss	404	660
a09-128-same	same	hit	200	4
a09-128-same	same	miss	404	225
a09-128-same	same	hit	200	1
a09-128-same	same	miss	404	305
a09-128-same	same	hit	200	3
a09-128-same	same	miss	404	222
a09-128-same	same	hit	200	5
a09-128-same	same	miss	404	638
a09-128-same	same	hit	200	1
a09-128-same	same	miss	404	539
a09-128-same	same	hit	200	1
a09-128-same	same	miss	404	479
a09-128-same	same	hit	200	3
a09-128-same	same	miss	404	513
a09-128-same	same	hit	200	4
a09-128-same	same	miss	404	516
a09-128-same	same	hit	200	3
a09-128-same	same	miss	404	689
a09-128-same	same	hit	200	2
a09-128-same	same	miss	404	525
a09-128-same	same	hit	200	1
a09-128-same	same	miss	404	503
a09-128-same	same	hit	200	2
a09-128-same	same	miss	404	529
a09-128-same	same	hit	200	1
a09-128-same	same	miss	404	389
a09-128-same	same	hit	200	1
a09-128-same	same	miss	404	598
a09-128-same	same	hit	200	1
a09-128-same	same	miss	404	333
a09-128-same	same	hit	200	2
a09-128-same	same	miss	404	425
a09-128-same	same	hit	200	11
a09-128-same	same	miss	404	308
a09-128-same	same	hit	200	2
a09-128-same	same	miss	404	428
a09-128-same	same	hit	200	4
a09-128-same	same	miss	404	448
a09-128-same	same	hit	200	4
a09-128-same	same	miss	404	349
a09-128-same	same	hit	200	2
a09-128-same	same	miss	404	425
a09-128-same	same	hit	200	2
a09-128-same	same	miss	404	462
a09-128-same	same	hit	200	1
a09-128-same	same	miss	404	422
a09-128-same	same	hit	200	1
a09-128-same	same	miss	404	430
a09-128-same	same	hit	200	1
a09-128-same	same	miss	404	406
a09-128-same	same	hit	200	1
a09-128-same	same	miss	404	357
a09-128-same	same	hit	200	1
a09-128-same	same	miss	404	402
a09-128-same	same	hit	200	1
a09-128-same	same	miss	404	547
a09-128-same	same	hit	200	1
a09-128-same	same	miss	404	404
a09-128-same	same	hit	200	3
a09-128-same	same	miss	404	395
a09-128-same	same	hit	200	1
a09-128-same	same	miss	404	186
a09-128-same	same	hit	200	2
a09-128-same	same	miss	404	395
a09-128-same	same	hit	200	1
a09-128-same	same	miss	404	539
a09-128-same	same	hit	200	1
a09-128-same	same	miss	404	491
a09-128-same	same	hit	200	2
a09-128-same	same	miss	404	151
a09-128-same	same	hit	200	1
a09-128-same	same	miss	404	462
a09-128-same	same	hit	200	1
a09-128-same	same	miss	404	523
a09-128-same	same	hit	200	2
a09-128-same	same	miss	404	466
a09-128-same	same	hit	200	1
a09-128-same	same	miss	404	795
a09-128-same	same	hit	200	1
a09-128-same	same	miss	404	539
a09-128-same	same	hit	200	1
a09-128-same	same	miss	404	502
a09-128-same	same	hit	200	2
a09-128-same	same	miss	404	452
a09-128-same	same	hit	200	7
a09-128-same	same	miss	404	495
a09-128-same	same	hit	200	1
a09-128-same	same	miss	404	506
a09-128-same	same	hit	200	1
a09-128-same	same	miss	404	397
a09-128-same	same	hit	200	2
a09-128-same	same	miss	404	475
a09-128-same	same	hit	200	1
a09-128-same	same	miss	404	505
a09-128-same	same	hit	200	2
a09-128-same	same	miss	404	510
a09-128-same	same	hit	200	1
a09-128-same	same	miss	404	711
a09-128-same	same	hit	200	18
a09-128-same	same	miss	404	437
a09-128-same	same	hit	200	2
a09-128-same	same	miss	404	541
a09-128-same	same	hit	200	1
a09-128-same	same	miss	404	597
a09-128-same	same	hit	200	4
a09-128-same	same	miss	404	399
a09-128-same	same	hit	200	1
a09-128-same	same	miss	404	503
a09-128-same	same	hit	200	1
a09-128-same	same	miss	404	528
a09-128-same	same	hit	200	1
a09-128-same	same	miss	404	416
a09-128-same	same	hit	200	2
a09-128-same	same	miss	404	490
a09-128-same	same	hit	200	3
a09-128-same	same	miss	404	478
a09-128-same	same	hit	200	1
a09-128-same	same	miss	404	405
a09-128-same	same	hit	200	1
a09-128-same	same	miss	404	357
a09-128-same	same	hit	200	1
a09-128-same	same	miss	404	511
a09-128-same	same	hit	200	2
a09-128-same	same	miss	404	517
a09-128-same	same	hit	200	1
a09-128-same	same	miss	404	341
a09-128-same	same	hit	200	3
a09-128-same	same	miss	404	508
a09-128-same	same	hit	200	2
a09-128-same	same	miss	404	412
a09-128-same	same	hit	200	1
a09-128-same	same	miss	404	462
a09-128-same	same	hit	200	1
a09-128-same	same	miss	404	441
a09-128-same	same	hit	200	1
a09-128-same	same	miss	404	490
a09-128-same	same	hit	200	1
a09-128-same	same	miss	404	417
a09-128-same	same	hit	200	3
a09-128-same	same	miss	404	414
a09-128-same	same	hit	200	3
a09-128-same	same	miss	404	203
a09-128-same	same	hit	200	1
a09-128-same	same	miss	404	525
a09-128-same	same	hit	200	2
a09-128-same	same	miss	404	414
a09-128-same	same	hit	200	1
a09-128-same	same	miss	404	425
a09-128-same	same	hit	200	4
a09-128-same	same	miss	404	404
a09-128-same	same	hit	200	1
a09-128-same	same	miss	404	300
a09-128-same	same	hit	200	1
a09-128-same	same	miss	404	421
a09-128-same	same	hit	200	1
a09-128-same	same	miss	404	586
a09-128-same	same	hit	200	2
a09-128-same	same	miss	404	426
a09-128-same	same	hit	200	6
a09-128-same	same	miss	404	441
a09-128-same	same	hit	200	2
a09-128-same	same	miss	404	486
a09-128-same	same	hit	200	1
a09-128-same	same	miss	404	487
a09-128-same	same	hit	200	8
a09-128-same	same	miss	404	557
a09-128-same	same	hit	200	2
a09-128-same	same	miss	404	595
a09-128-same	same	hit	200	2
a09-128-same	same	miss	404	611
a09-128-same	same	hit	200	1
a09-128-same	same	miss	404	580
a09-128-same	same	hit	200	1
a09-128-same	same	miss	404	404
a09-128-same	same	hit	200	2
a09-128-same	same	miss	404	1272
a09-128-same	same	hit	200	4
a09-128-same	same	miss	404	515
a09-128-same	same	hit	200	1
a09-128-same	same	miss	404	562
a09-128-same	same	hit	200	1
a09-128-same	same	miss	404	491
a09-128-same	same	hit	200	1
a09-128-same	same	miss	404	552
a09-128-same	same	hit	200	1
a09-128-same	same	miss	404	555
a09-128-same	same	hit	200	2
a09-128-same	same	miss	404	465
a09-128-same	same	hit	200	2
a09-128-same	same	miss	404	687
a09-128-same	same	hit	200	1
a09-128-same	same	miss	404	292
a09-128-same	same	hit	200	3
a09-128-same	same	miss	404	479
a09-128-same	same	hit	200	1
a09-128-same	same	miss	404	395
a09-128-same	same	hit	200	1
a09-128-same	same	miss	404	533
a09-128-same	same	hit	200	1
a09-128-same	same	miss	404	345
a09-128-same	same	hit	200	1
a09-128-same	same	miss	404	479
a09-128-same	same	hit	200	1
a09-128-same	same	miss	404	471
a09-128-same	same	hit	200	2
a09-128-same	same	miss	404	179
a09-128-same	same	hit	200	6
a09-128-same	same	miss	404	258
a09-128-same	same	hit	200	1
a09-128-same	same	miss	404	334
a09-128-same	same	hit	200	1
a09-128-same	same	miss	404	523
a09-128-same	same	hit	200	1
a09-128-same	same	miss	404	474
a09-128-same	same	hit	200	1
a09-128-same	same	miss	404	465
a09-128-same	same	hit	200	2
a09-128-same	same	miss	404	464
a09-128-same	same	hit	200	1
a09-128-same	same	miss	404	352
a09-128-same	same	hit	200	1
a09-128-same	same	miss	404	366
a09-128-same	same	hit	200	1
a09-128-same	same	miss	404	543
a09-128-same	same	hit	200	1
a09-128-same	same	miss	404	381
a09-128-same	same	hit	200	2
a09-128-same	same	miss	404	526
a09-128-same	same	hit	200	1
a09-128-same	same	miss	404	177
a09-128-same	same	hit	200	1
a09-128-same	same	miss	404	382
a09-128-same	same	hit	200	1
a09-128-same	same	miss	404	486
a09-128-same	same	hit	200	1
a09-128-same	same	miss	404	766
a09-128-same	same	hit	200	1
a09-128-same	same	miss	404	473
a09-128-same	same	hit	200	3
a09-128-same	same	miss	404	436
a09-128-same	same	hit	200	1
a09-128-same	same	miss	404	145
a09-128-same	same	hit	200	1
a09-128-same	same	miss	404	686
a09-128-same	same	hit	200	1
a09-128-same	same	miss	404	535
a09-128-same	same	hit	200	1
a09-128-same	same	miss	404	647
a09-128-same	same	hit	200	3
a09-128-same	same	miss	404	544
a09-128-same	same	hit	200	3
a09-128-same	same	miss	404	464
a09-128-same	same	hit	200	1
a09-128-same	same	miss	404	500
a09-128-same	same	hit	200	1
a09-128-same	same	miss	404	621
a09-128-same	same	hit	200	2
a09-128-same	same	miss	404	473
a09-128-same	same	hit	200	3
a09-128-same	same	miss	404	326
a09-128-same	same	hit	200	3
a09-128-same	same	miss	404	455
a09-128-same	same	hit	200	4
a09-128-same	same	miss	404	610
a09-128-same	same	hit	200	3
a09-128-same	same	miss	404	395
a09-128-same	same	hit	200	2
a09-128-same	same	miss	404	580
a09-128-same	same	hit	200	1
a09-128-same	same	miss	404	465
a09-128-same	same	hit	200	2
a09-128-same	same	miss	404	448
a09-128-same	same	hit	200	6
a09-128-same	same	miss	404	488
a09-128-same	same	hit	200	1
a09-128-same	same	miss	404	473
a09-128-same	same	hit	200	2
a09-128-same	same	miss	404	420
a09-128-same	same	hit	200	2
a09-128-same	same	miss	404	485
a09-128-same	same	hit	200	1
a09-128-same	same	miss	404	671
a09-128-same	same	hit	200	1
a09-128-same	same	miss	404	550
a09-128-same	same	hit	200	3
a09-128-same	same	miss	404	464
a09-128-same	same	hit	200	4
a09-128-same	same	miss	404	433
a09-128-same	same	hit	200	1
a09-128-same	same	miss	404	305
a09-128-same	same	hit	200	1
a09-128-same	same	miss	404	373
a09-128-same	same	hit	200	1
a09-128-same	same	miss	404	500
a09-128-same	same	hit	200	1
a09-128-same	same	miss	404	464
a09-128-same	same	hit	200	2
a09-128-same	same	miss	404	536
a09-128-same	same	hit	200	1
a09-128-same	same	miss	404	357
a09-128-same	same	hit	200	1
a09-128-same	same	miss	404	393
a09-128-same	same	hit	200	1
a09-128-same	same	miss	404	368
a09-128-same	same	hit	200	1
a09-128-same	same	miss	404	471
a09-128-same	same	hit	200	1
a09-128-same	same	miss	404	430
a09-128-same	same	hit	200	1
a09-128-same	same	miss	404	490
a09-128-same	same	hit	200	1
a09-128-same	same	miss	404	433
a09-128-same	same	hit	200	1
a09-128-same	same	miss	404	531
a09-128-same	same	hit	200	1
a09-128-same	same	miss	404	448
a09-128-same	same	hit	200	1
a09-128-same	same	miss	404	445
a09-128-same	same	hit	200	1
a09-128-same	same	miss	404	392
a09-128-same	same	hit	200	1
a09-128-same	same	miss	404	1135
a09-128-same	same	hit	200	2
a09-128-same	same	miss	404	1087
a09-128-same	same	hit	200	2
a09-128-same	same	miss	404	524
a09-128-same	same	hit	200	1
a09-128-same	same	miss	404	441
a09-128-same	same	hit	200	1
a09-128-same	same	miss	404	466
a09-128-same	same	hit	200	1
a09-128-same	same	miss	404	523
a09-128-same	same	hit	200	1
a09-128-same	same	miss	404	509
a09-128-same	same	hit	200	1
a09-128-same	same	miss	404	604
a09-128-same	same	hit	200	1
a09-128-same	same	miss	404	572
a09-128-same	same	hit	200	2
a09-128-same	same	miss	404	349
a09-128-same	same	hit	200	2
a09-128-same	same	miss	404	508
a09-128-same	same	hit	200	2
a09-128-same	same	miss	404	535
a09-128-same	same	hit	200	3
a09-128-same	same	miss	404	388
a09-128-same	same	hit	200	3
a09-128-same	same	miss	404	476
a09-128-same	same	hit	200	1
a09-128-same	same	miss	404	446
a09-128-same	same	hit	200	1
a09-128-same	same	miss	404	463
a09-128-same	same	hit	200	3
a09-128-same	same	miss	404	526
a09-128-same	same	hit	200	1
a09-128-same	same	miss	404	494
a09-128-same	same	hit	200	2
a09-128-same	same	miss	404	403
a09-128-same	same	hit	200	1
a09-128-same	same	miss	404	644
a09-128-same	same	hit	200	2
a09-128-same	same	miss	404	488
a09-128-same	same	hit	200	1
a09-128-same	same	miss	404	398
a09-128-same	same	hit	200	1
a09-128-same	same	miss	404	521
a09-128-same	same	hit	200	1
a09-128-same	same	miss	404	534
a09-128-same	same	hit	200	3
a09-128-same	same	miss	404	568
a09-128-same	same	hit	200	1
a09-128-same	same	miss	404	489
a09-128-same	same	hit	200	1
a09-128-same	same	miss	404	485
a09-128-same	same	hit	200	1
a09-128-same	same	miss	404	449
a09-128-same	same	hit	200	3
a09-128-same	same	miss	404	552
a09-128-same	same	hit	200	1
a09-128-same	same	miss	404	387
a09-128-same	same	hit	200	2
a09-128-same	same	miss	404	429
a09-128-same	same	hit	200	3
a09-128-same	same	miss	404	463
a09-128-same	same	hit	200	2
a09-128-same	same	miss	404	481
a09-128-same	same	hit	200	1
a09-128-same	same	miss	404	578
a09-128-same	same	hit	200	1
a09-128-same	same	miss	404	383
a09-128-same	same	hit	200	1
a09-128-same	same	miss	404	386
a09-128-same	same	hit	200	3
a09-128-same	same	miss	404	489
a09-128-same	same	hit	200	2
a09-128-same	same	miss	404	712
a09-128-same	same	hit	200	2
a09-128-same	same	miss	404	423
a09-128-same	same	hit	200	3
a09-128-same	same	miss	404	441
a09-128-same	same	hit	200	1
a09-128-same	same	miss	404	623
a09-128-same	same	hit	200	1
a09-128-same	same	miss	404	649
a09-128-same	same	hit	200	2
a09-128-same	same	miss	404	580
a09-128-same	same	hit	200	1
a09-128-same	same	miss	404	547
a09-128-same	same	hit	200	1
a09-128-same	same	miss	404	659
a09-128-same	same	hit	200	2
a09-128-same	same	miss	404	404
a09-128-same	same	hit	200	1
a09-128-same	same	miss	404	519
a09-128-same	same	hit	200	2
a09-128-same	same	miss	404	612
a09-128-same	same	hit	200	1
a09-128-same	same	miss	404	456
a09-128-same	same	hit	200	2
a09-128-same	same	miss	404	477
a09-128-same	same	hit	200	1
a09-128-same	same	miss	404	539
a09-128-same	same	hit	200	2
a09-128-same	same	miss	404	764
a09-128-same	same	hit	200	7
a09-128-same	same	miss	404	506
a09-128-same	same	hit	200	2
a09-128-same	same	miss	404	481
a09-128-same	same	hit	200	1
a09-128-same	same	miss	404	551
a09-128-same	same	hit	200	1
a09-128-same	same	miss	404	507
a09-128-same	same	hit	200	1
a09-128-same	same	miss	404	362
a09-128-same	same	hit	200	1
a09-128-same	same	miss	404	429
a09-128-same	same	hit	200	1
a09-128-same	same	miss	404	427
a09-128-same	same	hit	200	1
a09-128-same	same	miss	404	413
a09-128-same	same	hit	200	4
a09-128-same	same	miss	404	517
a09-128-same	same	hit	200	1
a09-128-same	same	miss	404	452
a09-128-same	same	hit	200	1
a09-128-same	same	miss	404	182
a09-128-same	same	hit	200	1
a09-128-same	same	miss	404	166
a09-128-same	same	hit	200	1
a09-128-same	same	miss	404	475
a09-128-same	same	hit	200	1
a09-128-same	same	miss	404	507
a09-128-same	same	hit	200	1
a09-128-same	same	miss	404	585
a09-128-same	same	hit	200	1
a09-128-same	same	miss	404	497
a09-128-same	same	hit	200	2
a09-128-same	same	miss	404	378
a09-128-same	same	hit	200	1
a09-128-same	same	miss	404	415
a09-128-same	same	hit	200	1
a09-128-same	same	miss	404	218
a09-128-same	same	hit	200	2
a09-128-same	same	miss	404	447
a09-128-same	same	hit	200	2
a09-128-same	same	miss	404	331
a09-128-same	same	hit	200	1
a09-128-same	same	miss	404	430
a09-128-same	same	hit	200	1
a09-128-same	same	miss	404	525
a09-128-same	same	hit	200	2
a09-128-same	same	miss	404	464
a09-128-same	same	hit	200	1
a09-128-same	same	miss	404	417
a09-128-same	same	hit	200	2
a09-128-same	same	miss	404	625
a09-128-same	same	hit	200	2
a09-128-same	same	miss	404	391
a09-128-same	same	hit	200	2
a09-128-same	same	miss	404	471
a09-128-same	same	hit	200	1
a09-128-same	same	miss	404	659
a09-128-same	same	hit	200	2
a09-128-same	same	miss	404	434
a09-128-same	same	hit	200	1
a09-128-same	same	miss	404	492
a09-128-same	same	hit	200	6
a09-128-same	same	miss	404	640
a09-128-same	same	hit	200	2
a09-128-same	same	miss	404	264
a09-128-same	same	hit	200	1
a09-128-same	same	miss	404	598
a09-128-same	same	hit	200	1
a09-128-same	same	miss	404	212
a09-128-same	same	hit	200	2
a09-128-same	same	miss	404	1279
a09-128-same	same	hit	200	1
a09-128-same	same	miss	404	529
a09-128-same	same	hit	200	1
a09-128-same	same	miss	404	517
a09-128-same	same	hit	200	3
a09-128-same	same	miss	404	650
a09-128-same	same	hit	200	2
a09-128-same	same	miss	404	428
a09-128-same	same	hit	200	1
a09-128-same	same	miss	404	495
a09-128-same	same	hit	200	2
a09-128-same	same	miss	404	447
a09-128-same	same	hit	200	1
a09-128-same	same	miss	404	563
a09-128-same	same	hit	200	2
a09-128-same	same	miss	404	464
a09-128-same	same	hit	200	1
a09-128-same	same	miss	404	477
a09-128-same	same	hit	200	4
a09-128-same	same	miss	404	461
a09-128-same	same	hit	200	1
a09-128-same	same	miss	404	336
a09-128-same	same	hit	200	1
a09-128-same	same	miss	404	491
a09-128-same	same	hit	200	1
a09-128-same	same	miss	404	654
a09-128-same	same	hit	200	2
a09-128-same	same	miss	404	490
a09-128-same	same	hit	200	1
a09-128-same	same	miss	404	521
a09-128-same	same	hit	200	1
a09-128-same	same	miss	404	547
a09-128-same	same	hit	200	3
a09-128-same	same	miss	404	366
a09-128-same	same	hit	200	2
a09-128-same	same	miss	404	451
a09-128-same	same	hit	200	2
a09-128-same	same	miss	404	484
a09-128-same	same	hit	200	1
a09-128-same	same	miss	404	441
a09-128-same	same	hit	200	1
a09-128-same	same	miss	404	437
a09-128-same	same	hit	200	2
a09-128-same	same	miss	404	541
a09-128-same	same	hit	200	1
a09-128-same	same	miss	404	493
a09-128-same	same	hit	200	1
a09-128-same	same	miss	404	348
a09-128-same	same	hit	200	4
a09-128-same	same	miss	404	447
a09-128-same	same	hit	200	1
a09-128-same	same	miss	404	569
a09-128-same	same	hit	200	1
a09-128-same	same	miss	404	520
a09-128-same	same	hit	200	1
a09-128-same	same	miss	404	180
a09-128-same	same	hit	200	2
a09-128-same	same	miss	404	462
a09-128-same	same	hit	200	1
a09-128-same	same	miss	404	571
a09-128-same	same	hit	200	1
a09-128-same	same	miss	404	564
a09-128-same	same	hit	200	2
a09-128-same	same	miss	404	717
a09-128-same	same	hit	200	1
a09-128-same	same	miss	404	705
a09-128-same	same	hit	200	1
a09-128-same	same	miss	404	716
a09-128-same	same	hit	200	1
a09-128-same	same	miss	404	498
a09-128-same	same	hit	200	5
a09-128-same	same	miss	404	652
a09-128-same	same	hit	200	1
a09-128-same	same	miss	404	485
a09-128-same	same	hit	200	4
a09-128-same	same	miss	404	394
a09-128-same	same	hit	200	14
a09-128-same	same	miss	404	439
a09-128-same	same	hit	200	1
a09-128-same	same	miss	404	611
a09-128-same	same	hit	200	2
a09-128-same	same	miss	404	309
a09-128-same	same	hit	200	4
a09-128-same	same	miss	404	471
a09-128-same	same	hit	200	1
a09-128-same	same	miss	404	533
a09-128-same	same	hit	200	2
a09-128-same	same	miss	404	458
a09-128-same	same	hit	200	1
a09-128-same	same	miss	404	465
a09-128-same	same	hit	200	1
a09-128-same	same	miss	404	498
a09-128-same	same	hit	200	1
a09-128-same	same	miss	404	388
a09-128-same	same	hit	200	1
a09-128-same	same	miss	404	331
a09-128-same	same	hit	200	4
a09-128-same	same	miss	404	464
a09-128-same	same	hit	200	17
a09-128-same	same	miss	404	489
a09-128-same	same	hit	200	1
a09-128-same	same	miss	404	464
a09-128-same	same	hit	200	1
a09-128-same	same	miss	404	412
a09-128-same	same	hit	200	1
a09-128-same	same	miss	404	535
a09-128-same	same	hit	200	3
a09-128-same	same	miss	404	500
a09-128-same	same	hit	200	2
a09-128-same	same	miss	404	598
a09-128-same	same	hit	200	2
a09-128-same	same	miss	404	499
a09-128-same	same	hit	200	2
a09-128-same	same	miss	404	455
a09-128-same	same	hit	200	1
a09-128-same	same	miss	404	655
a09-128-same	same	hit	200	2
a09-128-same	same	miss	404	444
a09-128-same	same	hit	200	2
a09-128-same	same	miss	404	411
a09-128-same	same	hit	200	1
a09-128-same	same	miss	404	462
a09-128-same	same	hit	200	1
a09-128-same	same	miss	404	438
a09-128-same	same	hit	200	5
a09-128-same	same	miss	404	161
a09-128-same	same	hit	200	4
a09-128-same	same	miss	404	507
a09-128-same	same	hit	200	2
a09-128-same	same	miss	404	483
a09-128-same	same	hit	200	1
a09-128-same	same	miss	404	445
a09-128-same	same	hit	200	2
a09-128-same	same	miss	404	349
a09-128-same	same	hit	200	2
a09-128-same	same	miss	404	387
a09-128-same	same	hit	200	1
a09-128-same	same	miss	404	381
a09-128-same	same	hit	200	2
a09-128-same	same	miss	404	748
a09-128-same	same	hit	200	1
a09-128-same	same	miss	404	390
a09-128-same	same	hit	200	2
a09-128-same	same	miss	404	436
a09-128-same	same	hit	200	1
a09-128-same	same	miss	404	768
a09-128-same	same	hit	200	2
a09-128-same	same	miss	404	503
a09-128-same	same	hit	200	1
a09-128-same	same	miss	404	590
a09-128-same	same	hit	200	1
a09-128-same	same	miss	404	674
a09-128-same	same	hit	200	1
a09-128-same	same	miss	404	430
a09-128-same	same	hit	200	3
a09-128-same	same	miss	404	693
a09-128-same	same	hit	200	4
a09-128-same	same	miss	404	1330
a09-128-same	same	hit	200	2
a09-128-same	same	miss	404	486
a09-128-same	same	hit	200	1
a09-128-same	same	miss	404	391
a09-128-same	same	hit	200	5
a09-128-same	same	miss	404	446
a09-128-same	same	hit	200	5
a09-128-same	same	miss	404	508
a09-128-same	same	hit	200	1
a09-128-same	same	miss	404	409
a09-128-same	same	hit	200	1
a09-128-same	same	miss	404	387
a09-128-same	same	hit	200	7
a09-128-same	same	miss	404	275
a09-128-same	same	hit	200	1
a09-128-same	same	miss	404	396
a09-128-same	same	hit	200	1
a09-128-same	same	miss	404	519
a09-128-same	same	hit	200	5
a09-128-same	same	miss	404	435
a09-128-same	same	hit	200	2
a09-128-same	same	miss	404	538
a09-128-same	same	hit	200	1
a09-128-same	same	miss	404	406
a09-128-same	same	hit	200	1
a09-128-same	same	miss	404	495
a09-128-same	same	hit	200	1
a09-128-same	same	miss	404	489
a09-128-same	same	hit	200	1
a09-128-same	same	miss	404	356
a09-128-same	same	hit	200	1
a09-128-same	same	miss	404	253
a09-128-same	same	hit	200	1
a09-128-same	same	miss	404	553
a09-128-same	same	hit	200	2
a09-128-same	same	miss	404	438
a09-128-same	same	hit	200	2
a09-128-same	same	miss	404	414
a09-128-same	same	hit	200	1
a09-128-same	same	miss	404	598
a09-128-same	same	hit	200	1
a09-128-same	same	miss	404	599
a09-128-same	same	hit	200	1
a09-128-same	same	miss	404	160
a09-128-same	same	hit	200	1
a09-128-same	same	miss	404	573
a09-128-same	same	hit	200	1
a09-128-same	same	miss	404	514
a09-128-same	same	hit	200	2
a09-128-same	same	miss	404	451
a09-128-same	same	hit	200	1
a09-128-same	same	miss	404	185
a09-128-same	same	hit	200	1
a09-128-same	same	miss	404	494
a09-128-same	same	hit	200	2
a09-128-same	same	miss	404	437
a09-128-same	same	hit	200	1
a09-128-same	same	miss	404	508
a09-128-same	same	hit	200	1
a09-128-same	same	miss	404	657
a09-128-same	same	hit	200	1
a09-128-same	same	miss	404	437
a09-128-same	same	hit	200	1
a09-128-same	same	miss	404	641
a09-128-same	same	hit	200	1
a09-128-same	same	miss	404	443
a09-128-same	same	hit	200	1
a09-128-same	same	miss	404	697
a09-128-same	same	hit	200	5
a09-128-same	same	miss	404	580
a09-128-same	same	hit	200	1
a09-128-same	same	miss	404	642
a09-128-same	same	hit	200	2
a09-128-same	same	miss	404	704
a09-128-same	same	hit	200	1
a09-128-same	same	miss	404	464
a09-128-same	same	hit	200	3
a09-128-same	same	miss	404	452
a09-128-same	same	hit	200	6
a09-128-same	same	miss	404	491
a09-128-same	same	hit	200	2
a09-128-same	same	miss	404	444
a09-128-same	same	hit	200	1
a09-128-same	same	miss	404	532
a09-128-same	same	hit	200	2
a09-128-same	same	miss	404	521
a09-128-same	same	hit	200	2
a09-128-same	same	miss	404	359
a09-128-same	same	hit	200	2
a09-128-same	same	miss	404	449
a09-128-same	same	hit	200	1
a09-128-same	same	miss	404	451
a09-128-same	same	hit	200	1
a09-128-same	same	miss	404	552
a09-128-same	same	hit	200	1
a09-128-same	same	miss	404	477
a09-128-same	same	hit	200	1
a09-128-same	same	miss	404	448
a09-128-same	same	hit	200	6
a09-128-same	same	miss	404	203
a09-128-same	same	hit	200	1
a09-128-same	same	miss	404	473
a09-128-same	same	hit	200	2
a09-128-same	same	miss	404	180
a09-128-same	same	hit	200	1
a09-128-same	same	miss	404	483
a09-128-same	same	hit	200	3
a09-128-same	same	miss	404	367
a09-128-same	same	hit	200	2
a09-128-same	same	miss	404	479
a09-128-same	same	hit	200	1
a09-128-same	same	miss	404	657
a09-128-same	same	hit	200	2
a09-128-same	same	miss	404	384
a09-128-same	same	hit	200	1
a09-128-same	same	miss	404	433
a09-128-same	same	hit	200	1
a09-128-same	same	miss	404	470
a09-128-same	same	hit	200	1
a09-128-same	same	miss	404	499
a09-128-same	same	hit	200	2
a09-128-same	same	miss	404	456
a09-128-same	same	hit	200	1
a09-128-same	same	miss	404	464
a09-128-same	same	hit	200	1
a09-128-same	same	miss	404	431
a09-128-same	same	hit	200	1
a09-128-same	same	miss	404	446
a09-128-same	same	hit	200	1
a09-128-same	same	miss	404	187
a09-128-same	same	hit	200	1
a09-128-same	same	miss	404	463
a09-128-same	same	hit	200	2
a09-128-same	same	miss	404	405
a09-128-same	same	hit	200	2
a09-128-same	same	miss	404	402
a09-128-same	same	hit	200	1
a09-128-same	same	miss	404	460
a09-128-same	same	hit	200	1
a09-128-same	same	miss	404	658
a09-128-same	same	hit	200	2
a09-128-same	same	miss	404	467
a09-128-same	same	hit	200	1
a09-128-same	same	miss	404	482
a09-128-same	same	hit	200	1
a09-128-same	same	miss	404	976
a09-128-same	same	hit	200	1
a09-128-same	same	miss	404	482
a09-128-same	same	hit	200	1
a09-128-same	same	miss	404	503
a09-128-same	same	hit	200	9
a09-128-same	same	miss	404	796
a09-128-same	same	hit	200	3
a09-128-same	same	miss	404	526
a09-128-same	same	hit	200	1
a09-128-same	same	miss	404	491
a09-128-same	same	hit	200	3
a09-128-same	same	miss	404	436
a09-128-same	same	hit	200	1
a09-128-same	same	miss	404	455
a09-128-same	same	hit	200	2
a09-128-same	same	miss	404	994
a09-128-same	same	hit	200	1
a09-128-same	same	miss	404	1000
a09-128-same	same	hit	200	1
a09-128-same	same	miss	404	191
a09-128-same	same	hit	200	1
a09-128-same	same	miss	404	552
a09-128-same	same	hit	200	2
a09-128-same	same	miss	404	572
a09-128-same	same	hit	200	2
a09-128-same	same	miss	404	189
a09-128-same	same	hit	200	3
a09-128-same	same	miss	404	516
a09-128-same	same	hit	200	4
a09-128-same	same	miss	404	117
a09-128-same	same	hit	200	1
a09-128-same	same	miss	404	457
a09-128-same	same	hit	200	2
a09-128-same	same	miss	404	531
a09-128-same	same	hit	200	1
a09-128-same	same	miss	404	437
a09-128-same	same	hit	200	1
a09-128-same	same	miss	404	527
a09-128-same	same	hit	200	1
a09-128-same	same	miss	404	491
a09-128-same	same	hit	200	3
a09-128-same	same	miss	404	276
a09-128-same	same	hit	200	2
a09-128-same	same	miss	404	512
a09-128-same	same	hit	200	1
a09-128-same	same	miss	404	420
a09-128-same	same	hit	200	1
a09-128-same	same	miss	404	440
a09-128-same	same	hit	200	2
a09-128-same	same	miss	404	481
a09-128-same	same	hit	200	1
a09-128-same	same	miss	404	422
a09-128-same	same	hit	200	2
a09-128-same	same	miss	404	407
a09-128-same	same	hit	200	1
a09-128-same	same	miss	404	516
a09-128-same	same	hit	200	1
a09-128-same	same	miss	404	498
a09-128-same	same	hit	200	7
a09-128-same	same	miss	404	360
a09-128-same	same	hit	200	1
a09-128-same	same	miss	404	518
a09-128-same	same	hit	200	1
a09-128-same	same	miss	404	353
a09-128-same	same	hit	200	2
a09-128-same	same	miss	404	430
a09-128-same	same	hit	200	1
a09-128-same	same	miss	404	423
a09-128-same	same	hit	200	1
a09-128-same	same	miss	404	446
a09-128-same	same	hit	200	4
a09-128-same	same	miss	404	581
a09-128-same	same	hit	200	2
a09-128-same	same	miss	404	554
a09-128-same	same	hit	200	1
a09-128-same	same	miss	404	540
a09-128-same	same	hit	200	1
a09-128-same	same	miss	404	710
a09-128-same	same	hit	200	1
a09-128-same	same	miss	404	511
a09-128-same	same	hit	200	1
a09-128-same	same	miss	404	495
a09-128-same	same	hit	200	3
a09-128-same	same	miss	404	689
a09-128-same	same	hit	200	2
a09-128-same	same	miss	404	589
a09-128-same	same	hit	200	7
a09-128-same	same	miss	404	812
a09-128-same	same	hit	200	2
a09-128-same	same	miss	404	493
a09-128-same	same	hit	200	6
a09-128-same	same	miss	404	421
a09-128-same	same	hit	200	1
a09-128-same	same	miss	404	472
a09-128-same	same	hit	200	2
a09-128-same	same	miss	404	585
a09-128-same	same	hit	200	2
a09-128-same	same	miss	404	743
a09-128-same	same	hit	200	1
a09-128-same	same	miss	404	490
a09-128-same	same	hit	200	1
a09-128-same	same	miss	404	624
a09-128-same	same	hit	200	2
a09-128-same	same	miss	404	441
a09-128-same	same	hit	200	1
a09-128-same	same	miss	404	415
a09-128-same	same	hit	200	2
a09-128-same	same	miss	404	166
a09-128-same	same	hit	200	1
a09-128-same	same	miss	404	684
a09-128-same	same	hit	200	1
a09-128-same	same	miss	404	541
a09-128-same	same	hit	200	3
a09-128-same	same	miss	404	435
a09-128-same	same	hit	200	2
a09-128-same	same	miss	404	520
a09-128-same	same	hit	200	2
a09-128-same	same	miss	404	358
a09-128-same	same	hit	200	1
a09-128-same	same	miss	404	510
a09-128-same	same	hit	200	1
a09-128-same	same	miss	404	577
a09-128-same	same	hit	200	1
a09-128-same	same	miss	404	467
a09-128-same	same	hit	200	2
a09-128-same	same	miss	404	427
a09-128-same	same	hit	200	1
a09-128-same	same	miss	404	374
a09-128-same	same	hit	200	3
a09-128-same	same	miss	404	233
a09-128-same	same	hit	200	2
a09-128-same	same	miss	404	439
a09-128-same	same	hit	200	2
a09-128-same	same	miss	404	183
a09-128-same	same	hit	200	4
a09-128-same	same	miss	404	426
a09-128-same	same	hit	200	2
a09-128-same	same	miss	404	475
a09-128-same	same	hit	200	1
a09-128-same	same	miss	404	707
a09-128-same	same	hit	200	2
a09-128-same	same	miss	404	371
a09-128-same	same	hit	200	1
a09-128-same	same	miss	404	379
a09-128-same	same	hit	200	2
a09-128-same	same	miss	404	366
a09-128-same	same	hit	200	2
a09-128-same	same	miss	404	398
a09-128-same	same	hit	200	1
a09-128-same	same	miss	404	439
a09-128-same	same	hit	200	1
a09-128-same	same	miss	404	438
a09-128-same	same	hit	200	1
a09-128-same	same	miss	404	510
a09-128-same	same	hit	200	1
a09-128-same	same	miss	404	454
a09-128-same	same	hit	200	2
a09-128-same	same	miss	404	445
a09-128-same	same	hit	200	1
a09-128-same	same	miss	404	469
a09-128-same	same	hit	200	2
a09-128-same	same	miss	404	541
a09-128-same	same	hit	200	1
a09-128-same	same	miss	404	676
a09-128-same	same	hit	200	1
a09-128-same	same	miss	404	663
a09-128-same	same	hit	200	2
a09-128-same	same	miss	404	489
a09-128-same	same	hit	200	1
a09-128-same	same	miss	404	536
a09-128-same	same	hit	200	2
a09-128-same	same	miss	404	220
a09-128-same	same	hit	200	2
a09-128-same	same	miss	404	689
a09-128-same	same	hit	200	3
a09-128-same	same	miss	404	467
a09-128-same	same	hit	200	2
a09-128-same	same	miss	404	428
a09-128-same	same	hit	200	2
a09-128-same	same	miss	404	371
a09-128-same	same	hit	200	2
a09-128-same	same	miss	404	742
a09-128-same	same	hit	200	1
a09-128-same	same	miss	404	329
a09-128-same	same	hit	200	2
a09-128-same	same	miss	404	185
a09-128-same	same	hit	200	1
a09-128-same	same	miss	404	584
a09-128-same	same	hit	200	1
a09-128-same	same	miss	404	153
a09-128-same	same	hit	200	2
a09-128-same	same	miss	404	536
a09-128-same	same	hit	200	2
a09-128-same	same	miss	404	344
a09-128-same	same	hit	200	1
a09-128-same	same	miss	404	549
a09-128-same	same	hit	200	2
a09-128-same	same	miss	404	437
a09-128-same	same	hit	200	5
a09-128-same	same	miss	404	514
a09-128-same	same	hit	200	2
a09-128-same	same	miss	404	510
a09-128-same	same	hit	200	1
a09-128-same	same	miss	404	398
a09-128-same	same	hit	200	5
a09-128-same	same	miss	404	458
a09-128-same	same	hit	200	2
a09-128-same	same	miss	404	555
a09-128-same	same	hit	200	4
a09-128-same	same	miss	404	542
a09-128-same	same	hit	200	2
a09-128-same	same	miss	404	374
a09-128-same	same	hit	200	1
a09-128-same	same	miss	404	167
a09-128-same	same	hit	200	1
a09-128-same	same	miss	404	203
a09-128-same	same	hit	200	1
a09-128-same	same	miss	404	429
a09-128-same	same	hit	200	1
a09-128-same	same	miss	404	487
a09-128-same	same	hit	200	4
a09-128-same	same	miss	404	356
a09-128-same	same	hit	200	1
a09-128-same	same	miss	404	407
a09-128-same	same	hit	200	2
a09-128-same	same	miss	404	435
a09-128-same	same	hit	200	1
a09-128-same	same	miss	404	413
a09-128-same	same	hit	200	1
a09-128-same	same	miss	404	404
a09-128-same	same	hit	200	1
a09-128-same	same	miss	404	492
a09-128-same	same	hit	200	1
a09-128-same	same	miss	404	407
a09-128-same	same	hit	200	1
a09-128-same	same	miss	404	422
a09-128-same	same	hit	200	1
a09-128-same	same	miss	404	599
a09-128-same	same	hit	200	4
a09-128-same	same	miss	404	842
a09-128-same	same	hit	200	2
a09-128-same	same	miss	404	225
a09-128-same	same	hit	200	1
a09-128-same	same	miss	404	469
a09-128-same	same	hit	200	1
a09-128-same	same	miss	404	207
a09-128-same	same	hit	200	2
a09-128-same	same	miss	404	523
a09-128-same	same	hit	200	2
a09-128-same	same	miss	404	626
a09-128-same	same	hit	200	4
a09-128-same	same	miss	404	455
a09-128-same	same	hit	200	2
a09-128-same	same	miss	404	660
a09-128-same	same	hit	200	1
a09-128-same	same	miss	404	477
a09-128-same	same	hit	200	4
a09-128-same	same	miss	404	448
a09-128-same	same	hit	200	1
a09-128-same	same	miss	404	428
a09-128-same	same	hit	200	3
a09-128-same	same	miss	404	526
a09-128-same	same	hit	200	3
a09-128-same	same	miss	404	475
a09-128-same	same	hit	200	1
a09-128-same	same	miss	404	773
a09-128-same	same	hit	200	1
a09-128-same	same	miss	404	474
a09-128-same	same	hit	200	1
a09-128-same	same	miss	404	428
a09-128-same	same	hit	200	1
a09-128-same	same	miss	404	481
a09-128-same	same	hit	200	3
a09-128-same	same	miss	404	438
a09-128-same	same	hit	200	1
a09-128-same	same	miss	404	452
a09-128-same	same	hit	200	5
a09-128-same	same	miss	404	447
a09-128-same	same	hit	200	4
a09-128-same	same	miss	404	436
a09-128-same	same	hit	200	3
a09-128-same	same	miss	404	387
a09-128-same	same	hit	200	1
a09-128-same	same	miss	404	582
a09-128-same	same	hit	200	1
a09-128-same	same	miss	404	536
a09-128-same	same	hit	200	1
a09-128-same	same	miss	404	428
a09-128-same	same	hit	200	2
a09-128-same	same	miss	404	510
a09-128-same	same	hit	200	1
a09-128-same	same	miss	404	466
a09-128-same	same	hit	200	2
a09-128-same	same	miss	404	429
a09-128-same	same	hit	200	1
a09-128-same	same	miss	404	525
a09-128-same	same	hit	200	2
a09-128-same	same	miss	404	524
a09-128-same	same	hit	200	1
a09-128-same	same	miss	404	417
a09-128-same	same	hit	200	1
a09-128-same	same	miss	404	445
a09-128-same	same	hit	200	2
a09-128-same	same	miss	404	403
a09-128-same	same	hit	200	2
a09-128-same	same	miss	404	620
a09-128-same	same	hit	200	1
a09-128-same	same	miss	404	392
a09-128-same	same	hit	200	1
a09-128-same	same	miss	404	442
a09-128-same	same	hit	200	3
a09-128-same	same	miss	404	376
a09-128-same	same	hit	200	2
a09-128-same	same	miss	404	363
a09-128-same	same	hit	200	1
a09-128-same	same	miss	404	462
a09-128-same	same	hit	200	2
a09-128-same	same	miss	404	500
a09-128-same	same	hit	200	2
a09-128-same	same	miss	404	589
a09-128-same	same	hit	200	1
a09-128-same	same	miss	404	200
a09-128-same	same	hit	200	1
a09-128-same	same	miss	404	187
a09-128-same	same	hit	200	3
a09-128-same	same	miss	404	557
a09-128-same	same	hit	200	1
a09-128-same	same	miss	404	669
a09-128-same	same	hit	200	2
a09-128-same	same	miss	404	564
a09-128-same	same	hit	200	1
a09-128-same	same	miss	404	467
a09-128-same	same	hit	200	2
a09-128-same	same	miss	404	506
a09-128-same	same	hit	200	4
a09-128-same	same	miss	404	933
a09-128-same	same	hit	200	2
a09-128-same	same	miss	404	568
a09-128-same	same	hit	200	2
a09-128-same	same	miss	404	494
a09-128-same	same	hit	200	3
a09-128-same	same	miss	404	472
a09-128-same	same	hit	200	1
a09-128-same	same	miss	404	511
a09-128-same	same	hit	200	1
a09-128-same	same	miss	404	464
a09-128-same	same	hit	200	1
a09-128-same	same	miss	404	410
a09-128-same	same	hit	200	1
a09-128-same	same	miss	404	480
a09-128-same	same	hit	200	2
a09-128-same	same	miss	404	490
a09-128-same	same	hit	200	3
a09-128-same	same	miss	404	412
a09-128-same	same	hit	200	6
a09-128-same	same	miss	404	437
a09-128-same	same	hit	200	1
a09-128-same	same	miss	404	339
a09-128-same	same	hit	200	1
a09-128-same	same	miss	404	200
a09-128-same	same	hit	200	1
a09-128-same	same	miss	404	199
a09-128-same	same	hit	200	1
a09-128-same	same	miss	404	478
a09-128-same	same	hit	200	1
a09-128-same	same	miss	404	558
a09-128-same	same	hit	200	2
a09-128-same	same	miss	404	456
a09-128-same	same	hit	200	2
a09-128-same	same	miss	404	512
a09-128-same	same	hit	200	2
a09-128-same	same	miss	404	443
a09-128-same	same	hit	200	1
a09-128-same	same	miss	404	475
a09-128-same	same	hit	200	2
a09-128-same	same	miss	404	465
a09-128-same	same	hit	200	1
a09-128-same	same	miss	404	379
a09-128-same	same	hit	200	1
a09-128-same	same	miss	404	168
a09-128-same	same	hit	200	1
a09-128-same	same	miss	404	464
a09-128-same	same	hit	200	2
a09-128-same	same	miss	404	458
a09-128-same	same	hit	200	1
a09-128-same	same	miss	404	378
a09-128-same	same	hit	200	3
a09-128-same	same	miss	404	611
a09-128-same	same	hit	200	6
a09-128-same	same	miss	404	376
a09-128-same	same	hit	200	1
a09-128-same	same	miss	404	409
a09-128-same	same	hit	200	1
a09-128-same	same	miss	404	426
a09-128-same	same	hit	200	4
a09-128-same	same	miss	404	684
a09-128-same	same	hit	200	1
a09-128-same	same	miss	404	591
a09-128-same	same	hit	200	1
a09-128-same	same	miss	404	606
a09-128-same	same	hit	200	6
a09-128-same	same	miss	404	748
a09-128-same	same	hit	200	3
a09-128-same	same	miss	404	585
a09-128-same	same	hit	200	3
a09-128-same	same	miss	404	538
a09-128-same	same	hit	200	2
a09-128-same	same	miss	404	554
a09-128-same	same	hit	200	1
a09-128-same	same	miss	404	404
a09-128-same	same	hit	200	5
a09-128-same	same	miss	404	504
a09-128-same	same	hit	200	1
a09-128-same	same	miss	404	539
a09-128-same	same	hit	200	2
a09-128-same	same	miss	404	486
a09-128-same	same	hit	200	9
a09-128-same	same	miss	404	529
a09-128-same	same	hit	200	2
a09-128-same	same	miss	404	646
a09-128-same	same	hit	200	2
a09-128-same	same	miss	404	431
a09-128-same	same	hit	200	1
a09-128-same	same	miss	404	429
a09-128-same	same	hit	200	1
a09-128-same	same	miss	404	612
a09-128-same	same	hit	200	1
a09-128-same	same	miss	404	375
a09-128-same	same	hit	200	1
a09-128-same	same	miss	404	240
a09-128-same	same	hit	200	2
a09-128-same	same	miss	404	314
a09-128-same	same	hit	200	3
a09-128-same	same	miss	404	427
a09-128-same	same	hit	200	2
a09-128-same	same	miss	404	453
a09-128-same	same	hit	200	1
a09-128-same	same	miss	404	528
a09-128-same	same	hit	200	2
a09-128-same	same	miss	404	426
a09-128-same	same	hit	200	1
a09-128-same	same	miss	404	220
a09-128-same	same	hit	200	1
a09-128-same	same	miss	404	572
a09-128-same	same	hit	200	2
a09-128-same	same	miss	404	570
a09-128-same	same	hit	200	1
a09-128-same	same	miss	404	508
a09-128-same	same	hit	200	2
a09-128-same	same	miss	404	437
a09-128-same	same	hit	200	5
a09-128-same	same	miss	404	517
a09-128-same	same	hit	200	2
a09-128-same	same	miss	404	463
a09-128-same	same	hit	200	1
a09-128-same	same	miss	404	494
a09-128-same	same	hit	200	2
a09-128-same	same	miss	404	454
a09-128-same	same	hit	200	1
a09-128-same	same	miss	404	506
a09-128-same	same	hit	200	1
a09-128-same	same	miss	404	453
a09-128-same	same	hit	200	1
a09-128-same	same	miss	404	466
a09-128-same	same	hit	200	1
a09-128-same	same	miss	404	451
a09-128-same	same	hit	200	2
a09-128-same	same	miss	404	263
a09-128-same	same	hit	200	1
a09-128-same	same	miss	404	436
a09-128-same	same	hit	200	1
a09-128-same	same	miss	404	240
a09-128-same	same	hit	200	1
a09-128-same	same	miss	404	756
a09-128-same	same	hit	200	1
a09-128-same	same	miss	404	475
a09-128-same	same	hit	200	1
a09-128-same	same	miss	404	621
a09-128-same	same	hit	200	1
a09-128-same	same	miss	404	511
a09-128-same	same	hit	200	1
a09-128-same	same	miss	404	455
a09-128-same	same	hit	200	1
a09-128-same	same	miss	404	554
a09-128-same	same	hit	200	3
a09-128-same	same	miss	404	559
a09-128-same	same	hit	200	2
a09-128-same	same	miss	404	736
a09-128-same	same	hit	200	2
a09-128-same	same	miss	404	610
a09-128-same	same	hit	200	2
a09-128-same	same	miss	404	490
a09-128-same	same	hit	200	3
a09-128-same	same	miss	404	191
a09-128-same	same	hit	200	1
a09-128-same	same	miss	404	462
a09-128-same	same	hit	200	2
a09-128-same	same	miss	404	234
a09-128-same	same	hit	200	1
a09-128-same	same	miss	404	569
a09-128-same	same	hit	200	2
a09-128-same	same	miss	404	457
a09-128-same	same	hit	200	1
a09-128-same	same	miss	404	450
a09-128-same	same	hit	200	1
a09-128-same	same	miss	404	466
a09-128-same	same	hit	200	3
a09-128-same	same	miss	404	546
a09-128-same	same	hit	200	4
a09-128-same	same	miss	404	437
a09-128-same	same	hit	200	3
a09-128-same	same	miss	404	438
a09-128-same	same	hit	200	3
a09-128-same	same	miss	404	457
a09-128-same	same	hit	200	1
a09-128-same	same	miss	404	519
a09-128-same	same	hit	200	1
a09-128-same	same	miss	404	409
a09-128-same	same	hit	200	1
a09-128-same	same	miss	404	757
a09-128-same	same	hit	200	1
a09-128-same	same	miss	404	478
a09-128-same	same	hit	200	1
a09-128-same	same	miss	404	433
a09-128-same	same	hit	200	2
a09-128-same	same	miss	404	553
a09-128-same	same	hit	200	1
a09-128-same	same	miss	404	561
a09-128-same	same	hit	200	3
a09-128-same	same	miss	404	444
a09-128-same	same	hit	200	2
a09-128-same	same	miss	404	520
a09-128-same	same	hit	200	1
a09-128-same	same	miss	404	379
a09-128-same	same	hit	200	1
a09-128-same	same	miss	404	488
a09-128-same	same	hit	200	2
a09-128-same	same	miss	404	436
a09-128-same	same	hit	200	1
a09-128-same	same	miss	404	383
a09-128-same	same	hit	200	1
a09-128-same	same	miss	404	392
a09-128-same	same	hit	200	1
a09-128-same	same	miss	404	457
a09-128-same	same	hit	200	1
a09-128-same	same	miss	404	464
a09-128-same	same	hit	200	1
a09-128-same	same	miss	404	499
a09-128-same	same	hit	200	1
a09-128-same	same	miss	404	195
a09-128-same	same	hit	200	15
a09-128-same	same	miss	404	620
a09-128-same	same	hit	200	1
a09-128-same	same	miss	404	531
a09-128-same	same	hit	200	2
a09-128-same	same	miss	404	825
a09-128-same	same	hit	200	2
a09-128-same	same	miss	404	530
a09-128-same	same	hit	200	1
a09-128-same	same	miss	404	501
a09-128-same	same	hit	200	3
a09-128-same	same	miss	404	466
a09-128-same	same	hit	200	2
a09-128-same	same	miss	404	757
a09-128-same	same	hit	200	13
a09-128-same	same	miss	404	460
a09-128-same	same	hit	200	2
a09-128-same	same	miss	404	348
a09-128-same	same	hit	200	1
a09-128-same	same	miss	404	609
a09-128-same	same	hit	200	2
a09-128-same	same	miss	404	487
a09-128-same	same	hit	200	3
a09-128-same	same	miss	404	658
a09-128-same	same	hit	200	2
a09-128-same	same	miss	404	482
a09-128-same	same	hit	200	1
a09-128-same	same	miss	404	239
a09-128-same	same	hit	200	2
a09-128-same	same	miss	404	451
a09-128-same	same	hit	200	1
a09-128-same	same	miss	404	509
a09-128-same	same	hit	200	2
a09-128-same	same	miss	404	461
a09-128-same	same	hit	200	1
a09-128-same	same	miss	404	432
a09-128-same	same	hit	200	1
a09-128-same	same	miss	404	439
a09-128-same	same	hit	200	2
a09-128-same	same	miss	404	386
a09-128-same	same	hit	200	1
a09-128-same	same	miss	404	499
a09-128-same	same	hit	200	3
a09-128-same	same	miss	404	387
a09-128-same	same	hit	200	1
a09-128-same	same	miss	404	383
a09-128-same	same	hit	200	1
a09-128-same	same	miss	404	440
a09-128-same	same	hit	200	1
a09-128-same	same	miss	404	441
a09-128-same	same	hit	200	1
a09-128-same	same	miss	404	487
a09-128-same	same	hit	200	1
a09-128-same	same	miss	404	532
a09-128-same	same	hit	200	3
a09-128-same	same	miss	404	129
a09-128-same	same	hit	200	1
a09-128-same	same	miss	404	507
a09-128-same	same	hit	200	1
a09-128-same	same	miss	404	546
a09-128-same	same	hit	200	1
a09-128-same	same	miss	404	424
a09-128-same	same	hit	200	1
a09-128-same	same	miss	404	651
a09-128-same	same	hit	200	1
a09-128-same	same	miss	404	547
a09-128-same	same	hit	200	1
a09-128-same	same	miss	404	472
a09-128-same	same	hit	200	2
a09-128-same	same	miss	404	581
a09-128-same	same	hit	200	2
a09-128-same	same	miss	404	504
a09-128-same	same	hit	200	2
a09-128-same	same	miss	404	473
a09-128-same	same	hit	200	1
a09-128-same	same	miss	404	544
a09-128-same	same	hit	200	2
a09-128-same	same	miss	404	369
a09-128-same	same	hit	200	1
a09-128-same	same	miss	404	646
a09-128-same	same	hit	200	1
a09-128-same	same	miss	404	495
a09-128-same	same	hit	200	2
a09-128-same	same	miss	404	364
a09-128-same	same	hit	200	1
a09-128-same	same	miss	404	530
a09-128-same	same	hit	200	1
a09-128-same	same	miss	404	485
a09-128-same	same	hit	200	1
a09-128-same	same	miss	404	382
a09-128-same	same	hit	200	1
a09-128-same	same	miss	404	607
a09-128-same	same	hit	200	2
a09-128-same	same	miss	404	671
a09-128-same	same	hit	200	2
a09-128-same	same	miss	404	308
a09-128-same	same	hit	200	1
a09-128-same	same	miss	404	711
a09-128-same	same	hit	200	4
a09-128-same	same	miss	404	376
a09-128-same	same	hit	200	2
a09-128-same	same	miss	404	533
a09-128-same	same	hit	200	2
a09-128-same	same	miss	404	414
a09-128-same	same	hit	200	2
a09-128-same	same	miss	404	488
a09-128-same	same	hit	200	1
a09-128-same	same	miss	404	262
a09-128-same	same	hit	200	2
a09-128-same	same	miss	404	606
a09-128-same	same	hit	200	2
a09-128-same	same	miss	404	505
a09-128-same	same	hit	200	1
a09-128-same	same	miss	404	537
a09-128-same	same	hit	200	1
a09-128-same	same	miss	404	391
a09-128-same	same	hit	200	3
a09-128-same	same	miss	404	517
a09-128-same	same	hit	200	4
a09-128-same	same	miss	404	415
a09-128-same	same	hit	200	3
a09-128-same	same	miss	404	379
a09-128-same	same	hit	200	1
a09-128-same	same	miss	404	494
a09-128-same	same	hit	200	4
a09-128-same	same	miss	404	510
a09-128-same	same	hit	200	2
a09-128-same	same	miss	404	389
a09-128-same	same	hit	200	3
a09-128-same	same	miss	404	440
a09-128-same	same	hit	200	1
a09-128-same	same	miss	404	225
a09-128-same	same	hit	200	1
a09-128-same	same	miss	404	513
a09-128-same	same	hit	200	1
a09-128-same	same	miss	404	503
a09-128-same	same	hit	200	1
a09-128-same	same	miss	404	462
a09-128-same	same	hit	200	1
a09-128-same	same	miss	404	458
a09-128-same	same	hit	200	2
a09-128-same	same	miss	404	409
a09-128-same	same	hit	200	2
a09-128-same	same	miss	404	417
a09-128-same	same	hit	200	1
a09-128-same	same	miss	404	330
a09-128-same	same	hit	200	1
a09-128-same	same	miss	404	419
a09-128-same	same	hit	200	2
a09-128-same	same	miss	404	564
a09-128-same	same	hit	200	1
a09-128-same	same	miss	404	461
a09-128-same	same	hit	200	1
a09-128-same	same	miss	404	298
a09-128-same	same	hit	200	2
a09-128-same	same	miss	404	458
a09-128-same	same	hit	200	1
a09-128-same	same	miss	404	436
a09-128-same	same	hit	200	3
a09-128-same	same	miss	404	154
a09-128-same	same	hit	200	2
a09-128-same	same	miss	404	432
a09-128-same	same	hit	200	1
a09-128-same	same	miss	404	466
a09-128-same	same	hit	200	1
a09-128-same	same	miss	404	636
a09-128-same	same	hit	200	2
a09-128-same	same	miss	404	475
a09-128-same	same	hit	200	2
a09-128-same	same	miss	404	604
a09-128-same	same	hit	200	5
a09-128-same	same	miss	404	474
a09-128-same	same	hit	200	2
a09-128-same	same	miss	404	404
a09-128-same	same	hit	200	1
a09-128-same	same	miss	404	604
a09-128-same	same	hit	200	4
a09-128-same	same	miss	404	533
a09-128-same	same	hit	200	2
a09-128-same	same	miss	404	563
a09-128-same	same	hit	200	1
a09-128-same	same	miss	404	454
a09-128-same	same	hit	200	1
a09-128-same	same	miss	404	495
a09-128-same	same	hit	200	1
a09-128-same	same	miss	404	553
a09-128-same	same	hit	200	4
a09-128-same	same	miss	404	440
a09-128-same	same	hit	200	1
a09-128-same	same	miss	404	468
a09-128-same	same	hit	200	1
a09-128-same	same	miss	404	268
a09-128-same	same	hit	200	1
a09-128-same	same	miss	404	518
a09-128-same	same	hit	200	2
a09-128-same	same	miss	404	399
a09-128-same	same	hit	200	2
a09-128-same	same	miss	404	602
a09-128-same	same	hit	200	1
a09-128-same	same	miss	404	380
a09-128-same	same	hit	200	1
a09-128-same	same	miss	404	502
a09-128-same	same	hit	200	3
a09-128-same	same	miss	404	446
a09-128-same	same	hit	200	5
a09-128-same	same	miss	404	500
a09-128-same	same	hit	200	1
a09-128-same	same	miss	404	370
a09-128-same	same	hit	200	1
a09-128-same	same	miss	404	474
a09-128-same	same	hit	200	1
a09-128-same	same	miss	404	397
a09-128-same	same	hit	200	1
a09-128-same	same	miss	404	533
a09-128-same	same	hit	200	1
a09-128-same	same	miss	404	465
a09-128-same	same	hit	200	2
a09-128-same	same	miss	404	435
a09-128-same	same	hit	200	2
a09-128-same	same	miss	404	503
a09-128-same	same	hit	200	2
a09-128-same	same	miss	404	466
a09-128-same	same	hit	200	1
a09-128-same	same	miss	404	516
a09-128-same	same	hit	200	1
a09-128-same	same	miss	404	354
a09-128-same	same	hit	200	1
a09-128-same	same	miss	404	435
a09-128-same	same	hit	200	1
a09-128-same	same	miss	404	541
a09-128-same	same	hit	200	3
a09-128-same	same	miss	404	431
a09-128-same	same	hit	200	1
a09-128-same	same	miss	404	520
a09-128-same	same	hit	200	1
a09-128-same	same	miss	404	530
a09-128-same	same	hit	200	1
a09-128-same	same	miss	404	355
a09-128-same	same	hit	200	1
a09-128-same	same	miss	404	620
a09-128-same	same	hit	200	1
a09-128-same	same	miss	404	641
a09-128-same	same	hit	200	1
a09-128-same	same	miss	404	546
a09-128-same	same	hit	200	1
a09-128-same	same	miss	404	486
a09-128-same	same	hit	200	1
a09-128-same	same	miss	404	401
a09-128-same	same	hit	200	3
a09-128-same	same	miss	404	885
a09-128-same	same	hit	200	7
a09-128-same	same	miss	404	812
a09-128-same	same	hit	200	6
a09-128-same	same	miss	404	572
a09-128-same	same	hit	200	1
a09-128-same	same	miss	404	652
a09-128-same	same	hit	200	2
a09-128-same	same	miss	404	510
a09-128-same	same	hit	200	3
a09-128-same	same	miss	404	470
a09-128-same	same	hit	200	2
a09-128-same	same	miss	404	1329
a09-128-same	same	hit	200	2
a09-128-same	same	miss	404	485
a09-128-same	same	hit	200	3
a09-128-same	same	miss	404	455
a09-128-same	same	hit	200	1
a09-128-same	same	miss	404	441
a09-128-same	same	hit	200	1
a09-128-same	same	miss	404	464
a09-128-same	same	hit	200	2
a09-128-same	same	miss	404	627
a09-128-same	same	hit	200	2
a09-128-same	same	miss	404	467
a09-128-same	same	hit	200	1
a09-128-same	same	miss	404	371
a09-128-same	same	hit	200	1
a09-128-same	same	miss	404	452
a09-128-same	same	hit	200	2
a09-128-same	same	miss	404	557
a09-128-same	same	hit	200	1
a09-128-same	same	miss	404	515
a09-128-same	same	hit	200	5
a09-128-same	same	miss	404	440
a09-128-same	same	hit	200	3
a09-128-same	same	miss	404	464
a09-128-same	same	hit	200	1
a09-128-same	same	miss	404	390
a09-128-same	same	hit	200	1
a09-128-same	same	miss	404	663
a09-128-same	same	hit	200	3
a09-128-same	same	miss	404	604
a09-128-same	same	hit	200	1
a09-128-same	same	miss	404	643
a09-128-same	same	hit	200	2
a09-128-same	same	miss	404	797
a09-128-same	same	hit	200	1
a09-128-same	same	miss	404	507
a09-128-same	same	hit	200	1
a09-128-same	same	miss	404	391
a09-128-same	same	hit	200	4
a09-128-same	same	miss	404	406
a09-128-same	same	hit	200	2
a09-128-same	same	miss	404	563
a09-128-same	same	hit	200	1
a09-128-same	same	miss	404	484
a09-128-same	same	hit	200	2
a09-128-same	same	miss	404	471
a09-128-same	same	hit	200	2
a09-128-same	same	miss	404	491
a09-128-same	same	hit	200	1
a09-128-same	same	miss	404	451
a09-128-same	same	hit	200	1
a09-128-same	same	miss	404	383
a09-128-same	same	hit	200	1
a09-128-same	same	miss	404	495
a09-128-same	same	hit	200	1
a09-128-same	same	miss	404	481
a09-128-same	same	hit	200	1
a09-128-same	same	miss	404	322
a09-128-same	same	hit	200	1
a09-128-same	same	miss	404	692
a09-128-same	same	hit	200	2
a09-128-same	same	miss	404	413
a09-128-same	same	hit	200	1
a09-128-same	same	miss	404	454
a09-128-same	same	hit	200	2
a09-128-same	same	miss	404	486
a09-128-same	same	hit	200	2
a09-128-same	same	miss	404	613
a09-128-same	same	hit	200	1
a09-128-same	same	miss	404	655
a09-128-same	same	hit	200	2
a09-128-same	same	miss	404	603
a09-128-same	same	hit	200	2
a09-128-same	same	miss	404	550
a09-128-same	same	hit	200	5
a09-128-same	same	miss	404	467
a09-128-same	same	hit	200	3
a09-128-same	same	miss	404	429
a09-128-same	same	hit	200	1
a09-128-same	same	miss	404	540
a09-128-same	same	hit	200	2
a09-128-same	same	miss	404	1013
a09-128-same	same	hit	200	3
a09-128-same	same	miss	404	657
a09-128-same	same	hit	200	2
a09-128-same	same	miss	404	355
a09-128-same	same	hit	200	6
a09-128-same	same	miss	404	229
a09-128-same	same	hit	200	2
a09-128-same	same	miss	404	435
a09-128-same	same	hit	200	1
a09-128-same	same	miss	404	424
a09-128-same	same	hit	200	1
a09-128-same	same	miss	404	165
a09-128-same	same	hit	200	2
a09-128-same	same	miss	404	463
a09-128-same	same	hit	200	1
a09-128-same	same	miss	404	390
a09-128-same	same	hit	200	1
a09-128-same	same	miss	404	482
a09-128-same	same	hit	200	7
a09-128-same	same	miss	404	437
a09-128-same	same	hit	200	1
a09-128-same	same	miss	404	368
a09-128-same	same	hit	200	2
a09-128-same	same	miss	404	409
a09-128-same	same	hit	200	1
a09-128-same	same	miss	404	384
a09-128-same	same	hit	200	2
a09-128-same	same	miss	404	397
a09-128-same	same	hit	200	1
a09-128-same	same	miss	404	585
a09-128-same	same	hit	200	7
a09-128-same	same	miss	404	501
a09-128-same	same	hit	200	2
a09-128-same	same	miss	404	381
a09-128-same	same	hit	200	1
a09-128-same	same	miss	404	245
a09-128-same	same	hit	200	2
a09-128-same	same	miss	404	521
a09-128-same	same	hit	200	1
a09-128-same	same	miss	404	514
a09-128-same	same	hit	200	1
a09-128-same	same	miss	404	309
a09-128-same	same	hit	200	2
a09-128-same	same	miss	404	471
a09-128-same	same	hit	200	1
a09-128-same	same	miss	404	373
a09-128-same	same	hit	200	5
a09-128-same	same	miss	404	550
a09-128-same	same	hit	200	1
a09-128-same	same	miss	404	396
a09-128-same	same	hit	200	6
a09-128-same	same	miss	404	422
a09-128-same	same	hit	200	2
a09-128-same	same	miss	404	497
a09-128-same	same	hit	200	2
a09-128-same	same	miss	404	361
a09-128-same	same	hit	200	1
a09-128-same	same	miss	404	380
a09-128-same	same	hit	200	1
a09-128-same	same	miss	404	397
a09-128-same	same	hit	200	2
a09-128-same	same	miss	404	661
a09-128-same	same	hit	200	1
a09-128-same	same	miss	404	430
a09-128-same	same	hit	200	3
a09-128-same	same	miss	404	431
a09-128-same	same	hit	200	1
a09-128-same	same	miss	404	509
a09-128-same	same	hit	200	1
a09-128-same	same	miss	404	493
a09-128-same	same	hit	200	1
a09-128-same	same	miss	404	554
a09-128-same	same	hit	200	1
a09-128-same	same	miss	404	779
a09-128-same	same	hit	200	2
a09-128-same	same	miss	404	607
a09-128-same	same	hit	200	1
a09-128-same	same	miss	404	533
a09-128-same	same	hit	200	1
a09-128-same	same	miss	404	522
a09-128-same	same	hit	200	3
a09-128-same	same	miss	404	572
a09-128-same	same	hit	200	1
a09-128-same	same	miss	404	436
a09-128-same	same	hit	200	1
a09-128-same	same	miss	404	522
a09-128-same	same	hit	200	1
a09-128-same	same	miss	404	571
a09-128-same	same	hit	200	3
a09-128-same	same	miss	404	527
a09-128-same	same	hit	200	2
a09-128-same	same	miss	404	558
a09-128-same	same	hit	200	1
a09-128-same	same	miss	404	451
a09-128-same	same	hit	200	2
a09-128-same	same	miss	404	353
a09-128-same	same	hit	200	2
a09-128-same	same	miss	404	375
a09-128-same	same	hit	200	2
a09-128-same	same	miss	404	553
a09-128-same	same	hit	200	1
a09-128-same	same	miss	404	440
a09-128-same	same	hit	200	4
a09-128-same	same	miss	404	468
a09-128-same	same	hit	200	1
a09-128-same	same	miss	404	572
a09-128-same	same	hit	200	1
a09-128-same	same	miss	404	654
a09-128-same	same	hit	200	2
a09-128-same	same	miss	404	203
a09-128-same	same	hit	200	2
a09-128-same	same	miss	404	590
a09-128-same	same	hit	200	1
a09-128-same	same	miss	404	384
a09-128-same	same	hit	200	8
a09-128-same	same	miss	404	404
a09-128-same	same	hit	200	1
a09-128-same	same	miss	404	397
a09-128-same	same	hit	200	1
a09-128-same	same	miss	404	559
a09-128-same	same	hit	200	1
a09-128-same	same	miss	404	470
a09-128-same	same	hit	200	1
a09-128-same	same	miss	404	431
a09-128-same	same	hit	200	1
a09-128-same	same	miss	404	397
a09-128-same	same	hit	200	1
a09-128-same	same	miss	404	466
a09-128-same	same	hit	200	1
a09-128-same	same	miss	404	552
a09-128-same	same	hit	200	2
a09-128-same	same	miss	404	438
a09-128-same	same	hit	200	1
a09-128-same	same	miss	404	508
a09-128-same	same	hit	200	1
a09-128-same	same	miss	404	431
a09-128-same	same	hit	200	2
a09-128-same	same	miss	404	351
a09-128-same	same	hit	200	1
a09-128-same	same	miss	404	417
a09-128-same	same	hit	200	1
a09-128-same	same	miss	404	488
a09-128-same	same	hit	200	1
a09-128-same	same	miss	404	495
a09-128-same	same	hit	200	1
a09-128-same	same	miss	404	406
a09-128-same	same	hit	200	1
a09-128-same	same	miss	404	912
a09-128-same	same	hit	200	2
a09-128-same	same	miss	404	629
a09-128-same	same	hit	200	7
a09-128-same	same	miss	404	230
a09-128-same	same	hit	200	2
a09-128-same	same	miss	404	672
a09-128-same	same	hit	200	1
a09-128-same	same	miss	404	459
a09-128-same	same	hit	200	6
a09-128-same	same	miss	404	674
a09-128-same	same	hit	200	1
a09-128-same	same	miss	404	472
a09-128-same	same	hit	200	1
a09-128-same	same	miss	404	486
a09-128-same	same	hit	200	1
a09-128-same	same	miss	404	495
a09-128-same	same	hit	200	1
a09-128-same	same	miss	404	420
a09-128-same	same	hit	200	2
a09-128-same	same	miss	404	377
a09-128-same	same	hit	200	2
a09-128-same	same	miss	404	442
a09-128-same	same	hit	200	3
a09-128-same	same	miss	404	185
a09-128-same	same	hit	200	1
a09-128-same	same	miss	404	562
a09-128-same	same	hit	200	2
a09-128-same	same	miss	404	490
a09-128-same	same	hit	200	2
a09-128-same	same	miss	404	440
a09-128-same	same	hit	200	4
a09-128-same	same	miss	404	457
a09-128-same	same	hit	200	14
a09-128-same	same	miss	404	521
a09-128-same	same	hit	200	1
a09-128-same	same	miss	404	522
a09-128-same	same	hit	200	2
a09-128-same	same	miss	404	494
a09-128-same	same	hit	200	2
a09-128-same	same	miss	404	185
a09-128-same	same	hit	200	1
a09-128-same	same	miss	404	460
a09-128-same	same	hit	200	1
a09-128-same	same	miss	404	436
a09-128-same	same	hit	200	1
a09-128-same	same	miss	404	683
a09-128-same	same	hit	200	1
a09-128-same	same	miss	404	467
a09-128-same	same	hit	200	2
a09-128-same	same	miss	404	403
a09-128-same	same	hit	200	1
a09-128-same	same	miss	404	405
a09-128-same	same	hit	200	3
a09-128-same	same	miss	404	518
a09-128-same	same	hit	200	2
a09-128-same	same	miss	404	427
a09-128-same	same	hit	200	4
a09-128-same	same	miss	404	486
a09-128-same	same	hit	200	1
a09-128-same	same	miss	404	467
a09-128-same	same	hit	200	1
a09-128-same	same	miss	404	377
a09-128-same	same	hit	200	1
a09-128-same	same	miss	404	488
a09-128-same	same	hit	200	1
a09-128-same	same	miss	404	582
a09-128-same	same	hit	200	1
a09-128-same	same	miss	404	449
a09-128-same	same	hit	200	1
a09-128-same	same	miss	404	193
a09-128-same	same	hit	200	1
a09-128-same	same	miss	404	492
a09-128-same	same	hit	200	2
a09-128-same	same	miss	404	519
a09-128-same	same	hit	200	6
a09-128-same	same	miss	404	421
a09-128-same	same	hit	200	2
a09-128-same	same	miss	404	429
a09-128-same	same	hit	200	1
a09-128-same	same	miss	404	420
a09-128-same	same	hit	200	1
a09-128-same	same	miss	404	558
a09-128-same	same	hit	200	1
a09-128-same	same	miss	404	174
a09-128-same	same	hit	200	1
a09-128-same	same	miss	404	214
a09-128-same	same	hit	200	3
a09-128-same	same	miss	404	1099
a09-128-same	same	hit	200	2
a09-128-same	same	miss	404	497
a09-128-same	same	hit	200	2
a09-128-same	same	miss	404	431
a09-128-same	same	hit	200	3
a09-128-same	same	miss	404	481
a09-128-same	same	hit	200	2
a09-128-same	same	miss	404	491
a09-128-same	same	hit	200	1
a09-128-same	same	miss	404	548
a09-128-same	same	hit	200	7
a09-128-same	same	miss	404	628
a09-128-same	same	hit	200	1
a09-128-same	same	miss	404	517
a09-128-same	same	hit	200	4
a09-128-same	same	miss	404	576
a09-128-same	same	hit	200	1
a09-128-same	same	miss	404	381
a09-128-same	same	hit	200	2
a09-128-same	same	miss	404	463
a09-128-same	same	hit	200	1
a09-128-same	same	miss	404	378
a09-128-same	same	hit	200	5
a09-128-same	same	miss	404	462
a09-128-same	same	hit	200	2
a09-128-same	same	miss	404	383
a09-128-same	same	hit	200	1
a09-128-same	same	miss	404	526
a09-128-same	same	hit	200	2
a09-128-same	same	miss	404	851
a09-128-same	same	hit	200	1
a09-128-same	same	miss	404	451
a09-128-same	same	hit	200	2
a09-128-same	same	miss	404	407
a09-128-same	same	hit	200	1
a09-128-same	same	miss	404	463
a09-128-same	same	hit	200	2
a09-128-same	same	miss	404	475
a09-128-same	same	hit	200	1
a09-128-same	same	miss	404	466
a09-128-same	same	hit	200	2
a09-128-same	same	miss	404	487
a09-128-same	same	hit	200	1
a09-128-same	same	miss	404	485
a09-128-same	same	hit	200	1
a09-128-same	same	miss	404	125
a09-128-same	same	hit	200	2
a09-128-same	same	miss	404	446
a09-128-same	same	hit	200	1
a09-128-same	same	miss	404	483
a09-128-same	same	hit	200	1
a09-128-same	same	miss	404	466
a09-128-same	same	hit	200	1
a09-128-same	same	miss	404	397
a09-128-same	same	hit	200	3
a09-128-same	same	miss	404	515
a09-128-same	same	hit	200	2
a09-128-same	same	miss	404	470
a09-128-same	same	hit	200	1
a09-128-same	same	miss	404	645
a09-128-same	same	hit	200	2
a09-128-same	same	miss	404	409
a09-128-same	same	hit	200	2
a09-128-same	same	miss	404	387
a09-128-same	same	hit	200	1
a09-128-same	same	miss	404	850
a09-128-same	same	hit	200	8
a09-128-same	same	miss	404	861
a09-128-same	same	hit	200	1
a09-128-same	same	miss	404	810
a09-128-same	same	hit	200	2
a09-128-same	same	miss	404	582
a09-128-same	same	hit	200	9
a09-128-same	same	miss	404	552
a09-128-same	same	hit	200	2
a09-128-same	same	miss	404	398
a09-128-same	same	hit	200	1
a09-128-same	same	miss	404	554
a09-128-same	same	hit	200	1
a09-128-same	same	miss	404	203
a09-128-same	same	hit	200	2
a09-128-same	same	miss	404	470
a09-128-same	same	hit	200	1
a09-128-same	same	miss	404	489
a09-128-same	same	hit	200	1
a09-128-same	same	miss	404	567
a09-128-same	same	hit	200	4
a09-128-same	same	miss	404	468
a09-128-same	same	hit	200	1
a09-128-same	same	miss	404	467
a09-128-same	same	hit	200	1
a09-128-same	same	miss	404	476
a09-128-same	same	hit	200	5
a09-128-same	same	miss	404	425
a09-128-same	same	hit	200	2
a09-128-same	same	miss	404	215
a09-128-same	same	hit	200	1
a09-128-same	same	miss	404	439
a09-128-same	same	hit	200	1
a09-128-same	same	miss	404	380
a09-128-same	same	hit	200	1
a09-128-same	same	miss	404	477
a09-128-same	same	hit	200	2
a09-128-same	same	miss	404	575
a09-128-same	same	hit	200	2
a09-128-same	same	miss	404	500
a09-128-same	same	hit	200	3
a09-128-same	same	miss	404	513
a09-128-same	same	hit	200	1
a09-128-same	same	miss	404	505
a09-128-same	same	hit	200	2
a09-128-same	same	miss	404	581
a09-128-same	same	hit	200	3
a09-128-same	same	miss	404	582
a09-128-same	same	hit	200	1
a09-128-same	same	miss	404	529
a09-128-same	same	hit	200	1
a09-128-same	same	miss	404	386
a09-128-same	same	hit	200	1
a09-128-same	same	miss	404	449
a09-128-same	same	hit	200	1
a09-128-same	same	miss	404	423
a09-128-same	same	hit	200	1
a09-128-same	same	miss	404	437
a09-128-same	same	hit	200	1
a09-128-same	same	miss	404	481
a09-128-same	same	hit	200	1
a09-128-same	same	miss	404	418
a09-128-same	same	hit	200	1
a09-128-same	same	miss	404	472
a09-128-same	same	hit	200	1
a09-128-same	same	miss	404	497
a09-128-same	same	hit	200	2
a09-128-same	same	miss	404	407
a09-128-same	same	hit	200	1
a09-128-same	same	miss	404	497
a09-128-same	same	hit	200	1
a09-128-same	same	miss	404	404
a09-128-same	same	hit	200	2
a09-128-same	same	miss	404	499
a09-128-same	same	hit	200	2
a09-128-same	same	miss	404	459
a09-128-same	same	hit	200	1
a09-128-same	same	miss	404	476
a09-128-same	same	hit	200	1
a09-128-same	same	miss	404	536
a09-128-same	same	hit	200	5
a09-128-same	same	miss	404	478
a09-128-same	same	hit	200	2
a09-128-same	same	miss	404	975
a09-128-same	same	hit	200	1
a09-128-same	same	miss	404	805
a09-128-same	same	hit	200	2
a09-128-same	same	miss	404	676
a09-128-same	same	hit	200	13
a09-128-same	same	miss	404	451
a09-128-same	same	hit	200	2
a09-128-same	same	miss	404	572
a09-128-same	same	hit	200	1
a09-128-same	same	miss	404	504
a09-128-same	same	hit	200	6
a09-128-same	same	miss	404	527
a09-128-same	same	hit	200	1
a09-128-same	same	miss	404	567
a09-128-same	same	hit	200	2
a09-128-same	same	miss	404	476
a09-128-same	same	hit	200	2
a09-128-same	same	miss	404	352
a09-128-same	same	hit	200	2
a09-128-same	same	miss	404	570
a09-128-same	same	hit	200	2
a09-128-same	same	miss	404	447
a09-128-same	same	hit	200	1
a09-128-same	same	miss	404	434
a09-128-same	same	hit	200	1
a09-128-same	same	miss	404	474
a09-128-same	same	hit	200	1
a09-128-same	same	miss	404	331
a09-128-same	same	hit	200	1
a09-128-same	same	miss	404	376
a09-128-same	same	hit	200	1
a09-128-same	same	miss	404	463
a09-128-same	same	hit	200	1
a09-128-same	same	miss	404	426
a09-128-same	same	hit	200	2
a09-128-same	same	miss	404	536
a09-128-same	same	hit	200	2
a09-128-same	same	miss	404	495
a09-128-same	same	hit	200	1
a09-128-same	same	miss	404	448
a09-128-same	same	hit	200	1
a09-128-same	same	miss	404	534
a09-128-same	same	hit	200	1
a09-128-same	same	miss	404	453
a09-128-same	same	hit	200	2
a09-128-same	same	miss	404	237
a09-128-same	same	hit	200	1
a09-128-same	same	miss	404	409
a09-128-same	same	hit	200	2
a09-128-same	same	miss	404	438
a09-128-same	same	hit	200	1
a09-128-same	same	miss	404	375
a09-128-same	same	hit	200	1
a09-128-same	same	miss	404	504
a09-128-same	same	hit	200	1
a09-128-same	same	miss	404	310
a09-128-same	same	hit	200	1
a09-128-same	same	miss	404	433
a09-128-same	same	hit	200	1
a09-128-same	same	miss	404	551
a09-128-same	same	hit	200	1
a09-128-same	same	miss	404	360
a09-128-same	same	hit	200	1
a09-128-same	same	miss	404	412
a09-128-same	same	hit	200	2
a09-128-same	same	miss	404	427
a09-128-same	same	hit	200	1
a09-128-same	same	miss	404	375
a09-128-same	same	hit	200	1
a09-128-same	same	miss	404	370
a09-128-same	same	hit	200	1
a09-128-same	same	miss	404	340
a09-128-same	same	hit	200	4
a09-128-same	same	miss	404	399
a09-128-same	same	hit	200	1
a09-128-same	same	miss	404	559
a09-128-same	same	hit	200	1
a09-128-same	same	miss	404	519
a09-128-same	same	hit	200	3
a09-128-same	same	miss	404	481
a09-128-same	same	hit	200	2
a09-128-same	same	miss	404	434
a09-128-same	same	hit	200	1
a09-128-same	same	miss	404	353
a09-128-same	same	hit	200	1
a09-128-same	same	miss	404	587
a09-128-same	same	hit	200	3
a09-128-same	same	miss	404	488
a09-128-same	same	hit	200	3
a09-128-same	same	miss	404	517
a09-128-same	same	hit	200	3
a09-128-same	same	miss	404	439
a09-128-same	same	hit	200	1
a09-128-same	same	miss	404	171
a09-128-same	same	hit	200	5
a09-128-same	same	miss	404	614
a09-128-same	same	hit	200	5
a09-128-same	same	miss	404	473
a09-128-same	same	hit	200	9
a09-128-same	same	miss	404	507
a09-128-same	same	hit	200	2
a09-128-same	same	miss	404	185
a09-128-same	same	hit	200	2
a09-128-same	same	miss	404	663
a09-128-same	same	hit	200	1
a09-128-same	same	miss	404	516
a09-128-same	same	hit	200	1
a09-128-same	same	miss	404	195
a09-128-same	same	hit	200	2
a09-128-same	same	miss	404	516
a09-128-same	same	hit	200	1
a09-128-same	same	miss	404	659
a09-128-same	same	hit	200	1
a09-128-same	same	miss	404	447
a09-128-same	same	hit	200	2
a09-128-same	same	miss	404	441
a09-128-same	same	hit	200	1
a09-128-same	same	miss	404	390
a09-128-same	same	hit	200	1
a09-128-same	same	miss	404	499
a09-128-same	same	hit	200	2
a09-128-same	same	miss	404	462
a09-128-same	same	hit	200	3
a09-128-same	same	miss	404	530
a09-128-same	same	hit	200	1
a09-128-same	same	miss	404	542
a09-128-same	same	hit	200	1
a09-128-same	same	miss	404	537
a09-128-same	same	hit	200	1
a09-128-same	same	miss	404	190
a09-128-same	same	hit	200	1
a09-128-same	same	miss	404	431
a09-128-same	same	hit	200	1
a09-128-same	same	miss	404	430
a09-128-same	same	hit	200	1
a09-128-same	same	miss	404	389
a09-128-same	same	hit	200	1
a09-128-same	same	miss	404	426
a09-128-same	same	hit	200	1
a09-128-same	same	miss	404	385
a09-128-same	same	hit	200	1
a09-128-same	same	miss	404	460
a09-128-same	same	hit	200	1
a09-128-same	same	miss	404	433
a09-128-same	same	hit	200	3
a09-128-same	same	miss	404	502
a09-128-same	same	hit	200	1
a09-128-same	same	miss	404	472
a09-128-same	same	hit	200	1
a09-128-same	same	miss	404	149
a09-128-same	same	hit	200	1
a09-128-same	same	miss	404	414
a09-128-same	same	hit	200	1
a09-128-same	same	miss	404	508
a09-128-same	same	hit	200	1
a09-128-same	same	miss	404	416
a09-128-same	same	hit	200	2
a09-128-same	same	miss	404	472
a09-128-same	same	hit	200	2
a09-128-same	same	miss	404	436
a09-128-same	same	hit	200	1
a09-128-same	same	miss	404	348
a09-128-same	same	hit	200	1
a09-128-same	same	miss	404	477
a09-128-same	same	hit	200	1
a09-128-same	same	miss	404	532
a09-128-same	same	hit	200	2
a09-128-same	same	miss	404	590
a09-128-same	same	hit	200	5
a09-128-same	same	miss	404	647
a09-128-same	same	hit	200	12
a09-128-same	same	miss	404	506
a09-128-same	same	hit	200	1
a09-128-same	same	miss	404	492
a09-128-same	same	hit	200	3
a09-128-same	same	miss	404	625
a09-128-same	same	hit	200	2
a09-128-same	same	miss	404	531
a09-128-same	same	hit	200	1
a09-128-same	same	miss	404	620
a09-128-same	same	hit	200	13
a09-128-same	same	miss	404	188
a09-128-same	same	hit	200	2
a09-128-same	same	miss	404	510
a09-128-same	same	hit	200	1
a09-128-same	same	miss	404	442
a09-128-same	same	hit	200	3
a09-128-same	same	miss	404	518
a09-128-same	same	hit	200	1
a09-128-same	same	miss	404	381
a09-128-same	same	hit	200	1
a09-128-same	same	miss	404	458
a09-128-same	same	hit	200	7
a09-128-same	same	miss	404	574
a09-128-same	same	hit	200	1
a09-128-same	same	miss	404	420
a09-128-same	same	hit	200	3
a09-128-same	same	miss	404	463
a09-128-same	same	hit	200	2
a09-128-same	same	miss	404	184
a09-128-same	same	hit	200	1
a09-128-same	same	miss	404	714
a09-128-same	same	hit	200	1
a09-128-same	same	miss	404	412
a09-128-same	same	hit	200	4
a09-128-same	same	miss	404	521
a09-128-same	same	hit	200	2
a09-128-same	same	miss	404	418
a09-128-same	same	hit	200	1
a09-128-same	same	miss	404	454
a09-128-same	same	hit	200	1
a09-128-same	same	miss	404	433
a09-128-same	same	hit	200	2
a09-128-same	same	miss	404	636
a09-128-same	same	hit	200	1
a09-128-same	same	miss	404	375
a09-128-same	same	hit	200	1
a09-128-same	same	miss	404	516
a09-128-same	same	hit	200	1
a09-128-same	same	miss	404	507
a09-128-same	same	hit	200	1
a09-128-same	same	miss	404	422
a09-128-same	same	hit	200	2
a09-128-same	same	miss	404	480
a09-128-same	same	hit	200	8
a09-128-same	same	miss	404	371
a09-128-same	same	hit	200	2
a09-128-same	same	miss	404	459
a09-128-same	same	hit	200	4
a09-128-same	same	miss	404	604
a09-128-same	same	hit	200	1
a09-128-same	same	miss	404	620
a09-128-same	same	hit	200	1
a09-128-same	same	miss	404	826
a09-128-same	same	hit	200	1
a09-128-same	same	miss	404	530
a09-128-same	same	hit	200	1
a09-128-same	same	miss	404	434
a09-128-same	same	hit	200	8
a09-128-same	same	miss	404	430
a09-128-same	same	hit	200	8
a09-128-same	same	miss	404	542
a09-128-same	same	hit	200	1
a09-128-same	same	miss	404	620
a09-128-same	same	hit	200	5
a09-128-same	same	miss	404	463
a09-128-same	same	hit	200	5
a09-128-same	same	miss	404	473
a09-128-same	same	hit	200	2
a09-128-same	same	miss	404	538
a09-128-same	same	hit	200	1
a09-128-same	same	miss	404	486
a09-128-same	same	hit	200	1
a09-128-same	same	miss	404	429
a09-128-same	same	hit	200	1
a09-128-same	same	miss	404	579
a09-128-same	same	hit	200	1
a09-128-same	same	miss	404	494
a09-128-same	same	hit	200	3
a09-128-same	same	miss	404	364
a09-128-same	same	hit	200	1
a09-128-same	same	miss	404	579
a09-128-same	same	hit	200	2
a09-128-same	same	miss	404	421
a09-128-same	same	hit	200	1
a09-128-same	same	miss	404	419
a09-128-same	same	hit	200	2
a09-128-same	same	miss	404	171
a09-128-same	same	hit	200	1
a09-128-same	same	miss	404	421
a09-128-same	same	hit	200	1
a09-128-same	same	miss	404	405
a09-128-same	same	hit	200	4
a09-128-same	same	miss	404	412
a09-128-same	same	hit	200	3
a09-128-same	same	miss	404	187
a09-128-same	same	hit	200	1
a09-128-same	same	miss	404	475
a09-128-same	same	hit	200	1
a09-128-same	same	miss	404	446
a09-128-same	same	hit	200	1
a09-128-same	same	miss	404	125
a09-128-same	same	hit	200	1
a09-128-same	same	miss	404	519
a09-128-same	same	hit	200	1
a09-128-same	same	miss	404	558
a09-128-same	same	hit	200	2
a09-128-same	same	miss	404	455
a09-128-same	same	hit	200	2
a09-128-same	same	miss	404	327
a09-128-same	same	hit	200	2
a09-128-same	same	miss	404	165
a09-128-same	same	hit	200	1
a09-128-same	same	miss	404	174
a09-128-same	same	hit	200	2
a09-128-same	same	miss	404	499
a09-128-same	same	hit	200	5
a09-128-same	same	miss	404	499
a09-128-same	same	hit	200	1
a09-128-same	same	miss	404	447
a09-128-same	same	hit	200	1
a09-128-same	same	miss	404	444
a09-128-same	same	hit	200	1
a09-128-same	same	miss	404	588
a09-128-same	same	hit	200	2
a09-128-same	same	miss	404	453
a09-128-same	same	hit	200	1
a09-128-same	same	miss	404	689
a09-128-same	same	hit	200	1
a09-128-same	same	miss	404	433
a09-128-same	same	hit	200	1
a09-128-same	same	miss	404	468
a09-128-same	same	hit	200	2
a09-128-same	same	miss	404	503
a09-128-same	same	hit	200	2
a09-128-same	same	miss	404	336
a09-128-same	same	hit	200	1
a09-128-same	same	miss	404	350
a09-128-same	same	hit	200	1
a09-128-same	same	miss	404	416
a09-128-same	same	hit	200	6
a09-128-same	same	miss	404	697
a09-128-same	same	hit	200	3
a09-128-same	same	miss	404	618
a09-128-same	same	hit	200	3
a09-128-same	same	miss	404	507
a09-128-same	same	hit	200	1
a09-128-same	same	miss	404	473
a09-128-same	same	hit	200	13
a09-128-same	same	miss	404	546
a09-128-same	same	hit	200	1
a09-128-same	same	miss	404	505
a09-128-same	same	hit	200	4
a09-128-same	same	miss	404	724
a09-128-same	same	hit	200	3
a09-128-same	same	miss	404	607
a09-128-same	same	hit	200	2
a09-128-same	same	miss	404	526
a09-128-same	same	hit	200	1
a09-128-same	same	miss	404	216
a09-128-same	same	hit	200	1
a09-128-same	same	miss	404	469
a09-128-same	same	hit	200	1
a09-128-same	same	miss	404	468
a09-128-same	same	hit	200	1
a09-128-same	same	miss	404	476
a09-128-same	same	hit	200	2
a09-128-same	same	miss	404	445
a09-128-same	same	hit	200	7
a09-128-same	same	miss	404	534
a09-128-same	same	hit	200	1
a09-128-same	same	miss	404	294
a09-128-same	same	hit	200	18
a09-128-same	same	miss	404	451
a09-128-same	same	hit	200	11
a09-128-same	same	miss	404	609
a09-128-same	same	hit	200	2
a09-128-same	same	miss	404	442
a09-128-same	same	hit	200	2
a09-128-same	same	miss	404	489
a09-128-same	same	hit	200	4
a09-128-same	same	miss	404	441
a09-128-same	same	hit	200	1
a09-128-same	same	miss	404	490
a09-128-same	same	hit	200	2
a09-128-same	same	miss	404	206
a09-128-same	same	hit	200	1
a09-128-same	same	miss	404	528
a09-128-same	same	hit	200	2
a09-128-same	same	miss	404	513
a09-128-same	same	hit	200	1
a09-128-same	same	miss	404	477
a09-128-same	same	hit	200	2
a09-128-same	same	miss	404	471
a09-128-same	same	hit	200	2
a09-128-same	same	miss	404	361
a09-128-same	same	hit	200	2
a09-128-same	same	miss	404	459
a09-128-same	same	hit	200	2
a09-128-same	same	miss	404	727
a09-128-same	same	hit	200	8
a09-128-same	same	miss	404	398
a09-128-same	same	hit	200	1
a09-128-same	same	miss	404	382
a09-128-same	same	hit	200	1
a09-128-same	same	miss	404	344
a09-128-same	same	hit	200	1
a09-128-same	same	miss	404	366
a09-128-same	same	hit	200	4
a09-128-same	same	miss	404	492
a09-128-same	same	hit	200	2
a09-128-same	same	miss	404	877
a09-128-same	same	hit	200	1
a09-128-same	same	miss	404	476
a09-128-same	same	hit	200	1
a09-128-same	same	miss	404	392
a09-128-same	same	hit	200	2
a09-128-same	same	miss	404	624
a09-128-same	same	hit	200	2
a09-128-same	same	miss	404	488
a09-128-same	same	hit	200	1
a09-128-same	same	miss	404	621
a09-128-same	same	hit	200	1
a09-128-same	same	miss	404	661
a09-128-same	same	hit	200	2
a09-128-same	same	miss	404	506
a09-128-same	same	hit	200	1
a09-128-same	same	miss	404	524
a09-128-same	same	hit	200	1
a09-128-same	same	miss	404	609
a09-128-same	same	hit	200	2
a09-128-same	same	miss	404	555
a09-128-same	same	hit	200	2
a09-128-same	same	miss	404	455
a09-128-same	same	hit	200	1
a09-128-same	same	miss	404	597
a09-128-same	same	hit	200	2
a09-128-same	same	miss	404	477
a09-128-same	same	hit	200	2
a09-128-same	same	miss	404	491
a09-128-same	same	hit	200	1
a09-128-same	same	miss	404	510
a09-128-same	same	hit	200	1
a09-128-same	same	miss	404	497
a09-128-same	same	hit	200	1
a09-128-same	same	miss	404	492
a09-128-same	same	hit	200	1
a09-128-same	same	miss	404	373
a09-128-same	same	hit	200	2
a09-128-same	same	miss	404	370
a09-128-same	same	hit	200	1
a09-128-same	same	miss	404	525
a09-128-same	same	hit	200	4
a09-128-same	same	miss	404	658
a09-128-same	same	hit	200	2
a09-128-same	same	miss	404	611
a09-128-same	same	hit	200	2
a09-128-same	same	miss	404	476
a09-128-same	same	hit	200	1
a09-128-same	same	miss	404	424
a09-128-same	same	hit	200	1
a09-128-same	same	miss	404	592
a09-128-same	same	hit	200	3
a09-128-same	same	miss	404	432
a09-128-same	same	hit	200	1
a09-128-same	same	miss	404	392
a09-128-same	same	hit	200	1
a09-128-same	same	miss	404	514
a09-128-same	same	hit	200	2
a09-128-same	same	miss	404	174
a09-128-same	same	hit	200	1
a09-128-same	same	miss	404	506
a09-128-same	same	hit	200	1
a09-128-same	same	miss	404	420
a09-128-same	same	hit	200	2
a09-128-same	same	miss	404	455
a09-128-same	same	hit	200	1
a09-128-same	same	miss	404	413
a09-128-same	same	hit	200	8
a09-128-same	same	miss	404	397
a09-128-same	same	hit	200	1
a09-128-same	same	miss	404	495
a09-128-same	same	hit	200	1
a09-128-same	same	miss	404	508
a09-128-same	same	hit	200	1
a09-128-same	same	miss	404	234
a09-128-same	same	hit	200	1
a09-128-same	same	miss	404	435
a09-128-same	same	hit	200	2
a09-128-same	same	miss	404	494
a09-128-same	same	hit	200	1
a09-128-same	same	miss	404	483
a09-128-same	same	hit	200	1
a09-128-same	same	miss	404	601
a09-128-same	same	hit	200	1
a09-128-same	same	miss	404	466
a09-128-same	same	hit	200	2
a09-128-same	same	miss	404	407
a09-128-same	same	hit	200	2
a09-128-same	same	miss	404	565
a09-128-same	same	hit	200	1
a09-128-same	same	miss	404	215
a09-128-same	same	hit	200	2
a09-128-same	same	miss	404	532
a09-128-same	same	hit	200	4
a09-128-same	same	miss	404	522
a09-128-same	same	hit	200	2
a09-128-same	same	miss	404	635
a09-128-same	same	hit	200	4
a09-128-same	same	miss	404	582
a09-128-same	same	hit	200	2
a09-128-same	same	miss	404	365
a09-128-same	same	hit	200	15
a09-128-same	same	miss	404	438
a09-128-same	same	hit	200	1
a09-128-same	same	miss	404	404
a09-128-same	same	hit	200	4
a09-128-same	same	miss	404	507
a09-128-same	same	hit	200	1
a09-128-same	same	miss	404	216
a09-128-same	same	hit	200	2
a09-128-same	same	miss	404	496
a09-128-same	same	hit	200	4
a09-128-same	same	miss	404	517
a09-128-same	same	hit	200	2
a09-128-same	same	miss	404	398
a09-128-same	same	hit	200	1
a09-128-same	same	miss	404	550
a09-128-same	same	hit	200	1
a09-128-same	same	miss	404	550
a09-128-same	same	hit	200	1
a09-128-same	same	miss	404	396
a09-128-same	same	hit	200	4
a09-128-same	same	miss	404	396
a09-128-same	same	hit	200	1
a09-128-same	same	miss	404	422
a09-128-same	same	hit	200	1
a09-128-same	same	miss	404	380
a09-128-same	same	hit	200	2
a09-128-same	same	miss	404	301
a09-128-same	same	hit	200	1
a09-128-same	same	miss	404	442
a09-128-same	same	hit	200	1
a09-128-same	same	miss	404	533
a09-128-same	same	hit	200	2
a09-128-same	same	miss	404	492
a09-128-same	same	hit	200	2
a09-128-same	same	miss	404	409
a09-128-same	same	hit	200	2
a09-128-same	same	miss	404	433
a09-128-same	same	hit	200	1
a09-128-same	same	miss	404	459
a09-128-same	same	hit	200	1
a09-128-same	same	miss	404	369
a09-128-same	same	hit	200	1
a09-128-same	same	miss	404	451
a09-128-same	same	hit	200	1
a09-128-same	same	miss	404	396
a09-128-same	same	hit	200	1
a09-128-same	same	miss	404	438
a09-128-same	same	hit	200	1
a09-128-same	same	miss	404	482
a09-128-same	same	hit	200	1
a09-128-same	same	miss	404	503
a09-128-same	same	hit	200	1
a09-128-same	same	miss	404	412
a09-128-same	same	hit	200	1
a09-128-same	same	miss	404	451
a09-128-same	same	hit	200	2
a09-128-same	same	miss	404	260
a09-128-same	same	hit	200	1
a09-128-same	same	miss	404	478
a09-128-same	same	hit	200	1
a09-128-same	same	miss	404	477
a09-128-same	same	hit	200	2
a09-128-same	same	miss	404	611
a09-128-same	same	hit	200	1
a09-128-same	same	miss	404	569
a09-128-same	same	hit	200	2
a09-128-same	same	miss	404	438
a09-128-same	same	hit	200	2
a09-128-same	same	miss	404	566
a09-128-same	same	hit	200	1
a09-128-same	same	miss	404	467
a09-128-same	same	hit	200	1
a09-128-same	same	miss	404	633
a09-128-same	same	hit	200	2
a09-128-same	same	miss	404	664
a09-128-same	same	hit	200	2
a09-128-same	same	miss	404	503
a09-128-same	same	hit	200	2
a09-128-same	same	miss	404	621
a09-128-same	same	hit	200	1
a09-128-same	same	miss	404	457
a09-128-same	same	hit	200	1
a09-128-same	same	miss	404	461
a09-128-same	same	hit	200	4
a09-128-same	same	miss	404	262
a09-128-same	same	hit	200	1
a09-128-same	same	miss	404	501
a09-128-same	same	hit	200	1
a09-128-same	same	miss	404	524
a09-128-same	same	hit	200	6
a09-128-same	same	miss	404	461
a09-128-same	same	hit	200	2
a09-128-same	same	miss	404	498
a09-128-same	same	hit	200	12
a09-128-same	same	miss	404	243
a09-128-same	same	hit	200	1
a09-128-same	same	miss	404	575
a09-128-same	same	hit	200	2
a09-128-same	same	miss	404	431
a09-128-same	same	hit	200	26
a09-128-same	same	miss	404	383
a09-128-same	same	hit	200	1
a09-128-same	same	miss	404	531
a09-128-same	same	hit	200	2
a09-128-same	same	miss	404	513
a09-128-same	same	hit	200	2
a09-128-same	same	miss	404	507
a09-128-same	same	hit	200	2
a09-128-same	same	miss	404	480
a09-128-same	same	hit	200	1
a09-128-same	same	miss	404	488
a09-128-same	same	hit	200	1
a09-128-same	same	miss	404	669
a09-128-same	same	hit	200	2
a09-128-same	same	miss	404	459
a09-128-same	same	hit	200	2
a09-128-same	same	miss	404	335
a09-128-same	same	hit	200	1
a09-128-same	same	miss	404	414
a09-128-same	same	hit	200	3
a09-128-same	same	miss	404	358
a09-128-same	same	hit	200	3
a09-128-same	same	miss	404	367
a09-128-same	same	hit	200	1
a09-128-same	same	miss	404	161
a09-128-same	same	hit	200	2
a09-128-same	same	miss	404	507
a09-128-same	same	hit	200	2
a09-128-same	same	miss	404	405
a09-128-same	same	hit	200	2
a09-128-same	same	miss	404	497
a09-128-same	same	hit	200	1
a09-128-same	same	miss	404	437
a09-128-same	same	hit	200	1
a09-128-same	same	miss	404	446
a09-128-same	same	hit	200	2
a09-128-same	same	miss	404	420
a09-128-same	same	hit	200	8
a09-128-same	same	miss	404	378
a09-128-same	same	hit	200	2
a09-128-same	same	miss	404	474
a09-128-same	same	hit	200	2
a09-128-same	same	miss	404	393
a09-128-same	same	hit	200	1
a09-128-same	same	miss	404	489
a09-128-same	same	hit	200	1
a09-128-same	same	miss	404	530
a09-128-same	same	hit	200	1
a09-128-same	same	miss	404	459
a09-128-same	same	hit	200	2
a09-128-same	same	miss	404	586
a09-128-same	same	hit	200	2
a09-128-same	same	miss	404	496
a09-128-same	same	hit	200	3
a09-128-same	same	miss	404	601
a09-128-same	same	hit	200	1
a09-128-same	same	miss	404	582
a09-128-same	same	hit	200	2
a09-128-same	same	miss	404	1068
a09-128-same	same	hit	200	1
a09-128-same	same	miss	404	431
a09-128-same	same	hit	200	1
a09-128-same	same	miss	404	426
a09-128-same	same	hit	200	2
a09-128-same	same	miss	404	491
a09-128-same	same	hit	200	3
a09-128-same	same	miss	404	628
a09-128-same	same	hit	200	1
a09-128-same	same	miss	404	558
a09-128-same	same	hit	200	10
a09-128-same	same	miss	404	557
a09-128-same	same	hit	200	2
a09-128-same	same	miss	404	505
a09-128-same	same	hit	200	1
a09-128-same	same	miss	404	222
a09-128-same	same	hit	200	2
a09-128-same	same	miss	404	468
a09-128-same	same	hit	200	1
a09-128-same	same	miss	404	475
a09-128-same	same	hit	200	17
a09-128-same	same	miss	404	565
a09-128-same	same	hit	200	1
a09-128-same	same	miss	404	393
a09-128-same	same	hit	200	1
a09-128-same	same	miss	404	578
a09-128-same	same	hit	200	1
a09-128-same	same	miss	404	383
a09-128-same	same	hit	200	1
a09-128-same	same	miss	404	559
a09-128-same	same	hit	200	1
a09-128-same	same	miss	404	540
a09-128-same	same	hit	200	1
a09-128-same	same	miss	404	525
a09-128-same	same	hit	200	1
a09-128-same	same	miss	404	465
a09-128-same	same	hit	200	1
a09-128-same	same	miss	404	475
a09-128-same	same	hit	200	2
a09-128-same	same	miss	404	438
a09-128-same	same	hit	200	1
a09-128-same	same	miss	404	476
a09-128-same	same	hit	200	1
a09-128-same	same	miss	404	246
a09-128-same	same	hit	200	1
a09-128-same	same	miss	404	343
a09-128-same	same	hit	200	2
a09-128-same	same	miss	404	487
a09-128-same	same	hit	200	1
a09-128-same	same	miss	404	434
a09-128-same	same	hit	200	1
a09-128-same	same	miss	404	450
a09-128-same	same	hit	200	1
a09-128-same	same	miss	404	462
a09-128-same	same	hit	200	1
a09-128-same	same	miss	404	497
a09-128-same	same	hit	200	1
a09-128-same	same	miss	404	528
a09-128-same	same	hit	200	2
a09-128-same	same	miss	404	320
a09-128-same	same	hit	200	2
a09-128-same	same	miss	404	418
a09-128-same	same	hit	200	1
a09-128-same	same	miss	404	407
a09-128-same	same	hit	200	2
a09-128-same	same	miss	404	530
a09-128-same	same	hit	200	1
a09-128-same	same	miss	404	405
a09-128-same	same	hit	200	1
a09-128-same	same	miss	404	518
a09-128-same	same	hit	200	2
a09-128-same	same	miss	404	567
a09-128-same	same	hit	200	6
a09-128-same	same	miss	404	633
a09-128-same	same	hit	200	2
a09-128-same	same	miss	404	263
a09-128-same	same	hit	200	3
a09-128-same	same	miss	404	439
a09-128-same	same	hit	200	2
a09-128-same	same	miss	404	644
a09-128-same	same	hit	200	1
a09-128-same	same	miss	404	490
a09-128-same	same	hit	200	2
a09-128-same	same	miss	404	455
a09-128-same	same	hit	200	2
a09-128-same	same	miss	404	487
a09-128-same	same	hit	200	1
a09-128-same	same	miss	404	437
a09-128-same	same	hit	200	3
a09-128-same	same	miss	404	613
a09-128-same	same	hit	200	1
a09-128-same	same	miss	404	468
a09-128-same	same	hit	200	2
a09-128-same	same	miss	404	610
a09-128-same	same	hit	200	2
a09-128-same	same	miss	404	523
a09-128-same	same	hit	200	1
a09-128-same	same	miss	404	469
a09-128-same	same	hit	200	1
a09-128-same	same	miss	404	346
a09-128-same	same	hit	200	3
a09-128-same	same	miss	404	451
a09-128-same	same	hit	200	1
a09-128-same	same	miss	404	501
a09-128-same	same	hit	200	2
a09-128-same	same	miss	404	411
a09-128-same	same	hit	200	1
a09-128-same	same	miss	404	463
a09-128-same	same	hit	200	1
a09-128-same	same	miss	404	179
a09-128-same	same	hit	200	1
a09-128-same	same	miss	404	444
a09-128-same	same	hit	200	1
a09-128-same	same	miss	404	384
a09-128-same	same	hit	200	3
a09-128-same	same	miss	404	404
a09-128-same	same	hit	200	1
a09-128-same	same	miss	404	480
a09-128-same	same	hit	200	2
a09-128-same	same	miss	404	430
a09-128-same	same	hit	200	1
a09-128-same	same	miss	404	335
a09-128-same	same	hit	200	3
a09-128-same	same	miss	404	495
a09-128-same	same	hit	200	2
a09-128-same	same	miss	404	427
a09-128-same	same	hit	200	3
a09-128-same	same	miss	404	140
a09-128-same	same	hit	200	1
a09-128-same	same	miss	404	430
a09-128-same	same	hit	200	2
a09-128-same	same	miss	404	456
a09-128-same	same	hit	200	2
a09-128-same	same	miss	404	144
a09-128-same	same	hit	200	5
a09-128-same	same	miss	404	357
a09-128-same	same	hit	200	2
a09-128-same	same	miss	404	467
a09-128-same	same	hit	200	2
a09-128-same	same	miss	404	382
a09-128-same	same	hit	200	1
a09-128-same	same	miss	404	404
a09-128-same	same	hit	200	1
a09-128-same	same	miss	404	468
a09-128-same	same	hit	200	1
a09-128-same	same	miss	404	413
a09-128-same	same	hit	200	2
a09-128-same	same	miss	404	433
a09-128-same	same	hit	200	1
a09-128-same	same	miss	404	541
a09-128-same	same	hit	200	4
a09-128-same	same	miss	404	423
a09-128-same	same	hit	200	2
a09-128-same	same	miss	404	730
a09-128-same	same	hit	200	1
a09-128-same	same	miss	404	581
a09-128-same	same	hit	200	9
a09-128-same	same	miss	404	998
a09-128-same	same	hit	200	4
a09-128-same	same	miss	404	531
a09-128-same	same	hit	200	1
a09-128-same	same	miss	404	1295
a09-128-same	same	hit	200	3
a09-128-same	same	miss	404	1303
a09-128-same	same	hit	200	3
a09-128-same	same	miss	404	506
a09-128-same	same	hit	200	1
a09-128-same	same	miss	404	502
a09-128-same	same	hit	200	3
a09-128-same	same	miss	404	585
a09-128-same	same	hit	200	7
a09-128-same	same	miss	404	203
a09-128-same	same	hit	200	3
a09-128-same	same	miss	404	460
a09-128-same	same	hit	200	1
a09-128-same	same	miss	404	368
a09-128-same	same	hit	200	1
a09-128-same	same	miss	404	380
a09-128-same	same	hit	200	1
a09-128-same	same	miss	404	211
a09-128-same	same	hit	200	21
a09-128-same	same	miss	404	413
a09-128-same	same	hit	200	1
a09-128-same	same	miss	404	458
a09-128-same	same	hit	200	1
a09-128-same	same	miss	404	366
a09-128-same	same	hit	200	1
a09-128-same	same	miss	404	209
a09-128-same	same	hit	200	2
a09-128-same	same	miss	404	511
a09-128-same	same	hit	200	1
a09-128-same	same	miss	404	447
a09-128-same	same	hit	200	1
a09-128-same	same	miss	404	653
a09-128-same	same	hit	200	1
a09-128-same	same	miss	404	418
a09-128-same	same	hit	200	1
a09-128-same	same	miss	404	440
a09-128-same	same	hit	200	7
a09-128-same	same	miss	404	447
a09-128-same	same	hit	200	2
a09-128-same	same	miss	404	440
a09-128-same	same	hit	200	5
a09-128-same	same	miss	404	480
a09-128-same	same	hit	200	1
a09-128-same	same	miss	404	497
a09-128-same	same	hit	200	1
a09-128-same	same	miss	404	432
a09-128-same	same	hit	200	2
a09-128-same	same	miss	404	494
a09-128-same	same	hit	200	1
a09-128-same	same	miss	404	564
a09-128-same	same	hit	200	2
a09-128-same	same	miss	404	685
a09-128-same	same	hit	200	2
a09-128-same	same	miss	404	218
a09-128-same	same	hit	200	1
a09-128-same	same	miss	404	466
a09-128-same	same	hit	200	2
a09-128-same	same	miss	404	515
a09-128-same	same	hit	200	1
a09-128-same	same	miss	404	508
a09-128-same	same	hit	200	1
a09-128-same	same	miss	404	508
a09-128-same	same	hit	200	2
a09-128-same	same	miss	404	674
a09-128-same	same	hit	200	3
a09-128-same	same	miss	404	202
a09-128-same	same	hit	200	1
a09-128-same	same	miss	404	438
a09-128-same	same	hit	200	2
a09-128-same	same	miss	404	206
a09-128-same	same	hit	200	3
a09-128-same	same	miss	404	599
a09-128-same	same	hit	200	3
a09-128-same	same	miss	404	548
a09-128-same	same	hit	200	1
a09-128-same	same	miss	404	594
a09-128-same	same	hit	200	1
a09-128-same	same	miss	404	499
a09-128-same	same	hit	200	1
a09-128-same	same	miss	404	384
a09-128-same	same	hit	200	2
a09-128-same	same	miss	404	480
a09-128-same	same	hit	200	4
a09-128-same	same	miss	404	669
a09-128-same	same	hit	200	1
a09-128-same	same	miss	404	491
a09-128-same	same	hit	200	2
a09-128-same	same	miss	404	582
a09-128-same	same	hit	200	1
a09-128-same	same	miss	404	384
a09-128-same	same	hit	200	2
a09-128-same	same	miss	404	599
a09-128-same	same	hit	200	1
a09-128-same	same	miss	404	480
a09-128-same	same	hit	200	2
a09-128-same	same	miss	404	537
a09-128-same	same	hit	200	2
a09-128-same	same	miss	404	426
a09-128-same	same	hit	200	3
a09-128-same	same	miss	404	414
a09-128-same	same	hit	200	2
a09-128-same	same	miss	404	478
a09-128-same	same	hit	200	2
a09-128-same	same	miss	404	477
a09-128-same	same	hit	200	2
a09-128-same	same	miss	404	527
a09-128-same	same	hit	200	1
a09-128-same	same	miss	404	399
a09-128-same	same	hit	200	1
a09-128-same	same	miss	404	497
a09-128-same	same	hit	200	1
a09-128-same	same	miss	404	448
a09-128-same	same	hit	200	1
a09-128-same	same	miss	404	502
a09-128-same	same	hit	200	1
a09-128-same	same	miss	404	368
a09-128-same	same	hit	200	1
a09-128-same	same	miss	404	389
a09-128-same	same	hit	200	1
a09-128-same	same	miss	404	562
a09-128-same	same	hit	200	1
a09-128-same	same	miss	404	175
a09-128-same	same	hit	200	1
a09-128-same	same	miss	404	417
a09-128-same	same	hit	200	2
a09-128-same	same	miss	404	196
a09-128-same	same	hit	200	1
a09-128-same	same	miss	404	512
a09-128-same	same	hit	200	5
a09-128-same	same	miss	404	595
a09-128-same	same	hit	200	1
a09-128-same	same	miss	404	433
a09-128-same	same	hit	200	1
a09-128-same	same	miss	404	510
a09-128-same	same	hit	200	1
a09-128-same	same	miss	404	457
a09-128-same	same	hit	200	1
a09-128-same	same	miss	404	479
a09-128-same	same	hit	200	4
a09-128-same	same	miss	404	396
a09-128-same	same	hit	200	3
a09-128-same	same	miss	404	474
a09-128-same	same	hit	200	1
a09-128-same	same	miss	404	461
a09-128-same	same	hit	200	2
a09-128-same	same	miss	404	412
a09-128-same	same	hit	200	1
a09-128-same	same	miss	404	734
a09-128-same	same	hit	200	2
a09-128-same	same	miss	404	528
a09-128-same	same	hit	200	2
a09-128-same	same	miss	404	701
a09-128-same	same	hit	200	2
a09-128-same	same	miss	404	520
a09-128-same	same	hit	200	2
a09-128-same	same	miss	404	543
a09-128-same	same	hit	200	2
a09-128-same	same	miss	404	770
a09-128-same	same	hit	200	1
a09-128-same	same	miss	404	487
a09-128-same	same	hit	200	1
a09-128-same	same	miss	404	800
a09-128-same	same	hit	200	1
a09-128-same	same	miss	404	487
a09-128-same	same	hit	200	3
a09-128-same	same	miss	404	487
a09-128-same	same	hit	200	1
a09-128-same	same	miss	404	514
a09-128-same	same	hit	200	1
a09-128-same	same	miss	404	542
a09-128-same	same	hit	200	1
a09-128-same	same	miss	404	467
a09-128-same	same	hit	200	3
a09-128-same	same	miss	404	564
a09-128-same	same	hit	200	3
a09-128-same	same	miss	404	364
a09-128-same	same	hit	200	1
a09-128-same	same	miss	404	340
a09-128-same	same	hit	200	11
a09-128-same	same	miss	404	508
a09-128-same	same	hit	200	2
a09-128-same	same	miss	404	462
a09-128-same	same	hit	200	2
a09-128-same	same	miss	404	400
a09-128-same	same	hit	200	1
a09-128-same	same	miss	404	473
a09-128-same	same	hit	200	1
a09-128-same	same	miss	404	452
a09-128-same	same	hit	200	2
a09-128-same	same	miss	404	476
a09-128-same	same	hit	200	2
a09-128-same	same	miss	404	445
a09-128-same	same	hit	200	2
a09-128-same	same	miss	404	489
a09-128-same	same	hit	200	2
a09-128-same	same	miss	404	539
a09-128-same	same	hit	200	1
a09-128-same	same	miss	404	394
a09-128-same	same	hit	200	1
a09-128-same	same	miss	404	430
a09-128-same	same	hit	200	1
a09-128-same	same	miss	404	178
a09-128-same	same	hit	200	1
a09-128-same	same	miss	404	435
a09-128-same	same	hit	200	3
a09-128-same	same	miss	404	439
a09-128-same	same	hit	200	2
a09-128-same	same	miss	404	326
a09-128-same	same	hit	200	1
a09-128-same	same	miss	404	436
a09-128-same	same	hit	200	1
a09-128-same	same	miss	404	477
a09-128-same	same	hit	200	1
a09-128-same	same	miss	404	498
a09-128-same	same	hit	200	3
a09-128-same	same	miss	404	442
a09-128-same	same	hit	200	1
a09-128-same	same	miss	404	490
a09-128-same	same	hit	200	2
a09-128-same	same	miss	404	379
a09-128-same	same	hit	200	2
a09-128-same	same	miss	404	466
a09-128-same	same	hit	200	1
a09-128-same	same	miss	404	459
a09-128-same	same	hit	200	1
a09-128-same	same	miss	404	231
a09-128-same	same	hit	200	2
a09-128-same	same	miss	404	456
a09-128-same	same	hit	200	1
a09-128-same	same	miss	404	427
a09-128-same	same	hit	200	2
a09-128-same	same	miss	404	527
a09-128-same	same	hit	200	4
a09-128-same	same	miss	404	541
a09-128-same	same	hit	200	2
a09-128-same	same	miss	404	618
a09-128-same	same	hit	200	2
a09-128-same	same	miss	404	463
a09-128-same	same	hit	200	1
a09-128-same	same	miss	404	630
a09-128-same	same	hit	200	1
a09-128-same	same	miss	404	429
a09-128-same	same	hit	200	3
a09-128-same	same	miss	404	433
a09-128-same	same	hit	200	1
a09-128-same	same	miss	404	602
a09-128-same	same	hit	200	2
a09-128-same	same	miss	404	558
a09-128-same	same	hit	200	9
a09-128-same	same	miss	404	555
a09-128-same	same	hit	200	1
a09-128-same	same	miss	404	477
a09-128-same	same	hit	200	2
a09-128-same	same	miss	404	492
a09-128-same	same	hit	200	1
a09-128-same	same	miss	404	444
a09-128-same	same	hit	200	4
a09-128-same	same	miss	404	460
a09-128-same	same	hit	200	4
a09-128-same	same	miss	404	507
a09-128-same	same	hit	200	2
a09-128-same	same	miss	404	481
a09-128-same	same	hit	200	1
a09-128-same	same	miss	404	420
a09-128-same	same	hit	200	9
a09-128-same	same	miss	404	484
a09-128-same	same	hit	200	1
a09-128-same	same	miss	404	511
a09-128-same	same	hit	200	1
a09-128-same	same	miss	404	463
a09-128-same	same	hit	200	4
a09-128-same	same	miss	404	440
a09-128-same	same	hit	200	2
a09-128-same	same	miss	404	454
a09-128-same	same	hit	200	3
a09-128-same	same	miss	404	421
a09-128-same	same	hit	200	2
a09-128-same	same	miss	404	393
a09-128-same	same	hit	200	3
a09-128-same	same	miss	404	515
a09-128-same	same	hit	200	1
a09-128-same	same	miss	404	551
a09-128-same	same	hit	200	1
a09-128-same	same	miss	404	407
a09-128-same	same	hit	200	2
a09-128-same	same	miss	404	486
a09-128-same	same	hit	200	1
a09-128-same	same	miss	404	474
a09-128-same	same	hit	200	2
a09-128-same	same	miss	404	511
a09-128-same	same	hit	200	2
a09-128-same	same	miss	404	402
a09-128-same	same	hit	200	1
a09-128-same	same	miss	404	368
a09-128-same	same	hit	200	1
a09-128-same	same	miss	404	518
a09-128-same	same	hit	200	1
a09-128-same	same	miss	404	560
a09-128-same	same	hit	200	1
a09-128-same	same	miss	404	427
a09-128-same	same	hit	200	2
a09-128-same	same	miss	404	497
a09-128-same	same	hit	200	12
a09-128-same	same	miss	404	490
a09-128-same	same	hit	200	1
a09-128-same	same	miss	404	405
a09-128-same	same	hit	200	1
a09-128-same	same	miss	404	607
a09-128-same	same	hit	200	2
a09-128-same	same	miss	404	465
a09-128-same	same	hit	200	5
a09-128-same	same	miss	404	474
a09-128-same	same	hit	200	16
a09-128-same	same	miss	404	572
a09-128-same	same	hit	200	2
a09-128-same	same	miss	404	501
a09-128-same	same	hit	200	2
a09-128-same	same	miss	404	1253
a09-128-same	same	hit	200	2
a09-128-same	same	miss	404	451
a09-128-same	same	hit	200	2
a09-128-same	same	miss	404	215
a09-128-same	same	hit	200	2
a09-128-same	same	miss	404	538
a09-128-same	same	hit	200	1
a09-128-same	same	miss	404	433
a09-128-same	same	hit	200	1
a09-128-same	same	miss	404	560
a09-128-same	same	hit	200	11
a09-128-same	same	miss	404	255
a09-128-same	same	hit	200	3
a09-128-same	same	miss	404	408
a09-128-same	same	hit	200	1
a09-128-same	same	miss	404	431
a09-128-same	same	hit	200	2
a09-128-same	same	miss	404	440
a09-128-same	same	hit	200	2
a09-128-same	same	miss	404	363
a09-128-same	same	hit	200	28
a09-128-same	same	miss	404	472
a09-128-same	same	hit	200	1
a09-128-same	same	miss	404	442
a09-128-same	same	hit	200	3
a09-128-same	same	miss	404	476
a09-128-same	same	hit	200	3
a09-128-same	same	miss	404	462
a09-128-same	same	hit	200	1
a09-128-same	same	miss	404	674
a09-128-same	same	hit	200	2
a09-128-same	same	miss	404	486
a09-128-same	same	hit	200	1
a09-128-same	same	miss	404	496
a09-128-same	same	hit	200	1
a09-128-same	same	miss	404	493
a09-128-same	same	hit	200	1
a09-128-same	same	miss	404	408
a09-128-same	same	hit	200	1
a09-128-same	same	miss	404	526
a09-128-same	same	hit	200	1
a09-128-same	same	miss	404	353
a09-128-same	same	hit	200	1
a09-128-same	same	miss	404	469
a09-128-same	same	hit	200	1
a09-128-same	same	miss	404	473
a09-128-same	same	hit	200	1
a09-128-same	same	miss	404	407
a09-128-same	same	hit	200	2
a09-128-same	same	miss	404	287
a09-128-same	same	hit	200	2
a09-128-same	same	miss	404	222
a09-128-same	same	hit	200	1
a09-128-same	same	miss	404	423
a09-128-same	same	hit	200	5
a09-128-same	same	miss	404	382
a09-128-same	same	hit	200	1
a09-128-same	same	miss	404	445
a09-128-same	same	hit	200	9
a09-128-same	same	miss	404	408
a09-128-same	same	hit	200	1
a09-128-same	same	miss	404	393
a09-128-same	same	hit	200	1
a09-128-same	same	miss	404	540
a09-128-same	same	hit	200	1
a09-128-same	same	miss	404	618
a09-128-same	same	hit	200	1
a09-128-same	same	miss	404	510
a09-128-same	same	hit	200	2
a09-128-same	same	miss	404	562
a09-128-same	same	hit	200	1
a09-128-same	same	miss	404	481
a09-128-same	same	hit	200	3
a09-128-same	same	miss	404	581
a09-128-same	same	hit	200	1
a09-128-same	same	miss	404	457
a09-128-same	same	hit	200	1
a09-128-same	same	miss	404	551
a09-128-same	same	hit	200	4
a09-128-same	same	miss	404	238
a09-128-same	same	hit	200	2
a09-128-same	same	miss	404	604
a09-128-same	same	hit	200	5
a09-128-same	same	miss	404	531
a09-128-same	same	hit	200	1
a09-128-same	same	miss	404	815
a09-128-same	same	hit	200	2
a09-128-same	same	miss	404	584
a09-128-same	same	hit	200	1
a09-128-same	same	miss	404	452
a09-128-same	same	hit	200	1
a09-128-same	same	miss	404	561
a09-128-same	same	hit	200	1
a09-128-same	same	miss	404	400
a09-128-same	same	hit	200	2
a09-128-same	same	miss	404	467
a09-128-same	same	hit	200	2
a09-128-same	same	miss	404	409
a09-128-same	same	hit	200	2
a09-128-same	same	miss	404	326
a09-128-same	same	hit	200	18
a09-128-same	same	miss	404	452
a09-128-same	same	hit	200	1
a09-128-same	same	miss	404	493
a09-128-same	same	hit	200	1
a09-128-same	same	miss	404	437
a09-128-same	same	hit	200	1
a09-128-same	same	miss	404	387
a09-128-same	same	hit	200	1
a09-128-same	same	miss	404	584
a09-128-same	same	hit	200	2
a09-128-same	same	miss	404	533
a09-128-same	same	hit	200	1
a09-128-same	same	miss	404	491
a09-128-same	same	hit	200	2
a09-128-same	same	miss	404	321
a09-128-same	same	hit	200	2
a09-128-same	same	miss	404	400
a09-128-same	same	hit	200	1
a09-128-same	same	miss	404	477
a09-128-same	same	hit	200	1
a09-128-same	same	miss	404	226
a09-128-same	same	hit	200	1
a09-128-same	same	miss	404	452
a09-128-same	same	hit	200	1
a09-128-same	same	miss	404	697
a09-128-same	same	hit	200	1
a09-128-same	same	miss	404	510
a09-128-same	same	hit	200	2
a09-128-same	same	miss	404	425
a09-128-same	same	hit	200	2
a09-128-same	same	miss	404	430
a09-128-same	same	hit	200	1
a09-128-same	same	miss	404	427
a09-128-same	same	hit	200	1
a09-128-same	same	miss	404	358
a09-128-same	same	hit	200	1
a09-128-same	same	miss	404	451
a09-128-same	same	hit	200	1
a09-128-same	same	miss	404	517
a09-128-same	same	hit	200	2
a09-128-same	same	miss	404	481
a09-128-same	same	hit	200	1
a09-128-same	same	miss	404	543
a09-128-same	same	hit	200	2
a09-128-same	same	miss	404	527
a09-128-same	same	hit	200	3
a09-128-same	same	miss	404	506
a09-128-same	same	hit	200	1
a09-128-same	same	miss	404	261
a09-128-same	same	hit	200	4
a09-128-same	same	miss	404	644
a09-128-same	same	hit	200	3
a09-128-same	same	miss	404	549
a09-128-same	same	hit	200	3
a09-128-same	same	miss	404	699
a09-128-same	same	hit	200	2
a09-128-same	same	miss	404	573
a09-128-same	same	hit	200	4
a09-128-same	same	miss	404	425
a09-128-same	same	hit	200	3
a09-128-same	same	miss	404	496
a09-128-same	same	hit	200	1
a09-128-same	same	miss	404	476
a09-128-same	same	hit	200	1
a09-128-same	same	miss	404	498
a09-128-same	same	hit	200	4
a09-128-same	same	miss	404	647
a09-128-same	same	hit	200	1
a09-128-same	same	miss	404	408
a09-128-same	same	hit	200	2
a09-128-same	same	miss	404	495
a09-128-same	same	hit	200	2
a09-128-same	same	miss	404	373
a09-128-same	same	hit	200	1
a09-128-same	same	miss	404	408
a09-128-same	same	hit	200	1
a09-128-same	same	miss	404	450
a09-128-same	same	hit	200	2
a09-128-same	same	miss	404	496
a09-128-same	same	hit	200	17
a09-128-same	same	miss	404	508
a09-128-same	same	hit	200	1
a09-128-same	same	miss	404	222
a09-128-same	same	hit	200	2
a09-128-same	same	miss	404	454
a09-128-same	same	hit	200	1
a09-128-same	same	miss	404	452
a09-128-same	same	hit	200	1
a09-128-same	same	miss	404	464
a09-128-same	same	hit	200	2
a09-128-same	same	miss	404	504
a09-128-same	same	hit	200	2
a09-128-same	same	miss	404	521
a09-128-same	same	hit	200	1
a09-128-same	same	miss	404	566
a09-128-same	same	hit	200	1
a09-128-same	same	miss	404	479
a09-128-same	same	hit	200	1
a09-128-same	same	miss	404	511
a09-128-same	same	hit	200	2
a09-128-same	same	miss	404	531
a09-128-same	same	hit	200	2
a09-128-same	same	miss	404	584
a09-128-same	same	hit	200	1
a09-128-same	same	miss	404	522
a09-128-same	same	hit	200	1
a09-128-same	same	miss	404	497
a09-128-same	same	hit	200	1
a09-128-same	same	miss	404	381
a09-128-same	same	hit	200	1
a09-128-same	same	miss	404	524
a09-128-same	same	hit	200	2
a09-128-same	same	miss	404	488
a09-128-same	same	hit	200	1
a09-128-same	same	miss	404	695
a09-128-same	same	hit	200	3
a09-128-same	same	miss	404	371
a09-128-same	same	hit	200	1
a09-128-same	same	miss	404	556
a09-128-same	same	hit	200	1
a09-128-same	same	miss	404	585
a09-128-same	same	hit	200	3
a09-128-same	same	miss	404	430
a09-128-same	same	hit	200	4
a09-128-same	same	miss	404	770
a09-128-same	same	hit	200	2
a09-128-same	same	miss	404	569
a09-128-same	same	hit	200	2
a09-128-same	same	miss	404	651
a09-128-same	same	hit	200	1
a09-128-same	same	miss	404	779
a09-128-same	same	hit	200	1
a09-128-same	same	miss	404	488
a09-128-same	same	hit	200	2
a09-128-same	same	miss	404	191
a09-128-same	same	hit	200	2
a09-128-same	same	miss	404	417
a09-128-same	same	hit	200	1
a09-128-same	same	miss	404	505
a09-128-same	same	hit	200	4
a09-128-same	same	miss	404	308
a09-128-same	same	hit	200	3
a09-128-same	same	miss	404	521
a09-128-same	same	hit	200	3
a09-128-same	same	miss	404	577
a09-128-same	same	hit	200	2
a09-128-same	same	miss	404	500
a09-128-same	same	hit	200	1
a09-128-same	same	miss	404	565
a09-128-same	same	hit	200	1
a09-128-same	same	miss	404	468
a09-128-same	same	hit	200	1
a09-128-same	same	miss	404	523
a09-128-same	same	hit	200	2
a09-128-same	same	miss	404	559
a09-128-same	same	hit	200	1
a09-128-same	same	miss	404	548
a09-128-same	same	hit	200	1
a09-128-same	same	miss	404	497
a09-128-same	same	hit	200	21
a09-128-same	same	miss	404	179
a09-128-same	same	hit	200	1
a09-128-same	same	miss	404	392
a09-128-same	same	hit	200	1
a09-128-same	same	miss	404	406
a09-128-same	same	hit	200	2
a09-128-same	same	miss	404	432
a09-128-same	same	hit	200	1
a09-128-same	same	miss	404	465
a09-128-same	same	hit	200	1
a09-128-same	same	miss	404	532
a09-128-same	same	hit	200	5
a09-128-same	same	miss	404	388
a09-128-same	same	hit	200	4
a09-128-same	same	miss	404	373
a09-128-same	same	hit	200	1
a09-128-same	same	miss	404	392
a09-128-same	same	hit	200	1
a09-128-same	same	miss	404	572
a09-128-same	same	hit	200	2
a09-128-same	same	miss	404	199
a09-128-same	same	hit	200	1
a09-128-same	same	miss	404	455
a09-128-same	same	hit	200	1
a09-128-same	same	miss	404	440
a09-128-same	same	hit	200	1
a09-128-same	same	miss	404	529
a09-128-same	same	hit	200	1
a09-128-same	same	miss	404	513
a09-128-same	same	hit	200	1
a09-128-same	same	miss	404	462
a09-128-same	same	hit	200	1
a09-128-same	same	miss	404	319
a09-128-same	same	hit	200	1
a09-128-same	same	miss	404	460
a09-128-same	same	hit	200	2
a09-128-same	same	miss	404	207
a09-128-same	same	hit	200	1
a09-128-same	same	miss	404	525
a09-128-same	same	hit	200	1
a09-128-same	same	miss	404	361
a09-128-same	same	hit	200	1
a09-128-same	same	miss	404	444
a09-128-same	same	hit	200	1
a09-128-same	same	miss	404	652
a09-128-same	same	hit	200	2
a09-128-same	same	miss	404	418
a09-128-same	same	hit	200	1
a09-128-same	same	miss	404	518
a09-128-same	same	hit	200	1
a09-128-same	same	miss	404	497
a09-128-same	same	hit	200	2
a09-128-same	same	miss	404	904
a09-128-same	same	hit	200	2
a09-128-same	same	miss	404	470
a09-128-same	same	hit	200	1
a09-128-same	same	miss	404	641
a09-128-same	same	hit	200	1
a09-128-same	same	miss	404	456
a09-128-same	same	hit	200	2
a09-128-same	same	miss	404	432
a09-128-same	same	hit	200	2
a09-128-same	same	miss	404	569
a09-128-same	same	hit	200	2
a09-128-same	same	miss	404	1343
a09-128-same	same	hit	200	2
a09-128-same	same	miss	404	230
a09-128-same	same	hit	200	1
a09-128-same	same	miss	404	522
a09-128-same	same	hit	200	1
a09-128-same	same	miss	404	532
a09-128-same	same	hit	200	8
a09-128-same	same	miss	404	543
a09-128-same	same	hit	200	2
a09-128-same	same	miss	404	381
a09-128-same	same	hit	200	2
a09-128-same	same	miss	404	531
a09-128-same	same	hit	200	1
a09-128-same	same	miss	404	328
a09-128-same	same	hit	200	19
a09-128-same	same	miss	404	371
a09-128-same	same	hit	200	2
a09-128-same	same	miss	404	527
a09-128-same	same	hit	200	4
a09-128-same	same	miss	404	185
a09-128-same	same	hit	200	1
a09-128-same	same	miss	404	526
a09-128-same	same	hit	200	1
a09-128-same	same	miss	404	381
a09-128-same	same	hit	200	2
a09-128-same	same	miss	404	497
a09-128-same	same	hit	200	2
a09-128-same	same	miss	404	515
a09-128-same	same	hit	200	1
a09-128-same	same	miss	404	403
a09-128-same	same	hit	200	2
a09-128-same	same	miss	404	124
a09-128-same	same	hit	200	8
a09-128-same	same	miss	404	425
a09-128-same	same	hit	200	1
a09-128-same	same	miss	404	437
a09-128-same	same	hit	200	2
a09-128-same	same	miss	404	741
a09-128-same	same	hit	200	2
a09-128-same	same	miss	404	540
a09-128-same	same	hit	200	5
a09-128-same	same	miss	404	432
a09-128-same	same	hit	200	2
a09-128-same	same	miss	404	588
a09-128-same	same	hit	200	1
a09-128-same	same	miss	404	472
a09-128-same	same	hit	200	1
a09-128-same	same	miss	404	553
a09-128-same	same	hit	200	1
a09-128-same	same	miss	404	193
a09-128-same	same	hit	200	1
a09-128-same	same	miss	404	427
a09-128-same	same	hit	200	2
a09-128-same	same	miss	404	510
a09-128-same	same	hit	200	3
a09-128-same	same	miss	404	374
a09-128-same	same	hit	200	2
a09-128-same	same	miss	404	477
a09-128-same	same	hit	200	1
a09-128-same	same	miss	404	379
a09-128-same	same	hit	200	4
a09-128-same	same	miss	404	455
a09-128-same	same	hit	200	1
a09-128-same	same	miss	404	415
a09-128-same	same	hit	200	2
a09-128-same	same	miss	404	1019
a09-128-same	same	hit	200	2
a09-128-same	same	miss	404	581
a09-128-same	same	hit	200	1
a09-128-same	same	miss	404	502
a09-128-same	same	hit	200	2
a09-128-same	same	miss	404	177
a09-128-same	same	hit	200	1
a09-128-same	same	miss	404	478
a09-128-same	same	hit	200	2
a09-128-same	same	miss	404	501
a09-128-same	same	hit	200	3
a09-128-same	same	miss	404	1243
a09-128-same	same	hit	200	2
a09-128-same	same	miss	404	445
a09-128-same	same	hit	200	1
a09-128-same	same	miss	404	528
a09-128-same	same	hit	200	3
a09-128-same	same	miss	404	551
a09-128-same	same	hit	200	4
a09-128-same	same	miss	404	506
a09-128-same	same	hit	200	3
a09-128-same	same	miss	404	502
a09-128-same	same	hit	200	2
a09-128-same	same	miss	404	497
a09-128-same	same	hit	200	1
a09-128-same	same	miss	404	380
a09-128-same	same	hit	200	2
a09-128-same	same	miss	404	563
a09-128-same	same	hit	200	22
a09-128-same	same	miss	404	654
a09-128-same	same	hit	200	1
a09-128-same	same	miss	404	494
a09-128-same	same	hit	200	1
a09-128-same	same	miss	404	479
a09-128-same	same	hit	200	1
a09-128-same	same	miss	404	311
a09-128-same	same	hit	200	3
a09-128-same	same	miss	404	436
a09-128-same	same	hit	200	3
a09-128-same	same	miss	404	566
a09-128-same	same	hit	200	1
a09-128-same	same	miss	404	487
a09-128-same	same	hit	200	2
a09-128-same	same	miss	404	452
a09-128-same	same	hit	200	2
a09-128-same	same	miss	404	469
a09-128-same	same	hit	200	1
a09-128-same	same	miss	404	299
a09-128-same	same	hit	200	1
a09-128-same	same	miss	404	393
a09-128-same	same	hit	200	2
a09-128-same	same	miss	404	547
a09-128-same	same	hit	200	1
a09-128-same	same	miss	404	473
a09-128-same	same	hit	200	3
a09-128-same	same	miss	404	180
a09-128-same	same	hit	200	1
a09-128-same	same	miss	404	523
a09-128-same	same	hit	200	1
a09-128-same	same	miss	404	424
a09-128-same	same	hit	200	1
a09-128-same	same	miss	404	341
a09-128-same	same	hit	200	1
a09-128-same	same	miss	404	421
a09-128-same	same	hit	200	2
a09-128-same	same	miss	404	457
a09-128-same	same	hit	200	5
a09-128-same	same	miss	404	424
a09-128-same	same	hit	200	1
a09-128-same	same	miss	404	441
a09-128-same	same	hit	200	1
a09-128-same	same	miss	404	178
a09-128-same	same	hit	200	1
a09-128-same	same	miss	404	495
a09-128-same	same	hit	200	1
a09-128-same	same	miss	404	504
a09-128-same	same	hit	200	1
a09-128-same	same	miss	404	405
a09-128-same	same	hit	200	3
a09-128-same	same	miss	404	612
a09-128-same	same	hit	200	2
a09-128-same	same	miss	404	462
a09-128-same	same	hit	200	2
a09-128-same	same	miss	404	556
a09-128-same	same	hit	200	1
a09-128-same	same	miss	404	696
a09-128-same	same	hit	200	1
a09-128-same	same	miss	404	486
a09-128-same	same	hit	200	6
a09-128-same	same	miss	404	565
a09-128-same	same	hit	200	3
a09-128-same	same	miss	404	496
a09-128-same	same	hit	200	2
a09-128-same	same	miss	404	480
a09-128-same	same	hit	200	2
a09-128-same	same	miss	404	380
a09-128-same	same	hit	200	2
a09-128-same	same	miss	404	548
a09-128-same	same	hit	200	2
a09-128-same	same	miss	404	500
a09-128-same	same	hit	200	2
a09-128-same	same	miss	404	410
a09-128-same	same	hit	200	1
a09-128-same	same	miss	404	307
a09-128-same	same	hit	200	2
a09-128-same	same	miss	404	426
a09-128-same	same	hit	200	1
a09-128-same	same	miss	404	495
a09-128-same	same	hit	200	20
a09-128-same	same	miss	404	378
a09-128-same	same	hit	200	2
a09-128-same	same	miss	404	479
a09-128-same	same	hit	200	2
a09-128-same	same	miss	404	381
a09-128-same	same	hit	200	1
a09-128-same	same	miss	404	476
a09-128-same	same	hit	200	1
a09-128-same	same	miss	404	543
a09-128-same	same	hit	200	1
a09-128-same	same	miss	404	452
a09-128-same	same	hit	200	1
a09-128-same	same	miss	404	217
a09-128-same	same	hit	200	1
a09-128-same	same	miss	404	458
a09-128-same	same	hit	200	1
a09-128-same	same	miss	404	532
a09-128-same	same	hit	200	1
a09-128-same	same	miss	404	187
a09-128-same	same	hit	200	2
a09-128-same	same	miss	404	451
a09-128-same	same	hit	200	1
a09-128-same	same	miss	404	711
a09-128-same	same	hit	200	2
a09-128-same	same	miss	404	556
a09-128-same	same	hit	200	1
a09-128-same	same	miss	404	427
a09-128-same	same	hit	200	1
a09-128-same	same	miss	404	522
a09-128-same	same	hit	200	1
a09-128-same	same	miss	404	421
a09-128-same	same	hit	200	1
a09-128-same	same	miss	404	436
a09-128-same	same	hit	200	3
a09-128-same	same	miss	404	165
a09-128-same	same	hit	200	1
a09-128-same	same	miss	404	154
a09-128-same	same	hit	200	2
a09-128-same	same	miss	404	449
a09-128-same	same	hit	200	2
a09-128-same	same	miss	404	478
a09-128-same	same	hit	200	2
a09-128-same	same	miss	404	469
a09-128-same	same	hit	200	1
a09-128-same	same	miss	404	661
a09-128-same	same	hit	200	1
a09-128-same	same	miss	404	502
a09-128-same	same	hit	200	1
a09-128-same	same	miss	404	496
a09-128-same	same	hit	200	1
a09-128-same	same	miss	404	590
a09-128-same	same	hit	200	2
a09-128-same	same	miss	404	578
a09-128-same	same	hit	200	4
a09-128-same	same	miss	404	604
a09-128-same	same	hit	200	1
a09-128-same	same	miss	404	204
a09-128-same	same	hit	200	22
a09-128-same	same	miss	404	515
a09-128-same	same	hit	200	1
a09-128-same	same	miss	404	982
a09-128-same	same	hit	200	2
a09-128-same	same	miss	404	463
a09-128-same	same	hit	200	1
a09-128-same	same	miss	404	539
a09-128-same	same	hit	200	2
a09-128-same	same	miss	404	460
a09-128-same	same	hit	200	1
a09-128-same	same	miss	404	568
a09-128-same	same	hit	200	1
a09-128-same	same	miss	404	484
a09-128-same	same	hit	200	1
a09-128-same	same	miss	404	539
a09-128-same	same	hit	200	1
a09-128-same	same	miss	404	496
a09-128-same	same	hit	200	1
a09-128-same	same	miss	404	522
a09-128-same	same	hit	200	1
a09-128-same	same	miss	404	478
a09-128-same	same	hit	200	25
a09-128-same	same	miss	404	496
a09-128-same	same	hit	200	1
a09-128-same	same	miss	404	405
a09-128-same	same	hit	200	3
a09-128-same	same	miss	404	423
a09-128-same	same	hit	200	3
a09-128-same	same	miss	404	402
a09-128-same	same	hit	200	1
a09-128-same	same	miss	404	357
a09-128-same	same	hit	200	2
a09-128-same	same	miss	404	486
a09-128-same	same	hit	200	1
a09-128-same	same	miss	404	459
a09-128-same	same	hit	200	1
a09-128-same	same	miss	404	403
a09-128-same	same	hit	200	1
a09-128-same	same	miss	404	535
a09-128-same	same	hit	200	1
a09-128-same	same	miss	404	332
a09-128-same	same	hit	200	2
a09-128-same	same	miss	404	424
a09-128-same	same	hit	200	3
a09-128-same	same	miss	404	561
a09-128-same	same	hit	200	1
a09-128-same	same	miss	404	422
a09-128-same	same	hit	200	1
a09-128-same	same	miss	404	351
a09-128-same	same	hit	200	3
a09-128-same	same	miss	404	475
a09-128-same	same	hit	200	1
a09-128-same	same	miss	404	405
a09-128-same	same	hit	200	2
a09-128-same	same	miss	404	379
a09-128-same	same	hit	200	1
a09-128-same	same	miss	404	508
a09-128-same	same	hit	200	1
a09-128-same	same	miss	404	388
a09-128-same	same	hit	200	1
a09-128-same	same	miss	404	394
a09-128-same	same	hit	200	2
a09-128-same	same	miss	404	519
a09-128-same	same	hit	200	1
a09-128-same	same	miss	404	265
a09-128-same	same	hit	200	1
a09-128-same	same	miss	404	535
a09-128-same	same	hit	200	1
a09-128-same	same	miss	404	539
a09-128-same	same	hit	200	2
a09-128-same	same	miss	404	489
a09-128-same	same	hit	200	11
a09-128-same	same	miss	404	784
a09-128-same	same	hit	200	1
a09-128-same	same	miss	404	495
a09-128-same	same	hit	200	2
a09-128-same	same	miss	404	571
a09-128-same	same	hit	200	2
a09-128-same	same	miss	404	563
a09-128-same	same	hit	200	1
a09-128-same	same	miss	404	482
a09-128-same	same	hit	200	3
a09-128-same	same	miss	404	541
a09-128-same	same	hit	200	3
a09-128-same	same	miss	404	624
a09-128-same	same	hit	200	3
a09-128-same	same	miss	404	662
a09-128-same	same	hit	200	1
a09-128-same	same	miss	404	489
a09-128-same	same	hit	200	2
a09-128-same	same	miss	404	436
a09-128-same	same	hit	200	2
a09-128-same	same	miss	404	407
a09-128-same	same	hit	200	1
a09-128-same	same	miss	404	562
a09-128-same	same	hit	200	1
a09-128-same	same	miss	404	502
a09-128-same	same	hit	200	1
a09-128-same	same	miss	404	395
a09-128-same	same	hit	200	1
a09-128-same	same	miss	404	401
a09-128-same	same	hit	200	19
a09-128-same	same	miss	404	567
a09-128-same	same	hit	200	2
a09-128-same	same	miss	404	167
a09-128-same	same	hit	200	1
a09-128-same	same	miss	404	432
a09-128-same	same	hit	200	2
a09-128-same	same	miss	404	181
a09-128-same	same	hit	200	3
a09-128-same	same	miss	404	481
a09-128-same	same	hit	200	1
a09-128-same	same	miss	404	389
a09-128-same	same	hit	200	1
a09-128-same	same	miss	404	444
a09-128-same	same	hit	200	2
a09-128-same	same	miss	404	364
a09-128-same	same	hit	200	1
a09-128-same	same	miss	404	460
a09-128-same	same	hit	200	1
a09-128-same	same	miss	404	456
a09-128-same	same	hit	200	1
a09-128-same	same	miss	404	376
a09-128-same	same	hit	200	1
a09-128-same	same	miss	404	183
a09-128-same	same	hit	200	1
a09-128-same	same	miss	404	462
a09-128-same	same	hit	200	1
a09-128-same	same	miss	404	351
a09-128-same	same	hit	200	1
a09-128-same	same	miss	404	503
a09-128-same	same	hit	200	2
a09-128-same	same	miss	404	400
a09-128-same	same	hit	200	1
a09-128-same	same	miss	404	412
a09-128-same	same	hit	200	1
a09-128-same	same	miss	404	494
a09-128-same	same	hit	200	1
a09-128-same	same	miss	404	549
a09-128-same	same	hit	200	2
a09-128-same	same	miss	404	376
a09-128-same	same	hit	200	1
a09-128-same	same	miss	404	458
a09-128-same	same	hit	200	2
a09-128-same	same	miss	404	500
a09-128-same	same	hit	200	1
a09-128-same	same	miss	404	151
a09-128-same	same	hit	200	2
a09-128-same	same	miss	404	401
a09-128-same	same	hit	200	2
a09-128-same	same	miss	404	686
a09-128-same	same	hit	200	1
a09-128-same	same	miss	404	450
a09-128-same	same	hit	200	1
a09-128-same	same	miss	404	395
a09-128-same	same	hit	200	1
a09-128-same	same	miss	404	629
a09-128-same	same	hit	200	2
a09-128-same	same	miss	404	544
a09-128-same	same	hit	200	3
a09-128-same	same	miss	404	528
a09-128-same	same	hit	200	1
a09-128-same	same	miss	404	623
a09-128-same	same	hit	200	3
a09-128-same	same	miss	404	520
a09-128-same	same	hit	200	1
a09-128-same	same	miss	404	551
a09-128-same	same	hit	200	2
a09-128-same	same	miss	404	443
a09-128-same	same	hit	200	1
a09-128-same	same	miss	404	1034
a09-128-same	same	hit	200	2
a09-128-same	same	miss	404	590
a09-128-same	same	hit	200	2
a09-128-same	same	miss	404	374
a09-128-same	same	hit	200	3
a09-128-same	same	miss	404	437
a09-128-same	same	hit	200	1
a09-128-same	same	miss	404	509
a09-128-same	same	hit	200	2
a09-128-same	same	miss	404	458
a09-128-same	same	hit	200	5
a09-128-same	same	miss	404	454
a09-128-same	same	hit	200	2
a09-128-same	same	miss	404	398
a09-128-same	same	hit	200	1
a09-128-same	same	miss	404	391
a09-128-same	same	hit	200	1
a09-128-same	same	miss	404	421
a09-128-same	same	hit	200	2
a09-128-same	same	miss	404	484
a09-128-same	same	hit	200	1
a09-128-same	same	miss	404	419
a09-128-same	same	hit	200	1
a09-128-same	same	miss	404	742
a09-128-same	same	hit	200	1
a09-128-same	same	miss	404	471
a09-128-same	same	hit	200	1
a09-128-same	same	miss	404	342
a09-128-same	same	hit	200	1
a09-128-same	same	miss	404	372
a09-128-same	same	hit	200	1
a09-128-same	same	miss	404	430
a09-128-same	same	hit	200	1
a09-128-same	same	miss	404	527
a09-128-same	same	hit	200	1
a09-128-same	same	miss	404	448
a09-128-same	same	hit	200	1
a09-128-same	same	miss	404	446
a09-128-same	same	hit	200	1
a09-128-same	same	miss	404	454
a09-128-same	same	hit	200	1
a09-128-same	same	miss	404	396
a09-128-same	same	hit	200	3
a09-128-same	same	miss	404	535
a09-128-same	same	hit	200	1
a09-128-same	same	miss	404	539
a09-128-same	same	hit	200	2
a09-128-same	same	miss	404	599
a09-128-same	same	hit	200	2
a09-128-same	same	miss	404	521
a09-128-same	same	hit	200	1
a09-128-same	same	miss	404	456
a09-128-same	same	hit	200	1
a09-128-same	same	miss	404	485
a09-128-same	same	hit	200	8
a09-128-same	same	miss	404	456
a09-128-same	same	hit	200	1
a09-128-same	same	miss	404	592
a09-128-same	same	hit	200	1
a09-128-same	same	miss	404	610
a09-128-same	same	hit	200	1
a09-128-same	same	miss	404	723
a09-128-same	same	hit	200	4
a09-128-same	same	miss	404	630
a09-128-same	same	hit	200	2
a09-128-same	same	miss	404	543
a09-128-same	same	hit	200	1
a09-128-same	same	miss	404	526
a09-128-same	same	hit	200	1
a09-128-same	same	miss	404	592
a09-128-same	same	hit	200	3
a09-128-same	same	miss	404	456
a09-128-same	same	hit	200	1
a09-128-same	same	miss	404	669
a09-128-same	same	hit	200	2
a09-128-same	same	miss	404	516
a09-128-same	same	hit	200	2
a09-128-same	same	miss	404	600
a09-128-same	same	hit	200	2
a09-128-same	same	miss	404	624
a09-128-same	same	hit	200	4
a09-128-same	same	miss	404	402
a09-128-same	same	hit	200	3
a09-128-same	same	miss	404	406
a09-128-same	same	hit	200	2
a09-128-same	same	miss	404	420
a09-128-same	same	hit	200	1
a09-128-same	same	miss	404	441
a09-128-same	same	hit	200	1
a09-128-same	same	miss	404	177
a09-128-same	same	hit	200	13
a09-128-same	same	miss	404	412
a09-128-same	same	hit	200	1
a09-128-same	same	miss	404	507
a09-128-same	same	hit	200	1
a09-128-same	same	miss	404	514
a09-128-same	same	hit	200	1
a09-128-same	same	miss	404	381
a09-128-same	same	hit	200	1
a09-128-same	same	miss	404	425
a09-128-same	same	hit	200	2
a09-128-same	same	miss	404	558
a09-128-same	same	hit	200	1
a09-128-same	same	miss	404	602
a09-128-same	same	hit	200	2
a09-128-same	same	miss	404	395
a09-128-same	same	hit	200	3
a09-128-same	same	miss	404	446
a09-128-same	same	hit	200	1
a09-128-same	same	miss	404	428
a09-128-same	same	hit	200	2
a09-128-same	same	miss	404	468
a09-128-same	same	hit	200	1
a09-128-same	same	miss	404	461
a09-128-same	same	hit	200	1
a09-128-same	same	miss	404	420
a09-128-same	same	hit	200	2
a09-128-same	same	miss	404	456
a09-128-same	same	hit	200	1
a09-128-same	same	miss	404	401
a09-128-same	same	hit	200	1
a09-128-same	same	miss	404	373
a09-128-same	same	hit	200	1
a09-128-same	same	miss	404	577
a09-128-same	same	hit	200	1
a09-128-same	same	miss	404	563
a09-128-same	same	hit	200	1
a09-128-same	same	miss	404	188
a09-128-same	same	hit	200	1
a09-128-same	same	miss	404	342
a09-128-same	same	hit	200	1
a09-128-same	same	miss	404	185
a09-128-same	same	hit	200	2
a09-128-same	same	miss	404	511
a09-128-same	same	hit	200	1
a09-128-same	same	miss	404	538
a09-128-same	same	hit	200	2
a09-128-same	same	miss	404	480
a09-128-same	same	hit	200	1
a09-128-same	same	miss	404	556
a09-128-same	same	hit	200	1
a09-128-same	same	miss	404	633
a09-128-same	same	hit	200	11
a09-128-same	same	miss	404	643
a09-128-same	same	hit	200	2
a09-128-same	same	miss	404	653
a09-128-same	same	hit	200	2
a09-128-same	same	miss	404	911
a09-128-same	same	hit	200	1
a09-128-same	same	miss	404	366
a09-128-same	same	hit	200	5
a09-128-same	same	miss	404	399
a09-128-same	same	hit	200	3
a09-128-same	same	miss	404	761
a09-128-same	same	hit	200	1
a09-128-same	same	miss	404	670
a09-128-same	same	hit	200	3
a09-128-same	same	miss	404	479
a09-128-same	same	hit	200	1
a09-128-same	same	miss	404	196
a09-128-same	same	hit	200	2
a09-128-same	same	miss	404	473
a09-128-same	same	hit	200	3
a09-128-same	same	miss	404	468
a09-128-same	same	hit	200	1
a09-128-same	same	miss	404	388
a09-128-same	same	hit	200	2
a09-128-same	same	miss	404	388
a09-128-same	same	hit	200	1
a09-128-same	same	miss	404	366
a09-128-same	same	hit	200	18
a09-128-same	same	miss	404	511
a09-128-same	same	hit	200	9
a09-128-same	same	miss	404	347
a09-128-same	same	hit	200	1
a09-128-same	same	miss	404	444
a09-128-same	same	hit	200	1
a09-128-same	same	miss	404	177
a09-128-same	same	hit	200	2
a09-128-same	same	miss	404	401
a09-128-same	same	hit	200	1
a09-128-same	same	miss	404	503
a09-128-same	same	hit	200	1
a09-128-same	same	miss	404	459
a09-128-same	same	hit	200	1
a09-128-same	same	miss	404	371
a09-128-same	same	hit	200	1
a09-128-same	same	miss	404	480
a09-128-same	same	hit	200	2
a09-128-same	same	miss	404	401
a09-128-same	same	hit	200	2
a09-128-same	same	miss	404	474
a09-128-same	same	hit	200	1
a09-128-same	same	miss	404	424
a09-128-same	same	hit	200	1
a09-128-same	same	miss	404	431
a09-128-same	same	hit	200	1
a09-128-same	same	miss	404	431
a09-128-same	same	hit	200	1
a09-128-same	same	miss	404	487
a09-128-same	same	hit	200	1
a09-128-same	same	miss	404	476
a09-128-same	same	hit	200	1
a09-128-same	same	miss	404	156
a09-128-same	same	hit	200	4
a09-128-same	same	miss	404	446
a09-128-same	same	hit	200	1
a09-128-same	same	miss	404	445
a09-128-same	same	hit	200	1
a09-128-same	same	miss	404	411
a09-128-same	same	hit	200	1
a09-128-same	same	miss	404	498
a09-128-same	same	hit	200	5
a09-128-same	same	miss	404	788
a09-128-same	same	hit	200	2
a09-128-same	same	miss	404	187
a09-128-same	same	hit	200	1
a09-128-same	same	miss	404	502
a09-128-same	same	hit	200	2
a09-128-same	same	miss	404	365
a09-128-same	same	hit	200	2
a09-128-same	same	miss	404	788
a09-128-same	same	hit	200	2
a09-128-same	same	miss	404	485
a09-128-same	same	hit	200	1
a09-128-same	same	miss	404	719
a09-128-same	same	hit	200	1
a09-128-same	same	miss	404	586
a09-128-same	same	hit	200	1
a09-128-same	same	miss	404	560
a09-128-same	same	hit	200	1
a09-128-same	same	miss	404	461
a09-128-same	same	hit	200	2
a09-128-same	same	miss	404	820
a09-128-same	same	hit	200	2
a09-128-same	same	miss	404	461
a09-128-same	same	hit	200	1
a09-128-same	same	miss	404	548
a09-128-same	same	hit	200	3
a09-128-same	same	miss	404	383
a09-128-same	same	hit	200	1
a09-128-same	same	miss	404	445
a09-128-same	same	hit	200	3
a09-128-same	same	miss	404	591
a09-128-same	same	hit	200	1
a09-128-same	same	miss	404	589
a09-128-same	same	hit	200	1
a09-128-same	same	miss	404	488
a09-128-same	same	hit	200	2
a09-128-same	same	miss	404	438
a09-128-same	same	hit	200	7
a09-128-same	same	miss	404	649
a09-128-same	same	hit	200	1
a09-128-same	same	miss	404	468
a09-128-same	same	hit	200	3
a09-128-same	same	miss	404	429
a09-128-same	same	hit	200	3
a09-128-same	same	miss	404	392
a09-128-same	same	hit	200	2
a09-128-same	same	miss	404	389
a09-128-same	same	hit	200	1
a09-128-same	same	miss	404	473
a09-128-same	same	hit	200	1
a09-128-same	same	miss	404	492
a09-128-same	same	hit	200	2
a09-128-same	same	miss	404	474
a09-128-same	same	hit	200	2
a09-128-same	same	miss	404	491
a09-128-same	same	hit	200	1
a09-128-same	same	miss	404	399
a09-128-same	same	hit	200	2
a09-128-same	same	miss	404	540
a09-128-same	same	hit	200	1
a09-128-same	same	miss	404	515
a09-128-same	same	hit	200	1
a09-128-same	same	miss	404	445
a09-128-same	same	hit	200	5
a09-128-same	same	miss	404	471
a09-128-same	same	hit	200	1
a09-128-same	same	miss	404	423
a09-128-same	same	hit	200	1
a09-128-same	same	miss	404	515
a09-128-same	same	hit	200	1
a09-128-same	same	miss	404	370
a09-128-same	same	hit	200	5
a09-128-same	same	miss	404	335
a09-128-same	same	hit	200	1
a09-128-same	same	miss	404	546
a09-128-same	same	hit	200	2
a09-128-same	same	miss	404	508
a09-128-same	same	hit	200	1
a09-128-same	same	miss	404	484
a09-128-same	same	hit	200	2
a09-128-same	same	miss	404	737
a09-128-same	same	hit	200	2
a09-128-same	same	miss	404	675
a09-128-same	same	hit	200	1
a09-128-same	same	miss	404	223
a09-128-same	same	hit	200	2
a09-128-same	same	miss	404	561
a09-128-same	same	hit	200	1
a09-128-same	same	miss	404	821
a09-128-same	same	hit	200	2
a09-128-same	same	miss	404	249
a09-128-same	same	hit	200	6
a09-128-same	same	miss	404	869
a09-128-same	same	hit	200	1
a09-128-same	same	miss	404	249
a09-128-same	same	hit	200	1
a09-128-same	same	miss	404	392
a09-128-same	same	hit	200	1
a09-128-same	same	miss	404	731
a09-128-same	same	hit	200	1
a09-128-same	same	miss	404	349
a09-128-same	same	hit	200	1
a09-128-same	same	miss	404	605
a09-128-same	same	hit	200	2
a09-128-same	same	miss	404	449
a09-128-same	same	hit	200	1
a09-128-same	same	miss	404	400
a09-128-same	same	hit	200	1
a09-128-same	same	miss	404	642
a09-128-same	same	hit	200	1
a09-128-same	same	miss	404	590
a09-128-same	same	hit	200	1
a09-128-same	same	miss	404	356
a09-128-same	same	hit	200	1
a09-128-same	same	miss	404	392
a09-128-same	same	hit	200	1
a09-128-same	same	miss	404	259
a09-128-same	same	hit	200	11
a09-128-same	same	miss	404	453
a09-128-same	same	hit	200	2
a09-128-same	same	miss	404	724
a09-128-same	same	hit	200	1
a09-128-same	same	miss	404	432
a09-128-same	same	hit	200	1
a09-128-same	same	miss	404	313
a09-128-same	same	hit	200	2
a09-128-same	same	miss	404	572
a09-128-same	same	hit	200	2
a09-128-same	same	miss	404	468
a09-128-same	same	hit	200	1
a09-128-same	same	miss	404	541
a09-128-same	same	hit	200	3
a09-128-same	same	miss	404	462
a09-128-same	same	hit	200	3
a09-128-same	same	miss	404	347
a09-128-same	same	hit	200	2
a09-128-same	same	miss	404	490
a09-128-same	same	hit	200	4
a09-128-same	same	miss	404	471
a09-128-same	same	hit	200	2
a09-128-same	same	miss	404	454
a09-128-same	same	hit	200	1
a09-128-same	same	miss	404	370
a09-128-same	same	hit	200	1
a09-128-same	same	miss	404	469
a09-128-same	same	hit	200	2
a09-128-same	same	miss	404	210
a09-128-same	same	hit	200	1
a09-128-same	same	miss	404	457
a09-128-same	same	hit	200	1
a09-128-same	same	miss	404	462
a09-128-same	same	hit	200	1
a09-128-same	same	miss	404	432
a09-128-same	same	hit	200	1
a09-128-same	same	miss	404	496
a09-128-same	same	hit	200	1
a09-128-same	same	miss	404	452
a09-128-same	same	hit	200	2
a09-128-same	same	miss	404	571
a09-128-same	same	hit	200	1
a09-128-same	same	miss	404	204
a09-128-same	same	hit	200	1
a09-128-same	same	miss	404	508
a09-128-same	same	hit	200	1
a09-128-same	same	miss	404	445
a09-128-same	same	hit	200	1
a09-128-same	same	miss	404	204
a09-128-same	same	hit	200	1
a09-128-same	same	miss	404	803
a09-128-same	same	hit	200	4
a09-128-same	same	miss	404	431
a09-128-same	same	hit	200	1
a09-128-same	same	miss	404	518
a09-128-same	same	hit	200	2
a09-128-same	same	miss	404	743
a09-128-same	same	hit	200	2
a09-128-same	same	miss	404	546
a09-128-same	same	hit	200	4
a09-128-same	same	miss	404	461
a09-128-same	same	hit	200	2
a09-128-same	same	miss	404	426
a09-128-same	same	hit	200	1
a09-128-same	same	miss	404	466
a09-128-same	same	hit	200	2
a09-128-same	same	miss	404	566
a09-128-same	same	hit	200	2
a09-128-same	same	miss	404	220
a09-128-same	same	hit	200	6
a09-128-same	same	miss	404	370
a09-128-same	same	hit	200	2
a09-128-same	same	miss	404	505
a09-128-same	same	hit	200	2
a09-128-same	same	miss	404	623
a09-128-same	same	hit	200	1
a09-128-same	same	miss	404	527
a09-128-same	same	hit	200	1
a09-128-same	same	miss	404	499
a09-128-same	same	hit	200	15
a09-128-same	same	miss	404	417
a09-128-same	same	hit	200	1
a09-128-same	same	miss	404	466
a09-128-same	same	hit	200	1
a09-128-same	same	miss	404	425
a09-128-same	same	hit	200	1
a09-128-same	same	miss	404	408
a09-128-same	same	hit	200	1
a09-128-same	same	miss	404	437
a09-128-same	same	hit	200	3
a09-128-same	same	miss	404	480
a09-128-same	same	hit	200	1
a09-128-same	same	miss	404	453
a09-128-same	same	hit	200	1
a09-128-same	same	miss	404	346
a09-128-same	same	hit	200	1
a09-128-same	same	miss	404	539
a09-128-same	same	hit	200	1
a09-128-same	same	miss	404	527
a09-128-same	same	hit	200	2
a09-128-same	same	miss	404	453
a09-128-same	same	hit	200	1
a09-128-same	same	miss	404	511
a09-128-same	same	hit	200	1
a09-128-same	same	miss	404	405
a09-128-same	same	hit	200	2
a09-128-same	same	miss	404	512
a09-128-same	same	hit	200	2
a09-128-same	same	miss	404	479
a09-128-same	same	hit	200	1
a09-128-same	same	miss	404	511
a09-128-same	same	hit	200	1
a09-128-same	same	miss	404	564
a09-128-same	same	hit	200	1
a09-128-same	same	miss	404	447
a09-128-same	same	hit	200	2
a09-128-same	same	miss	404	485
a09-128-same	same	hit	200	6
a09-128-same	same	miss	404	402
a09-128-same	same	hit	200	2
a09-128-same	same	miss	404	593
a09-128-same	same	hit	200	1
a09-128-same	same	miss	404	604
a09-128-same	same	hit	200	2
a09-128-same	same	miss	404	513
a09-128-same	same	hit	200	1
a09-128-same	same	miss	404	564
a09-128-same	same	hit	200	2
a09-128-same	same	miss	404	517
a09-128-same	same	hit	200	2
a09-128-same	same	miss	404	596
a09-128-same	same	hit	200	1
a09-128-same	same	miss	404	677
a09-128-same	same	hit	200	1
a09-128-same	same	miss	404	523
a09-128-same	same	hit	200	1
a09-128-same	same	miss	404	503
a09-128-same	same	hit	200	2
a09-128-same	same	miss	404	604
a09-128-same	same	hit	200	1
a09-128-same	same	miss	404	471
a09-128-same	same	hit	200	2
a09-128-same	same	miss	404	677
a09-128-same	same	hit	200	1
a09-128-same	same	miss	404	576
a09-128-same	same	hit	200	1
a09-128-same	same	miss	404	453
a09-128-same	same	hit	200	1
a09-128-same	same	miss	404	549
a09-128-same	same	hit	200	3
a09-128-same	same	miss	404	514
a09-128-same	same	hit	200	2
a09-128-same	same	miss	404	383
a09-128-same	same	hit	200	1
a09-128-same	same	miss	404	448
a09-128-same	same	hit	200	2
a09-128-same	same	miss	404	429
a09-128-same	same	hit	200	1
a09-128-same	same	miss	404	392
a09-128-same	same	hit	200	11
a09-128-same	same	miss	404	404
a09-128-same	same	hit	200	2
a09-128-same	same	miss	404	231
a09-128-same	same	hit	200	1
a09-128-same	same	miss	404	404
a09-128-same	same	hit	200	9
a09-128-same	same	miss	404	471
a09-128-same	same	hit	200	1
a09-128-same	same	miss	404	398
a09-128-same	same	hit	200	3
a09-128-same	same	miss	404	464
a09-128-same	same	hit	200	2
a09-128-same	same	miss	404	504
a09-128-same	same	hit	200	1
a09-128-same	same	miss	404	556
a09-128-same	same	hit	200	1
a09-128-same	same	miss	404	556
a09-128-same	same	hit	200	1
a09-128-same	same	miss	404	460
a09-128-same	same	hit	200	2
a09-128-same	same	miss	404	517
a09-128-same	same	hit	200	1
a09-128-same	same	miss	404	476
a09-128-same	same	hit	200	2
a09-128-same	same	miss	404	540
a09-128-same	same	hit	200	14
a09-128-same	same	miss	404	524
a09-128-same	same	hit	200	1
a09-128-same	same	miss	404	366
a09-128-same	same	hit	200	1
a09-128-same	same	miss	404	476
a09-128-same	same	hit	200	1
a09-128-same	same	miss	404	573
a09-128-same	same	hit	200	1
a09-128-same	same	miss	404	469
a09-128-same	same	hit	200	2
a09-128-same	same	miss	404	555
a09-128-same	same	hit	200	2
a09-128-same	same	miss	404	684
a09-128-same	same	hit	200	3
a09-128-same	same	miss	404	454
a09-128-same	same	hit	200	4
a09-128-same	same	miss	404	564
a09-128-same	same	hit	200	6
a09-128-same	same	miss	404	442
a09-128-same	same	hit	200	1
a09-128-same	same	miss	404	399
a09-128-same	same	hit	200	2
a09-128-same	same	miss	404	610
a09-128-same	same	hit	200	1
a09-128-same	same	miss	404	915
a09-128-same	same	hit	200	3
a09-128-same	same	miss	404	468
a09-128-same	same	hit	200	1
a09-128-same	same	miss	404	597
a09-128-same	same	hit	200	5
a09-128-same	same	miss	404	503
a09-128-same	same	hit	200	2
a09-128-same	same	miss	404	413
a09-128-same	same	hit	200	1
a09-128-same	same	miss	404	708
a09-128-same	same	hit	200	2
a09-128-same	same	miss	404	552
a09-128-same	same	hit	200	13
a09-128-same	same	miss	404	428
a09-128-same	same	hit	200	1
a09-128-same	same	miss	404	642
a09-128-same	same	hit	200	2
a09-128-same	same	miss	404	487
a09-128-same	same	hit	200	1
a09-128-same	same	miss	404	421
a09-128-same	same	hit	200	1
a09-128-same	same	miss	404	433
a09-128-same	same	hit	200	2
a09-128-same	same	miss	404	404
a09-128-same	same	hit	200	1
a09-128-same	same	miss	404	397
a09-128-same	same	hit	200	1
a09-128-same	same	miss	404	442
a09-128-same	same	hit	200	19
a09-128-same	same	miss	404	508
a09-128-same	same	hit	200	10
a09-128-same	same	miss	404	493
a09-128-same	same	hit	200	1
a09-128-same	same	miss	404	325
a09-128-same	same	hit	200	1
a09-128-same	same	miss	404	416
a09-128-same	same	hit	200	1
a09-128-same	same	miss	404	473
a09-128-same	same	hit	200	2
a09-128-same	same	miss	404	480
a09-128-same	same	hit	200	1
a09-128-same	same	miss	404	754
a09-128-same	same	hit	200	1
a09-128-same	same	miss	404	452
a09-128-same	same	hit	200	2
a09-128-same	same	miss	404	137
a09-128-same	same	hit	200	2
a09-128-same	same	miss	404	404
a09-128-same	same	hit	200	2
a09-128-same	same	miss	404	438
a09-128-same	same	hit	200	1
a09-128-same	same	miss	404	509
a09-128-same	same	hit	200	4
a09-128-same	same	miss	404	189
a09-128-same	same	hit	200	4
a09-128-same	same	miss	404	485
a09-128-same	same	hit	200	2
a09-128-same	same	miss	404	517
a09-128-same	same	hit	200	2
a09-128-same	same	miss	404	447
a09-128-same	same	hit	200	1
a09-128-same	same	miss	404	182
a09-128-same	same	hit	200	1
a09-128-same	same	miss	404	437
a09-128-same	same	hit	200	1
a09-128-same	same	miss	404	565
a09-128-same	same	hit	200	1
a09-128-same	same	miss	404	465
a09-128-same	same	hit	200	1
a09-128-same	same	miss	404	419
a09-128-same	same	hit	200	2
a09-128-same	same	miss	404	534
a09-128-same	same	hit	200	1
a09-128-same	same	miss	404	421
a09-128-same	same	hit	200	3
a09-128-same	same	miss	404	454
a09-128-same	same	hit	200	1
a09-128-same	same	miss	404	533
a09-128-same	same	hit	200	2
a09-128-same	same	miss	404	463
a09-128-same	same	hit	200	2
a09-128-same	same	miss	404	412
a09-128-same	same	hit	200	1
a09-128-same	same	miss	404	645
a09-128-same	same	hit	200	2
a09-128-same	same	miss	404	520
a09-128-same	same	hit	200	4
a09-128-same	same	miss	404	592
a09-128-same	same	hit	200	1
a09-128-same	same	miss	404	521
a09-128-same	same	hit	200	2
a09-128-same	same	miss	404	419
a09-128-same	same	hit	200	1
a09-128-same	same	miss	404	169
a09-128-same	same	hit	200	1
a09-128-same	same	miss	404	369
a09-128-same	same	hit	200	2
a09-128-same	same	miss	404	410
a09-128-same	same	hit	200	2
a09-128-same	same	miss	404	592
a09-128-same	same	hit	200	10
a09-128-same	same	miss	404	691
a09-128-same	same	hit	200	2
a09-128-same	same	miss	404	602
a09-128-same	same	hit	200	1
a09-128-same	same	miss	404	473
a09-128-same	same	hit	200	5
a09-128-same	same	miss	404	471
a09-128-same	same	hit	200	9
a09-128-same	same	miss	404	190
a09-128-same	same	hit	200	1
a09-128-same	same	miss	404	468
a09-128-same	same	hit	200	2
a09-128-same	same	miss	404	509
a09-128-same	same	hit	200	1
a09-128-same	same	miss	404	461
a09-128-same	same	hit	200	1
a09-128-same	same	miss	404	460
a09-128-same	same	hit	200	1
a09-128-same	same	miss	404	497
a09-128-same	same	hit	200	1
a09-128-same	same	miss	404	527
a09-128-same	same	hit	200	1
a09-128-same	same	miss	404	436
a09-128-same	same	hit	200	2
a09-128-same	same	miss	404	399
a09-128-same	same	hit	200	1
a09-128-same	same	miss	404	544
a09-128-same	same	hit	200	6
a09-128-same	same	miss	404	480
a09-128-same	same	hit	200	3
a09-128-same	same	miss	404	522
a09-128-same	same	hit	200	1
a09-128-same	same	miss	404	494
a09-128-same	same	hit	200	2
a09-128-same	same	miss	404	444
a09-128-same	same	hit	200	1
a09-128-same	same	miss	404	514
a09-128-same	same	hit	200	1
a09-128-same	same	miss	404	500
a09-128-same	same	hit	200	2
a09-128-same	same	miss	404	499
a09-128-same	same	hit	200	1
a09-128-same	same	miss	404	493
a09-128-same	same	hit	200	7
a09-128-same	same	miss	404	418
a09-128-same	same	hit	200	2
a09-128-same	same	miss	404	644
a09-128-same	same	hit	200	1
a09-128-same	same	miss	404	464
a09-128-same	same	hit	200	1
a09-128-same	same	miss	404	236
a09-128-same	same	hit	200	2
a09-128-same	same	miss	404	450
a09-128-same	same	hit	200	4
a09-128-same	same	miss	404	524
a09-128-same	same	hit	200	1
a09-128-same	same	miss	404	824
a09-128-same	same	hit	200	1
a09-128-same	same	miss	404	935
a09-128-same	same	hit	200	2
a09-128-same	same	miss	404	603
a09-128-same	same	hit	200	2
a09-128-same	same	miss	404	514
a09-128-same	same	hit	200	2
a09-128-same	same	miss	404	600
a09-128-same	same	hit	200	2
a09-128-same	same	miss	404	418
a09-128-same	same	hit	200	15
a09-128-same	same	miss	404	543
a09-128-same	same	hit	200	1
a09-128-same	same	miss	404	649
a09-128-same	same	hit	200	1
a09-128-same	same	miss	404	542
a09-128-same	same	hit	200	3
a09-128-same	same	miss	404	414
a09-128-same	same	hit	200	2
a09-128-same	same	miss	404	592
a09-128-same	same	hit	200	1
a09-128-same	same	miss	404	509
a09-128-same	same	hit	200	14
a09-128-same	same	miss	404	428
a09-128-same	same	hit	200	3
a09-128-same	same	miss	404	502
a09-128-same	same	hit	200	1
a09-128-same	same	miss	404	334
a09-128-same	same	hit	200	3
a09-128-same	same	miss	404	583
a09-128-same	same	hit	200	6
a09-128-same	same	miss	404	429
a09-128-same	same	hit	200	2
a09-128-same	same	miss	404	486
a09-128-same	same	hit	200	1
a09-128-same	same	miss	404	445
a09-128-same	same	hit	200	2
a09-128-same	same	miss	404	452
a09-128-same	same	hit	200	1
a09-128-same	same	miss	404	592
a09-128-same	same	hit	200	1
a09-128-same	same	miss	404	555
a09-128-same	same	hit	200	2
a09-128-same	same	miss	404	493
a09-128-same	same	hit	200	3
a09-128-same	same	miss	404	536
a09-128-same	same	hit	200	2
a09-128-same	same	miss	404	432
a09-128-same	same	hit	200	1
a09-128-same	same	miss	404	475
a09-128-same	same	hit	200	1
a09-128-same	same	miss	404	398
a09-128-same	same	hit	200	3
a09-128-same	same	miss	404	499
a09-128-same	same	hit	200	2
a09-128-same	same	miss	404	379
a09-128-same	same	hit	200	3
a09-128-same	same	miss	404	484
a09-128-same	same	hit	200	2
a09-128-same	same	miss	404	432
a09-128-same	same	hit	200	1
a09-128-same	same	miss	404	402
a09-128-same	same	hit	200	4
a09-128-same	same	miss	404	442
a09-128-same	same	hit	200	3
a09-128-same	same	miss	404	558
a09-128-same	same	hit	200	1
a09-128-same	same	miss	404	389
a09-128-same	same	hit	200	5
a09-128-same	same	miss	404	624
a09-128-same	same	hit	200	1
a09-128-same	same	miss	404	581
a09-128-same	same	hit	200	1
a09-128-same	same	miss	404	428
a09-128-same	same	hit	200	3
a09-128-same	same	miss	404	558
a09-128-same	same	hit	200	2
a09-128-same	same	miss	404	410
a09-128-same	same	hit	200	2
a09-128-same	same	miss	404	463
a09-128-same	same	hit	200	1
a09-128-same	same	miss	404	425
a09-128-same	same	hit	200	3
a09-128-same	same	miss	404	685
a09-128-same	same	hit	200	20
a09-128-same	same	miss	404	496
a09-128-same	same	hit	200	3
a09-128-same	same	miss	404	1069
a09-128-same	same	hit	200	2
a09-128-same	same	miss	404	982
a09-128-same	same	hit	200	3
a09-128-same	same	miss	404	580
a09-128-same	same	hit	200	4
a09-128-same	same	miss	404	817
a09-128-same	same	hit	200	1
a09-128-same	same	miss	404	562
a09-128-same	same	hit	200	2
a09-128-same	same	miss	404	458
a09-128-same	same	hit	200	1
a09-128-same	same	miss	404	564
a09-128-same	same	hit	200	2
a09-128-same	same	miss	404	426
a09-128-same	same	hit	200	1
a09-128-same	same	miss	404	514
a09-128-same	same	hit	200	1
a09-128-same	same	miss	404	449
a09-128-same	same	hit	200	2
a09-128-same	same	miss	404	433
a09-128-same	same	hit	200	1
a09-128-same	same	miss	404	457
a09-128-same	same	hit	200	11
a09-128-same	same	miss	404	586
a09-128-same	same	hit	200	1
a09-128-same	same	miss	404	471
a09-128-same	same	hit	200	2
a09-128-same	same	miss	404	467
a09-128-same	same	hit	200	2
a09-128-same	same	miss	404	393
a09-128-same	same	hit	200	2
a09-128-same	same	miss	404	609
a09-128-same	same	hit	200	2
a09-128-same	same	miss	404	428
a09-128-same	same	hit	200	1
a09-128-same	same	miss	404	463
a09-128-same	same	hit	200	2
a09-128-same	same	miss	404	425
a09-128-same	same	hit	200	1
a09-128-same	same	miss	404	520
a09-128-same	same	hit	200	1
a09-128-same	same	miss	404	444
a09-128-same	same	hit	200	2
a09-128-same	same	miss	404	428
a09-128-same	same	hit	200	1
a09-128-same	same	miss	404	418
a09-128-same	same	hit	200	1
a09-128-same	same	miss	404	423
a09-128-same	same	hit	200	3
a09-128-same	same	miss	404	445
a09-128-same	same	hit	200	1
a09-128-same	same	miss	404	544
a09-128-same	same	hit	200	1
a09-128-same	same	miss	404	504
a09-128-same	same	hit	200	2
a09-128-same	same	miss	404	410
a09-128-same	same	hit	200	1
a09-128-same	same	miss	404	414
a09-128-same	same	hit	200	1
a09-128-same	same	miss	404	416
a09-128-same	same	hit	200	3
a09-128-same	same	miss	404	506
a09-128-same	same	hit	200	7
a09-128-same	same	miss	404	376
a09-128-same	same	hit	200	3
a09-128-same	same	miss	404	459
a09-128-same	same	hit	200	1
a09-128-same	same	miss	404	522
a09-128-same	same	hit	200	1
a09-128-same	same	miss	404	433
a09-128-same	same	hit	200	1
a09-128-same	same	miss	404	500
a09-128-same	same	hit	200	2
a09-128-same	same	miss	404	597
a09-128-same	same	hit	200	2
a09-128-same	same	miss	404	583
a09-128-same	same	hit	200	3
a09-128-same	same	miss	404	868
a09-128-same	same	hit	200	3
a09-128-same	same	miss	404	535
a09-128-same	same	hit	200	2
a09-128-same	same	miss	404	467
a09-128-same	same	hit	200	5
a09-128-same	same	miss	404	514
a09-128-same	same	hit	200	1
a09-128-same	same	miss	404	225
a09-128-same	same	hit	200	1
a09-128-same	same	miss	404	451
a09-128-same	same	hit	200	6
a09-128-same	same	miss	404	579
a09-128-same	same	hit	200	1
a09-128-same	same	miss	404	478
a09-128-same	same	hit	200	1
a09-128-same	same	miss	404	612
a09-128-same	same	hit	200	1
a09-128-same	same	miss	404	559
a09-128-same	same	hit	200	2
a09-128-same	same	miss	404	414
a09-128-same	same	hit	200	1
a09-128-same	same	miss	404	472
a09-128-same	same	hit	200	1
a09-128-same	same	miss	404	434
a09-128-same	same	hit	200	2
a09-128-same	same	miss	404	458
a09-128-same	same	hit	200	2
a09-128-same	same	miss	404	389
a09-128-same	same	hit	200	1
a09-128-same	same	miss	404	355
a09-128-same	same	hit	200	1
a09-128-same	same	miss	404	425
a09-128-same	same	hit	200	1
a09-128-same	same	miss	404	490
a09-128-same	same	hit	200	4
a09-128-same	same	miss	404	738
a09-128-same	same	hit	200	1
a09-128-same	same	miss	404	528
a09-128-same	same	hit	200	1
a09-128-same	same	miss	404	420
a09-128-same	same	hit	200	2
a09-128-same	same	miss	404	432
a09-128-same	same	hit	200	1
a09-128-same	same	miss	404	453
a09-128-same	same	hit	200	2
a09-128-same	same	miss	404	166
a09-128-same	same	hit	200	2
a09-128-same	same	miss	404	446
a09-128-same	same	hit	200	3
a09-128-same	same	miss	404	537
a09-128-same	same	hit	200	1
a09-128-same	same	miss	404	558
a09-128-same	same	hit	200	2
a09-128-same	same	miss	404	468
a09-128-same	same	hit	200	1
a09-128-same	same	miss	404	468
a09-128-same	same	hit	200	2
a09-128-same	same	miss	404	499
a09-128-same	same	hit	200	1
a09-128-same	same	miss	404	385
a09-128-same	same	hit	200	1
a09-128-same	same	miss	404	511
a09-128-same	same	hit	200	1
a09-128-same	same	miss	404	433
a09-128-same	same	hit	200	3
a09-128-same	same	miss	404	442
a09-128-same	same	hit	200	1
a09-128-same	same	miss	404	410
a09-128-same	same	hit	200	1
a09-128-same	same	miss	404	756
a09-128-same	same	hit	200	1
a09-128-same	same	miss	404	617
a09-128-same	same	hit	200	1
a09-128-same	same	miss	404	975
a09-128-same	same	hit	200	4
a09-128-same	same	miss	404	550
a09-128-same	same	hit	200	2
a09-128-same	same	miss	404	601
a09-128-same	same	hit	200	1
a09-128-same	same	miss	404	580
a09-128-same	same	hit	200	2
a09-128-same	same	miss	404	833
a09-128-same	same	hit	200	1
a09-128-same	same	miss	404	412
a09-128-same	same	hit	200	1
a09-128-same	same	miss	404	488
a09-128-same	same	hit	200	2
a09-128-same	same	miss	404	549
a09-128-same	same	hit	200	1
a09-128-same	same	miss	404	513
a09-128-same	same	hit	200	2
a09-128-same	same	miss	404	551
a09-128-same	same	hit	200	1
a09-128-same	same	miss	404	271
a09-128-same	same	hit	200	1
a09-128-same	same	miss	404	213
a09-128-same	same	hit	200	2
a09-128-same	same	miss	404	487
a09-128-same	same	hit	200	1
a09-128-same	same	miss	404	473
a09-128-same	same	hit	200	2
a09-128-same	same	miss	404	459
a09-128-same	same	hit	200	1
a09-128-same	same	miss	404	426
a09-128-same	same	hit	200	12
a09-128-same	same	miss	404	475
a09-128-same	same	hit	200	2
a09-128-same	same	miss	404	409
a09-128-same	same	hit	200	1
a09-128-same	same	miss	404	454
a09-128-same	same	hit	200	1
a09-128-same	same	miss	404	392
a09-128-same	same	hit	200	2
a09-128-same	same	miss	404	491
a09-128-same	same	hit	200	5
a09-128-same	same	miss	404	437
a09-128-same	same	hit	200	2
a09-128-same	same	miss	404	428
a09-128-same	same	hit	200	1
a09-128-same	same	miss	404	423
a09-128-same	same	hit	200	1
a09-128-same	same	miss	404	588
a09-128-same	same	hit	200	1
a09-128-same	same	miss	404	410
a09-128-same	same	hit	200	2
a09-128-same	same	miss	404	160
a09-128-same	same	hit	200	1
a09-128-same	same	miss	404	379
a09-128-same	same	hit	200	3
a09-128-same	same	miss	404	422
a09-128-same	same	hit	200	2
a09-128-same	same	miss	404	379
a09-128-same	same	hit	200	1
a09-128-same	same	miss	404	571
a09-128-same	same	hit	200	1
a09-128-same	same	miss	404	466
a09-128-same	same	hit	200	2
a09-128-same	same	miss	404	571
a09-128-same	same	hit	200	5
a09-128-same	same	miss	404	432
a09-128-same	same	hit	200	2
a09-128-same	same	miss	404	325
a09-128-same	same	hit	200	1
a09-128-same	same	miss	404	467
a09-128-same	same	hit	200	1
a09-128-same	same	miss	404	393
a09-128-same	same	hit	200	1
a09-128-same	same	miss	404	469
a09-128-same	same	hit	200	1
a09-128-same	same	miss	404	462
a09-128-same	same	hit	200	1
a09-128-same	same	miss	404	433
a09-128-same	same	hit	200	2
a09-128-same	same	miss	404	629
a09-128-same	same	hit	200	1
a09-128-same	same	miss	404	508
a09-128-same	same	hit	200	6
a09-128-same	same	miss	404	598
a09-128-same	same	hit	200	1
a09-128-same	same	miss	404	633
a09-128-same	same	hit	200	1
a09-128-same	same	miss	404	763
a09-128-same	same	hit	200	1
a09-128-same	same	miss	404	606
a09-128-same	same	hit	200	1
a09-128-same	same	miss	404	426
a09-128-same	same	hit	200	5
a09-128-same	same	miss	404	595
a09-128-same	same	hit	200	3
a09-128-same	same	miss	404	1004
a09-128-same	same	hit	200	2
a09-128-same	same	miss	404	489
a09-128-same	same	hit	200	1
a09-128-same	same	miss	404	382
a09-128-same	same	hit	200	3
a09-128-same	same	miss	404	537
a09-128-same	same	hit	200	2
a09-128-same	same	miss	404	491
a09-128-same	same	hit	200	2
a09-128-same	same	miss	404	543
a09-128-same	same	hit	200	2
a09-128-same	same	miss	404	426
a09-128-same	same	hit	200	1
a09-128-same	same	miss	404	343
a09-128-same	same	hit	200	9
a09-128-same	same	miss	404	544
a09-128-same	same	hit	200	1
a09-128-same	same	miss	404	504
a09-128-same	same	hit	200	2
a09-128-same	same	miss	404	706
a09-128-same	same	hit	200	2
a09-128-same	same	miss	404	443
a09-128-same	same	hit	200	2
a09-128-same	same	miss	404	432
a09-128-same	same	hit	200	2
a09-128-same	same	miss	404	409
a09-128-same	same	hit	200	1
a09-128-same	same	miss	404	429
a09-128-same	same	hit	200	2
a09-128-same	same	miss	404	440
a09-128-same	same	hit	200	2
a09-128-same	same	miss	404	509
a09-128-same	same	hit	200	1
a09-128-same	same	miss	404	491
a09-128-same	same	hit	200	2
a09-128-same	same	miss	404	383
a09-128-same	same	hit	200	1
a09-128-same	same	miss	404	321
a09-128-same	same	hit	200	1
a09-128-same	same	miss	404	434
a09-128-same	same	hit	200	3
a09-128-same	same	miss	404	504
a09-128-same	same	hit	200	1
a09-128-same	same	miss	404	380
a09-128-same	same	hit	200	1
a09-128-same	same	miss	404	475
a09-128-same	same	hit	200	1
a09-128-same	same	miss	404	469
a09-128-same	same	hit	200	1
a09-128-same	same	miss	404	487
a09-128-same	same	hit	200	1
a09-128-same	same	miss	404	414
a09-128-same	same	hit	200	2
a09-128-same	same	miss	404	450
a09-128-same	same	hit	200	1
a09-128-same	same	miss	404	442
a09-128-same	same	hit	200	2
a09-128-same	same	miss	404	205
a09-128-same	same	hit	200	2
a09-128-same	same	miss	404	597
a09-128-same	same	hit	200	5
a09-128-same	same	miss	404	480
a09-128-same	same	hit	200	1
a09-128-same	same	miss	404	523
a09-128-same	same	hit	200	1
a09-128-same	same	miss	404	632
a09-128-same	same	hit	200	1
a09-128-same	same	miss	404	448
a09-128-same	same	hit	200	2
a09-128-same	same	miss	404	556
a09-128-same	same	hit	200	1
a09-128-same	same	miss	404	543
a09-128-same	same	hit	200	1
a09-128-same	same	miss	404	466
a09-128-same	same	hit	200	2
a09-128-same	same	miss	404	421
a09-128-same	same	hit	200	9
a09-128-same	same	miss	404	536
a09-128-same	same	hit	200	2
a09-128-same	same	miss	404	395
a09-128-same	same	hit	200	1
a09-128-same	same	miss	404	494
a09-128-same	same	hit	200	2
a09-128-same	same	miss	404	498
a09-128-same	same	hit	200	1
a09-128-same	same	miss	404	398
a09-128-same	same	hit	200	1
a09-128-same	same	miss	404	505
a09-128-same	same	hit	200	1
a09-128-same	same	miss	404	454
a09-128-same	same	hit	200	1
a09-128-same	same	miss	404	506
a09-128-same	same	hit	200	1
a09-128-same	same	miss	404	427
a09-128-same	same	hit	200	11
a09-128-same	same	miss	404	432
a09-128-same	same	hit	200	1
a09-128-same	same	miss	404	356
a09-128-same	same	hit	200	1
a09-128-same	same	miss	404	441
a09-128-same	same	hit	200	1
a09-128-same	same	miss	404	368
a09-128-same	same	hit	200	1
a09-128-same	same	miss	404	421
a09-128-same	same	hit	200	1
a09-128-same	same	miss	404	155
a09-128-same	same	hit	200	1
a09-128-same	same	miss	404	434
a09-128-same	same	hit	200	3
a09-128-same	same	miss	404	486
a09-128-same	same	hit	200	3
a09-128-same	same	miss	404	555
a09-128-same	same	hit	200	1
a09-128-same	same	miss	404	525
a09-128-same	same	hit	200	1
a09-128-same	same	miss	404	496
a09-128-same	same	hit	200	1
a09-128-same	same	miss	404	388
a09-128-same	same	hit	200	8
a09-128-same	same	miss	404	380
a09-128-same	same	hit	200	1
a09-128-same	same	miss	404	359
a09-128-same	same	hit	200	1
a09-128-same	same	miss	404	454
a09-128-same	same	hit	200	2
a09-128-same	same	miss	404	438
a09-128-same	same	hit	200	1
a09-128-same	same	miss	404	459
a09-128-same	same	hit	200	2
a09-128-same	same	miss	404	516
a09-128-same	same	hit	200	1
a09-128-same	same	miss	404	346
a09-128-same	same	hit	200	1
a09-128-same	same	miss	404	412
a09-128-same	same	hit	200	1
a09-128-same	same	miss	404	489
a09-128-same	same	hit	200	2
a09-128-same	same	miss	404	478
a09-128-same	same	hit	200	2
a09-128-same	same	miss	404	507
a09-128-same	same	hit	200	1
a09-128-same	same	miss	404	568
a09-128-same	same	hit	200	1
a09-128-same	same	miss	404	461
a09-128-same	same	hit	200	5
a09-128-same	same	miss	404	561
a09-128-same	same	hit	200	2
a09-128-same	same	miss	404	581
a09-128-same	same	hit	200	2
a09-128-same	same	miss	404	532
a09-128-same	same	hit	200	2
a09-128-same	same	miss	404	727
a09-128-same	same	hit	200	2
a09-128-same	same	miss	404	389
a09-128-same	same	hit	200	2
a09-128-same	same	miss	404	182
a09-128-same	same	hit	200	1
a09-128-same	same	miss	404	846
a09-128-same	same	hit	200	2
a09-128-same	same	miss	404	509
a09-128-same	same	hit	200	1
a09-128-same	same	miss	404	566
a09-128-same	same	hit	200	1
a09-128-same	same	miss	404	211
a09-128-same	same	hit	200	2
a09-128-same	same	miss	404	549
a09-128-same	same	hit	200	1
a09-128-same	same	miss	404	443
a09-128-same	same	hit	200	2
a09-128-same	same	miss	404	608
a09-128-same	same	hit	200	1
a09-128-same	same	miss	404	422
a09-128-same	same	hit	200	1
a09-128-same	same	miss	404	481
a09-128-same	same	hit	200	18
a09-128-same	same	miss	404	635
a09-128-same	same	hit	200	1
a09-128-same	same	miss	404	459
a09-128-same	same	hit	200	11
a09-128-same	same	miss	404	466
a09-128-same	same	hit	200	1
a09-128-same	same	miss	404	484
a09-128-same	same	hit	200	3
a09-128-same	same	miss	404	457
a09-128-same	same	hit	200	1
a09-128-same	same	miss	404	485
a09-128-same	same	hit	200	2
a09-128-same	same	miss	404	287
a09-128-same	same	hit	200	1
a09-128-same	same	miss	404	445
a09-128-same	same	hit	200	1
a09-128-same	same	miss	404	524
a09-128-same	same	hit	200	2
a09-128-same	same	miss	404	432
a09-128-same	same	hit	200	3
a09-128-same	same	miss	404	510
a09-128-same	same	hit	200	1
a09-128-same	same	miss	404	363
a09-128-same	same	hit	200	1
a09-128-same	same	miss	404	391
a09-128-same	same	hit	200	1
a09-128-same	same	miss	404	521
a09-128-same	same	hit	200	1
a09-128-same	same	miss	404	392
a09-128-same	same	hit	200	1
a09-128-same	same	miss	404	480
a09-128-same	same	hit	200	1
a09-128-same	same	miss	404	529
a09-128-same	same	hit	200	1
a09-128-same	same	miss	404	451
a09-128-same	same	hit	200	1
a09-128-same	same	miss	404	347
a09-128-same	same	hit	200	1
a09-128-same	same	miss	404	449
a09-128-same	same	hit	200	2
a09-128-same	same	miss	404	187
a09-128-same	same	hit	200	1
a09-128-same	same	miss	404	324
a09-128-same	same	hit	200	2
a09-128-same	same	miss	404	464
a09-128-same	same	hit	200	1
a09-128-same	same	miss	404	401
a09-128-same	same	hit	200	2
a09-128-same	same	miss	404	428
a09-128-same	same	hit	200	2
a09-128-same	same	miss	404	621
a09-128-same	same	hit	200	1
a09-128-same	same	miss	404	281
a09-128-same	same	hit	200	1
a09-128-same	same	miss	404	696
a09-128-same	same	hit	200	2
a09-128-same	same	miss	404	577
a09-128-same	same	hit	200	3
a09-128-same	same	miss	404	473
a09-128-same	same	hit	200	2
a09-128-same	same	miss	404	512
a09-128-same	same	hit	200	1
a09-128-same	same	miss	404	190
a09-128-same	same	hit	200	3
a09-128-same	same	miss	404	474
a09-128-same	same	hit	200	1
a09-128-same	same	miss	404	525
a09-128-same	same	hit	200	1
a09-128-same	same	miss	404	610
a09-128-same	same	hit	200	1
a09-128-same	same	miss	404	538
a09-128-same	same	hit	200	10
a09-128-same	same	miss	404	469
a09-128-same	same	hit	200	1
a09-128-same	same	miss	404	515
a09-128-same	same	hit	200	2
a09-128-same	same	miss	404	500
a09-128-same	same	hit	200	2
a09-128-same	same	miss	404	576
a09-128-same	same	hit	200	16
a09-128-same	same	miss	404	468
a09-128-same	same	hit	200	1
a09-128-same	same	miss	404	435
a09-128-same	same	hit	200	3
a09-128-same	same	miss	404	385
a09-128-same	same	hit	200	2
a09-128-same	same	miss	404	465
a09-128-same	same	hit	200	1
a09-128-same	same	miss	404	172
a09-128-same	same	hit	200	2
a09-128-same	same	miss	404	528
a09-128-same	same	hit	200	4
a09-128-same	same	miss	404	454
a09-128-same	same	hit	200	2
a09-128-same	same	miss	404	226
a09-128-same	same	hit	200	1
a09-128-same	same	miss	404	214
a09-128-same	same	hit	200	1
a09-128-same	same	miss	404	438
a09-128-same	same	hit	200	1
a09-128-same	same	miss	404	451
a09-128-same	same	hit	200	1
a09-128-same	same	miss	404	421
a09-128-same	same	hit	200	3
a09-128-same	same	miss	404	380
a09-128-same	same	hit	200	2
a09-128-same	same	miss	404	424
a09-128-same	same	hit	200	1
a09-128-same	same	miss	404	433
a09-128-same	same	hit	200	4
a09-128-same	same	miss	404	505
a09-128-same	same	hit	200	1
a09-128-same	same	miss	404	459
a09-128-same	same	hit	200	1
a09-128-same	same	miss	404	673
a09-128-same	same	hit	200	1
a09-128-same	same	miss	404	539
a09-128-same	same	hit	200	1
a09-128-same	same	miss	404	530
a09-128-same	same	hit	200	1
a09-128-same	same	miss	404	365
a09-128-same	same	hit	200	1
a09-128-same	same	miss	404	405
a09-128-same	same	hit	200	1
a09-128-same	same	miss	404	542
a09-128-same	same	hit	200	5
a09-128-same	same	miss	404	515
a09-128-same	same	hit	200	5
a09-128-same	same	miss	404	464
a09-128-same	same	hit	200	1
a09-128-same	same	miss	404	592
a09-128-same	same	hit	200	1
a09-128-same	same	miss	404	729
a09-128-same	same	hit	200	2
a09-128-same	same	miss	404	513
a09-128-same	same	hit	200	1
a09-128-same	same	miss	404	665
a09-128-same	same	hit	200	1
a09-128-same	same	miss	404	512
a09-128-same	same	hit	200	1
a09-128-same	same	miss	404	562
a09-128-same	same	hit	200	1
a09-128-same	same	miss	404	493
a09-128-same	same	hit	200	2
a09-128-same	same	miss	404	1330
a09-128-same	same	hit	200	8
a09-128-same	same	miss	404	367
a09-128-same	same	hit	200	2
a09-128-same	same	miss	404	425
a09-128-same	same	hit	200	2
a09-128-same	same	miss	404	519
a09-128-same	same	hit	200	2
a09-128-same	same	miss	404	414
a09-128-same	same	hit	200	2
a09-128-same	same	miss	404	516
a09-128-same	same	hit	200	5
a09-128-same	same	miss	404	449
a09-128-same	same	hit	200	1
a09-128-same	same	miss	404	369
a09-128-same	same	hit	200	2
a09-128-same	same	miss	404	471
a09-128-same	same	hit	200	2
a09-128-same	same	miss	404	417
a09-128-same	same	hit	200	4
a09-128-same	same	miss	404	374
a09-128-same	same	hit	200	1
a09-128-same	same	miss	404	369
a09-128-same	same	hit	200	1
a09-128-same	same	miss	404	471
a09-128-same	same	hit	200	2
a09-128-same	same	miss	404	482
a09-128-same	same	hit	200	3
a09-128-same	same	miss	404	640
a09-128-same	same	hit	200	1
a09-128-same	same	miss	404	500
a09-128-same	same	hit	200	2
a09-128-same	same	miss	404	435
a09-128-same	same	hit	200	1
a09-128-same	same	miss	404	542
a09-128-same	same	hit	200	1
a09-128-same	same	miss	404	500
a09-128-same	same	hit	200	1
a09-128-same	same	miss	404	377
a09-128-same	same	hit	200	2
a09-128-same	same	miss	404	366
a09-128-same	same	hit	200	2
a09-128-same	same	miss	404	517
a09-128-same	same	hit	200	1
a09-128-same	same	miss	404	204
a09-128-same	same	hit	200	1
a09-128-same	same	miss	404	394
a09-128-same	same	hit	200	1
a09-128-same	same	miss	404	457
a09-128-same	same	hit	200	1
a09-128-same	same	miss	404	513
a09-128-same	same	hit	200	3
a09-128-same	same	miss	404	435
a09-128-same	same	hit	200	1
a09-128-same	same	miss	404	175
a09-128-same	same	hit	200	1
a09-128-same	same	miss	404	459
a09-128-same	same	hit	200	1
a09-128-same	same	miss	404	355
a09-128-same	same	hit	200	5
a09-128-same	same	miss	404	556
a09-128-same	same	hit	200	2
a09-128-same	same	miss	404	814
a09-128-same	same	hit	200	2
a09-128-same	same	miss	404	406
a09-128-same	same	hit	200	2
a09-128-same	same	miss	404	557
a09-128-same	same	hit	200	1
a09-128-same	same	miss	404	384
a09-128-same	same	hit	200	4
a09-128-same	same	miss	404	502
a09-128-same	same	hit	200	2
a09-128-same	same	miss	404	211
a09-128-same	same	hit	200	2
a09-128-same	same	miss	404	650
a09-128-same	same	hit	200	1
a09-128-same	same	miss	404	488
a09-128-same	same	hit	200	2
a09-128-same	same	miss	404	495
a09-128-same	same	hit	200	3
a09-128-same	same	miss	404	218
a09-128-same	same	hit	200	1
a09-128-same	same	miss	404	494
a09-128-same	same	hit	200	1
a09-128-same	same	miss	404	456
a09-128-same	same	hit	200	7
a09-128-same	same	miss	404	563
a09-128-same	same	hit	200	1
a09-128-same	same	miss	404	460
a09-128-same	same	hit	200	1
a09-128-same	same	miss	404	620
a09-128-same	same	hit	200	1
a09-128-same	same	miss	404	448
a09-128-same	same	hit	200	2
a09-128-same	same	miss	404	489
a09-128-same	same	hit	200	9
a09-128-same	same	miss	404	395
a09-128-same	same	hit	200	2
a09-128-same	same	miss	404	732
a09-128-same	same	hit	200	1
a09-128-same	same	miss	404	393
a09-128-same	same	hit	200	1
a09-128-same	same	miss	404	484
a09-128-same	same	hit	200	2
a09-128-same	same	miss	404	510
a09-128-same	same	hit	200	1
a09-128-same	same	miss	404	444
a09-128-same	same	hit	200	2
a09-128-same	same	miss	404	728
a09-128-same	same	hit	200	1
a09-128-same	same	miss	404	475
a09-128-same	same	hit	200	3
a09-128-same	same	miss	404	439
a09-128-same	same	hit	200	1
a09-128-same	same	miss	404	504
a09-128-same	same	hit	200	1
a09-128-same	same	miss	404	422
a09-128-same	same	hit	200	1
a09-128-same	same	miss	404	438
a09-128-same	same	hit	200	2
a09-128-same	same	miss	404	422
a09-128-same	same	hit	200	2
a09-128-same	same	miss	404	485
a09-128-same	same	hit	200	1
a09-128-same	same	miss	404	572
a09-128-same	same	hit	200	1
a09-128-same	same	miss	404	427
a09-128-same	same	hit	200	1
a09-128-same	same	miss	404	452
a09-128-same	same	hit	200	1
a09-128-same	same	miss	404	502
a09-128-same	same	hit	200	2
a09-128-same	same	miss	404	402
a09-128-same	same	hit	200	1
a09-128-same	same	miss	404	381
a09-128-same	same	hit	200	1
a09-128-same	same	miss	404	557
a09-128-same	same	hit	200	1
a09-128-same	same	miss	404	465
a09-128-same	same	hit	200	1
a09-128-same	same	miss	404	488
a09-128-same	same	hit	200	1
a09-128-same	same	miss	404	549
a09-128-same	same	hit	200	2
a09-128-same	same	miss	404	500
a09-128-same	same	hit	200	2
a09-128-same	same	miss	404	442
a09-128-same	same	hit	200	1
a09-128-same	same	miss	404	590
a09-128-same	same	hit	200	3
a09-128-same	same	miss	404	182
a09-128-same	same	hit	200	1
a09-128-same	same	miss	404	594
a09-128-same	same	hit	200	2
a09-128-same	same	miss	404	397
a09-128-same	same	hit	200	1
a09-128-same	same	miss	404	531
a09-128-same	same	hit	200	2
a09-128-same	same	miss	404	191
a09-128-same	same	hit	200	1
a09-128-same	same	miss	404	519
a09-128-same	same	hit	200	2
a09-128-same	same	miss	404	540
a09-128-same	same	hit	200	3
a09-128-same	same	miss	404	606
a09-128-same	same	hit	200	1
a09-128-same	same	miss	404	344
a09-128-same	same	hit	200	2
a09-128-same	same	miss	404	544
a09-128-same	same	hit	200	2
a09-128-same	same	miss	404	503
a09-128-same	same	hit	200	2
a09-128-same	same	miss	404	456
a09-128-same	same	hit	200	1
a09-128-same	same	miss	404	406
a09-128-same	same	hit	200	10
a09-128-same	same	miss	404	454
a09-128-same	same	hit	200	2
a09-128-same	same	miss	404	443
a09-128-same	same	hit	200	1
a09-128-same	same	miss	404	491
a09-128-same	same	hit	200	2
a09-128-same	same	miss	404	453
a09-128-same	same	hit	200	1
a09-128-same	same	miss	404	631
a09-128-same	same	hit	200	2
a09-128-same	same	miss	404	508
a09-128-same	same	hit	200	2
a09-128-same	same	miss	404	436
a09-128-same	same	hit	200	1
a09-128-same	same	miss	404	490
a09-128-same	same	hit	200	1
a09-128-same	same	miss	404	376
a09-128-same	same	hit	200	1
a09-128-same	same	miss	404	491
a09-128-same	same	hit	200	1
a09-128-same	same	miss	404	416
a09-128-same	same	hit	200	3
a09-128-same	same	miss	404	419
a09-128-same	same	hit	200	2
a09-128-same	same	miss	404	197
a09-128-same	same	hit	200	2
a09-128-same	same	miss	404	179
a09-128-same	same	hit	200	3
a09-128-same	same	miss	404	464
a09-128-same	same	hit	200	1
a09-128-same	same	miss	404	411
a09-128-same	same	hit	200	1
a09-128-same	same	miss	404	469
a09-128-same	same	hit	200	1
a09-128-same	same	miss	404	460
a09-128-same	same	hit	200	1
a09-128-same	same	miss	404	356
a09-128-same	same	hit	200	3
a09-128-same	same	miss	404	173
a09-128-same	same	hit	200	4
a09-128-same	same	miss	404	566
a09-128-same	same	hit	200	1
a09-128-same	same	miss	404	492
a09-128-same	same	hit	200	1
a09-128-same	same	miss	404	543
a09-128-same	same	hit	200	2
a09-128-same	same	miss	404	478
a09-128-same	same	hit	200	1
a09-128-same	same	miss	404	393
a09-128-same	same	hit	200	3
a09-128-same	same	miss	404	477
a09-128-same	same	hit	200	1
a09-128-same	same	miss	404	528
a09-128-same	same	hit	200	2
a09-128-same	same	miss	404	566
a09-128-same	same	hit	200	1
a09-128-same	same	miss	404	582
a09-128-same	same	hit	200	5
a09-128-same	same	miss	404	596
a09-128-same	same	hit	200	2
a09-128-same	same	miss	404	1044
a09-128-same	same	hit	200	4
a09-128-same	same	miss	404	429
a09-128-same	same	hit	200	2
a09-128-same	same	miss	404	620
a09-128-same	same	hit	200	3
a09-128-same	same	miss	404	628
a09-128-same	same	hit	200	2
a09-128-same	same	miss	404	447
a09-128-same	same	hit	200	2
a09-128-same	same	miss	404	531
a09-128-same	same	hit	200	5
a09-128-same	same	miss	404	527
a09-128-same	same	hit	200	2
a09-128-same	same	miss	404	420
a09-128-same	same	hit	200	1
a09-128-same	same	miss	404	470
a09-128-same	same	hit	200	1
a09-128-same	same	miss	404	409
a09-128-same	same	hit	200	4
a09-128-same	same	miss	404	439
a09-128-same	same	hit	200	3
a09-128-same	same	miss	404	459
a09-128-same	same	hit	200	2
a09-128-same	same	miss	404	412
a09-128-same	same	hit	200	1
a09-128-same	same	miss	404	382
a09-128-same	same	hit	200	1
a09-128-same	same	miss	404	386
a09-128-same	same	hit	200	1
a09-128-same	same	miss	404	498
a09-128-same	same	hit	200	1
a09-128-same	same	miss	404	554
a09-128-same	same	hit	200	3
a09-128-same	same	miss	404	400
a09-128-same	same	hit	200	1
a09-128-same	same	miss	404	194
a09-128-same	same	hit	200	1
a09-128-same	same	miss	404	153
a09-128-same	same	hit	200	1
a09-128-same	same	miss	404	448
a09-128-same	same	hit	200	1
a09-128-same	same	miss	404	493
a09-128-same	same	hit	200	2
a09-128-same	same	miss	404	454
a09-128-same	same	hit	200	1
a09-128-same	same	miss	404	447
a09-128-same	same	hit	200	1
a09-128-same	same	miss	404	487
a09-128-same	same	hit	200	1
a09-128-same	same	miss	404	448
a09-128-same	same	hit	200	1
a09-128-same	same	miss	404	476
a09-128-same	same	hit	200	1
a09-128-same	same	miss	404	394
a09-128-same	same	hit	200	11
a09-128-same	same	miss	404	489
a09-128-same	same	hit	200	1
a09-128-same	same	miss	404	473
a09-128-same	same	hit	200	7
a09-128-same	same	miss	404	480
a09-128-same	same	hit	200	1
a09-128-same	same	miss	404	183
a09-128-same	same	hit	200	2
a09-128-same	same	miss	404	549
a09-128-same	same	hit	200	1
a09-128-same	same	miss	404	567
a09-128-same	same	hit	200	2
a09-128-same	same	miss	404	623
a09-128-same	same	hit	200	2
a09-128-same	same	miss	404	520
a09-128-same	same	hit	200	2
a09-128-same	same	miss	404	583
a09-128-same	same	hit	200	1
a09-128-same	same	miss	404	719
a09-128-same	same	hit	200	1
a09-128-same	same	miss	404	554
a09-128-same	same	hit	200	1
a09-128-same	same	miss	404	495
a09-128-same	same	hit	200	2
a09-128-same	same	miss	404	448
a09-128-same	same	hit	200	2
a09-128-same	same	miss	404	504
a09-128-same	same	hit	200	3
a09-128-same	same	miss	404	857
a09-128-same	same	hit	200	2
a09-128-same	same	miss	404	478
a09-128-same	same	hit	200	2
a09-128-same	same	miss	404	448
a09-128-same	same	hit	200	1
a09-128-same	same	miss	404	506
a09-128-same	same	hit	200	1
a09-128-same	same	miss	404	546
a09-128-same	same	hit	200	2
a09-128-same	same	miss	404	529
a09-128-same	same	hit	200	1
a09-128-same	same	miss	404	463
a09-128-same	same	hit	200	2
a09-128-same	same	miss	404	401
a09-128-same	same	hit	200	18
a09-128-same	same	miss	404	423
a09-128-same	same	hit	200	2
a09-128-same	same	miss	404	484
a09-128-same	same	hit	200	1
a09-128-same	same	miss	404	404
a09-128-same	same	hit	200	2
a09-128-same	same	miss	404	317
a09-128-same	same	hit	200	2
a09-128-same	same	miss	404	541
a09-128-same	same	hit	200	3
a09-128-same	same	miss	404	507
a09-128-same	same	hit	200	1
a09-128-same	same	miss	404	431
a09-128-same	same	hit	200	1
a09-128-same	same	miss	404	504
a09-128-same	same	hit	200	1
a09-128-same	same	miss	404	730
a09-128-same	same	hit	200	1
a09-128-same	same	miss	404	571
a09-128-same	same	hit	200	1
a09-128-same	same	miss	404	475
a09-128-same	same	hit	200	1
a09-128-same	same	miss	404	419
a09-128-same	same	hit	200	1
a09-128-same	same	miss	404	435
a09-128-same	same	hit	200	1
a09-128-same	same	miss	404	308
a09-128-same	same	hit	200	5
a09-128-same	same	miss	404	384
a09-128-same	same	hit	200	2
a09-128-same	same	miss	404	479
a09-128-same	same	hit	200	1
a09-128-same	same	miss	404	417
a09-128-same	same	hit	200	1
a09-128-same	same	miss	404	440
a09-128-same	same	hit	200	1
a09-128-same	same	miss	404	415
a09-128-same	same	hit	200	1
a09-128-same	same	miss	404	489
a09-128-same	same	hit	200	1
a09-128-same	same	miss	404	417
a09-128-same	same	hit	200	2
a09-128-same	same	miss	404	510
a09-128-same	same	hit	200	1
a09-128-same	same	miss	404	454
a09-128-same	same	hit	200	2
a09-128-same	same	miss	404	429
a09-128-same	same	hit	200	4
a09-128-same	same	miss	404	549
a09-128-same	same	hit	200	1
a09-128-same	same	miss	404	553
a09-128-same	same	hit	200	1
a09-128-same	same	miss	404	698
a09-128-same	same	hit	200	1
a09-128-same	same	miss	404	612
a09-128-same	same	hit	200	2
a09-128-same	same	miss	404	390
a09-128-same	same	hit	200	1
a09-128-same	same	miss	404	682
a09-128-same	same	hit	200	4
a09-128-same	same	miss	404	574
a09-128-same	same	hit	200	3
a09-128-same	same	miss	404	177
a09-128-same	same	hit	200	1
a09-128-same	same	miss	404	502
a09-128-same	same	hit	200	6
a09-128-same	same	miss	404	590
a09-128-same	same	hit	200	2
a09-128-same	same	miss	404	190
a09-128-same	same	hit	200	1
a09-128-same	same	miss	404	369
a09-128-same	same	hit	200	1
a09-128-same	same	miss	404	509
a09-128-same	same	hit	200	4
a09-128-same	same	miss	404	530
a09-128-same	same	hit	200	1
a09-128-same	same	miss	404	610
a09-128-same	same	hit	200	3
a09-128-same	same	miss	404	508
a09-128-same	same	hit	200	23
a09-128-same	same	miss	404	415
a09-128-same	same	hit	200	3
a09-128-same	same	miss	404	484
a09-128-same	same	hit	200	1
a09-128-same	same	miss	404	469
a09-128-same	same	hit	200	1
a09-128-same	same	miss	404	384
a09-128-same	same	hit	200	1
a09-128-same	same	miss	404	389
a09-128-same	same	hit	200	1
a09-128-same	same	miss	404	569
a09-128-same	same	hit	200	2
a09-128-same	same	miss	404	485
a09-128-same	same	hit	200	1
a09-128-same	same	miss	404	323
a09-128-same	same	hit	200	1
a09-128-same	same	miss	404	216
a09-128-same	same	hit	200	1
a09-128-same	same	miss	404	458
a09-128-same	same	hit	200	1
a09-128-same	same	miss	404	477
a09-128-same	same	hit	200	3
a09-128-same	same	miss	404	512
a09-128-same	same	hit	200	2
a09-128-same	same	miss	404	430
a09-128-same	same	hit	200	2
a09-128-same	same	miss	404	518
a09-128-same	same	hit	200	2
a09-128-same	same	miss	404	470
a09-128-same	same	hit	200	1
a09-128-same	same	miss	404	477
a09-128-same	same	hit	200	2
a09-128-same	same	miss	404	492
a09-128-same	same	hit	200	6
a09-128-same	same	miss	404	488
a09-128-same	same	hit	200	1
a09-128-same	same	miss	404	473
a09-128-same	same	hit	200	7
a09-128-same	same	miss	404	951
a09-128-same	same	hit	200	1
a09-128-same	same	miss	404	555
a09-128-same	same	hit	200	1
a09-128-same	same	miss	404	482
a09-128-same	same	hit	200	1
a09-128-same	same	miss	404	527
a09-128-same	same	hit	200	2
a09-128-same	same	miss	404	462
a09-128-same	same	hit	200	3
a09-128-same	same	miss	404	454
a09-128-same	same	hit	200	2
a09-128-same	same	miss	404	483
a09-128-same	same	hit	200	3
a09-128-same	same	miss	404	588
a09-128-same	same	hit	200	4
a09-128-same	same	miss	404	388
a09-128-same	same	hit	200	2
a09-128-same	same	miss	404	527
a09-128-same	same	hit	200	2
a09-128-same	same	miss	404	430
a09-128-same	same	hit	200	2
a09-128-same	same	miss	404	539
a09-128-same	same	hit	200	2
a09-128-same	same	miss	404	1074
a09-128-same	same	hit	200	7
a09-128-same	same	miss	404	574
a09-128-same	same	hit	200	1
a09-128-same	same	miss	404	481
a09-128-same	same	hit	200	6
a09-128-same	same	miss	404	531
a09-128-same	same	hit	200	2
a09-128-same	same	miss	404	437
a09-128-same	same	hit	200	2
a09-128-same	same	miss	404	563
a09-128-same	same	hit	200	3
a09-128-same	same	miss	404	136
a09-128-same	same	hit	200	1
a09-128-same	same	miss	404	162
a09-128-same	same	hit	200	1
a09-128-same	same	miss	404	437
a09-128-same	same	hit	200	18
a09-128-same	same	miss	404	447
a09-128-same	same	hit	200	1
a09-128-same	same	miss	404	219
a09-128-same	same	hit	200	1
a09-128-same	same	miss	404	424
a09-128-same	same	hit	200	2
a09-128-same	same	miss	404	442
a09-128-same	same	hit	200	2
a09-128-same	same	miss	404	558
a09-128-same	same	hit	200	1
a09-128-same	same	miss	404	553
a09-128-same	same	hit	200	1
a09-128-same	same	miss	404	522
a09-128-same	same	hit	200	2
a09-128-same	same	miss	404	383
a09-128-same	same	hit	200	2
a09-128-same	same	miss	404	357
a09-128-same	same	hit	200	2
a09-128-same	same	miss	404	506
a09-128-same	same	hit	200	1
a09-128-same	same	miss	404	440
a09-128-same	same	hit	200	2
a09-128-same	same	miss	404	445
a09-128-same	same	hit	200	1
a09-128-same	same	miss	404	486
a09-128-same	same	hit	200	1
a09-128-same	same	miss	404	517
a09-128-same	same	hit	200	1
a09-128-same	same	miss	404	497
a09-128-same	same	hit	200	1
a09-128-same	same	miss	404	476
a09-128-same	same	hit	200	2
a09-128-same	same	miss	404	379
a09-128-same	same	hit	200	1
a09-128-same	same	miss	404	149
a09-128-same	same	hit	200	4
a09-128-same	same	miss	404	727
a09-128-same	same	hit	200	4
a09-128-same	same	miss	404	579
a09-128-same	same	hit	200	2
a09-128-same	same	miss	404	483
a09-128-same	same	hit	200	1
a09-128-same	same	miss	404	521
a09-128-same	same	hit	200	3
a09-128-same	same	miss	404	813
a09-128-same	same	hit	200	2
a09-128-same	same	miss	404	477
a09-128-same	same	hit	200	1
a09-128-same	same	miss	404	367
a09-128-same	same	hit	200	1
a09-128-same	same	miss	404	656
a09-128-same	same	hit	200	2
a09-128-same	same	miss	404	805
a09-128-same	same	hit	200	1
a09-128-same	same	miss	404	504
a09-128-same	same	hit	200	1
a09-128-same	same	miss	404	492
a09-128-same	same	hit	200	1
a09-128-same	same	miss	404	616
a09-128-same	same	hit	200	3
a09-128-same	same	miss	404	540
a09-128-same	same	hit	200	1
a09-128-same	same	miss	404	499
a09-128-same	same	hit	200	4
a09-128-same	same	miss	404	563
a09-128-same	same	hit	200	4
a09-128-same	same	miss	404	426
a09-128-same	same	hit	200	2
a09-128-same	same	miss	404	517
a09-128-same	same	hit	200	2
a09-128-same	same	miss	404	522
a09-128-same	same	hit	200	2
a09-128-same	same	miss	404	477
a09-128-same	same	hit	200	1
a09-128-same	same	miss	404	417
a09-128-same	same	hit	200	4
a09-128-same	same	miss	404	387
a09-128-same	same	hit	200	1
a09-128-same	same	miss	404	393
a09-128-same	same	hit	200	18
a09-128-same	same	miss	404	455
a09-128-same	same	hit	200	1
a09-128-same	same	miss	404	504
a09-128-same	same	hit	200	1
a09-128-same	same	miss	404	467
a09-128-same	same	hit	200	1
a09-128-same	same	miss	404	314
a09-128-same	same	hit	200	2
a09-128-same	same	miss	404	563
a09-128-same	same	hit	200	1
a09-128-same	same	miss	404	414
a09-128-same	same	hit	200	1
a09-128-same	same	miss	404	434
a09-128-same	same	hit	200	1
a09-128-same	same	miss	404	393
a09-128-same	same	hit	200	4
a09-128-same	same	miss	404	442
a09-128-same	same	hit	200	1
a09-128-same	same	miss	404	240
a09-128-same	same	hit	200	1
a09-128-same	same	miss	404	485
a09-128-same	same	hit	200	4
a09-128-same	same	miss	404	210
a09-128-same	same	hit	200	1
a09-128-same	same	miss	404	434
a09-128-same	same	hit	200	1
a09-128-same	same	miss	404	398
a09-128-same	same	hit	200	2
a09-128-same	same	miss	404	540
a09-128-same	same	hit	200	2
a09-128-same	same	miss	404	411
a09-128-same	same	hit	200	2
a09-128-same	same	miss	404	396
a09-128-same	same	hit	200	1
a09-128-same	same	miss	404	569
a09-128-same	same	hit	200	2
a09-128-same	same	miss	404	539
a09-128-same	same	hit	200	1
a09-128-same	same	miss	404	368
a09-128-same	same	hit	200	2
a09-128-same	same	miss	404	358
a09-128-same	same	hit	200	1
a09-128-same	same	miss	404	472
a09-128-same	same	hit	200	2
a09-128-same	same	miss	404	544
a09-128-same	same	hit	200	1
a09-128-same	same	miss	404	593
a09-128-same	same	hit	200	5
a09-128-same	same	miss	404	684
a09-128-same	same	hit	200	2
a09-128-same	same	miss	404	412
a09-128-same	same	hit	200	1
a09-128-same	same	miss	404	686
a09-128-same	same	hit	200	1
a09-128-same	same	miss	404	546
a09-128-same	same	hit	200	3
a09-128-same	same	miss	404	529
a09-128-same	same	hit	200	3
a09-128-same	same	miss	404	339
a09-128-same	same	hit	200	2
a09-128-same	same	miss	404	477
a09-128-same	same	hit	200	2
a09-128-same	same	miss	404	574
a09-128-same	same	hit	200	1
a09-128-same	same	miss	404	449
a09-128-same	same	hit	200	1
a09-128-same	same	miss	404	426
a09-128-same	same	hit	200	7
a09-128-same	same	miss	404	596
a09-128-same	same	hit	200	2
a09-128-same	same	miss	404	375
a09-128-same	same	hit	200	1
a09-128-same	same	miss	404	445
a09-128-same	same	hit	200	3
a09-128-same	same	miss	404	597
a09-128-same	same	hit	200	5
a09-128-same	same	miss	404	420
a09-128-same	same	hit	200	1
a09-128-same	same	miss	404	534
a09-128-same	same	hit	200	15
a09-128-same	same	miss	404	407
a09-128-same	same	hit	200	2
a09-128-same	same	miss	404	577
a09-128-same	same	hit	200	1
a09-128-same	same	miss	404	466
a09-128-same	same	hit	200	1
a09-128-same	same	miss	404	384
a09-128-same	same	hit	200	1
a09-128-same	same	miss	404	446
a09-128-same	same	hit	200	3
a09-128-same	same	miss	404	563
a09-128-same	same	hit	200	1
a09-128-same	same	miss	404	536
a09-128-same	same	hit	200	2
a09-128-same	same	miss	404	490
a09-128-same	same	hit	200	1
a09-128-same	same	miss	404	494
a09-128-same	same	hit	200	1
a09-128-same	same	miss	404	511
a09-128-same	same	hit	200	2
a09-128-same	same	miss	404	632
a09-128-same	same	hit	200	1
a09-128-same	same	miss	404	477
a09-128-same	same	hit	200	1
a09-128-same	same	miss	404	518
a09-128-same	same	hit	200	1
a09-128-same	same	miss	404	409
a09-128-same	same	hit	200	1
a09-128-same	same	miss	404	504
a09-128-same	same	hit	200	1
a09-128-same	same	miss	404	608
a09-128-same	same	hit	200	3
a09-128-same	same	miss	404	555
a09-128-same	same	hit	200	1
a09-128-same	same	miss	404	190
a09-128-same	same	hit	200	2
a09-128-same	same	miss	404	555
a09-128-same	same	hit	200	2
a09-128-same	same	miss	404	480
a09-128-same	same	hit	200	1
a09-128-same	same	miss	404	588
a09-128-same	same	hit	200	2
a09-128-same	same	miss	404	415
a09-128-same	same	hit	200	1
a09-128-same	same	miss	404	432
a09-128-same	same	hit	200	1
a09-128-same	same	miss	404	535
a09-128-same	same	hit	200	4
a09-128-same	same	miss	404	517
a09-128-same	same	hit	200	2
a09-128-same	same	miss	404	689
a09-128-same	same	hit	200	3
a09-128-same	same	miss	404	682
a09-128-same	same	hit	200	2
a09-128-same	same	miss	404	423
a09-128-same	same	hit	200	1
a09-128-same	same	miss	404	489
a09-128-same	same	hit	200	2
a09-128-same	same	miss	404	436
a09-128-same	same	hit	200	1
a09-128-same	same	miss	404	455
a09-128-same	same	hit	200	1
a09-128-same	same	miss	404	143
a09-128-same	same	hit	200	1
a09-128-same	same	miss	404	535
a09-128-same	same	hit	200	2
a09-128-same	same	miss	404	397
a09-128-same	same	hit	200	3
a09-128-same	same	miss	404	368
a09-128-same	same	hit	200	1
a09-128-same	same	miss	404	441
a09-128-same	same	hit	200	2
a09-128-same	same	miss	404	493
a09-128-same	same	hit	200	1
a09-128-same	same	miss	404	541
a09-128-same	same	hit	200	1
a09-128-same	same	miss	404	357
a09-128-same	same	hit	200	1
a09-128-same	same	miss	404	206
a09-128-same	same	hit	200	2
a09-128-same	same	miss	404	529
a09-128-same	same	hit	200	2
a09-128-same	same	miss	404	457
a09-128-same	same	hit	200	2
a09-128-same	same	miss	404	443
a09-128-same	same	hit	200	4
a09-128-same	same	miss	404	416
a09-128-same	same	hit	200	2
a09-128-same	same	miss	404	784
a09-128-same	same	hit	200	1
a09-128-same	same	miss	404	511
a09-128-same	same	hit	200	2
a09-128-same	same	miss	404	535
a09-128-same	same	hit	200	2
a09-128-same	same	miss	404	427
a09-128-same	same	hit	200	1
a09-128-same	same	miss	404	447
a09-128-same	same	hit	200	1
a09-128-same	same	miss	404	429
a09-128-same	same	hit	200	1
a09-128-same	same	miss	404	369
a09-128-same	same	hit	200	1
a09-128-same	same	miss	404	544
a09-128-same	same	hit	200	1
a09-128-same	same	miss	404	484
a09-128-same	same	hit	200	1
a09-128-same	same	miss	404	408
a09-128-same	same	hit	200	1
a09-128-same	same	miss	404	647
a09-128-same	same	hit	200	1
a09-128-same	same	miss	404	480
a09-128-same	same	hit	200	1
a09-128-same	same	miss	404	480
a09-128-same	same	hit	200	1
a09-128-same	same	miss	404	451
a09-128-same	same	hit	200	6
a09-128-same	same	miss	404	1034
a09-128-same	same	hit	200	2
a09-128-same	same	miss	404	534
a09-128-same	same	hit	200	2
a09-128-same	same	miss	404	506
a09-128-same	same	hit	200	1
a09-128-same	same	miss	404	544
a09-128-same	same	hit	200	3
a09-128-same	same	miss	404	492
a09-128-same	same	hit	200	5
a09-128-same	same	miss	404	713
a09-128-same	same	hit	200	1
a09-128-same	same	miss	404	555
a09-128-same	same	hit	200	1
a09-128-same	same	miss	404	427
a09-128-same	same	hit	200	4
a09-128-same	same	miss	404	465
a09-128-same	same	hit	200	3
a09-128-same	same	miss	404	665
a09-128-same	same	hit	200	2
a09-128-same	same	miss	404	577
a09-128-same	same	hit	200	1
a09-128-same	same	miss	404	489
a09-128-same	same	hit	200	2
a09-128-same	same	miss	404	273
a09-128-same	same	hit	200	4
a09-128-same	same	miss	404	435
a09-128-same	same	hit	200	1
a09-128-same	same	miss	404	421
a09-128-same	same	hit	200	1
a09-128-same	same	miss	404	608
a09-128-same	same	hit	200	1
a09-128-same	same	miss	404	209
a09-128-same	same	hit	200	3
a09-128-same	same	miss	404	545
a09-128-same	same	hit	200	1
a09-128-same	same	miss	404	400
a09-128-same	same	hit	200	1
a09-128-same	same	miss	404	285
a09-128-same	same	hit	200	1
a09-128-same	same	miss	404	150
a09-128-same	same	hit	200	1
a09-128-same	same	miss	404	371
a09-128-same	same	hit	200	2
a09-128-same	same	miss	404	429
a09-128-same	same	hit	200	1
a09-128-same	same	miss	404	311
a09-128-same	same	hit	200	1
a09-128-same	same	miss	404	393
a09-128-same	same	hit	200	1
a09-128-same	same	miss	404	355
a09-128-same	same	hit	200	1
a09-128-same	same	miss	404	476
a09-128-same	same	hit	200	1
a09-128-same	same	miss	404	407
a09-128-same	same	hit	200	1
a09-128-same	same	miss	404	525
a09-128-same	same	hit	200	1
a09-128-same	same	miss	404	535
a09-128-same	same	hit	200	1
a09-128-same	same	miss	404	414
a09-128-same	same	hit	200	2
a09-128-same	same	miss	404	548
a09-128-same	same	hit	200	1
a09-128-same	same	miss	404	435
a09-128-same	same	hit	200	2
a09-128-same	same	miss	404	397
a09-128-same	same	hit	200	2
a09-128-same	same	miss	404	419
a09-128-same	same	hit	200	1
a09-128-same	same	miss	404	461
a09-128-same	same	hit	200	4
a09-128-same	same	miss	404	375
a09-128-same	same	hit	200	1
a09-128-same	same	miss	404	413
a09-128-same	same	hit	200	1
a09-128-same	same	miss	404	478
a09-128-same	same	hit	200	2
a09-128-same	same	miss	404	502
a09-128-same	same	hit	200	2
a09-128-same	same	miss	404	507
a09-128-same	same	hit	200	3
a09-128-same	same	miss	404	446
a09-128-same	same	hit	200	2
a09-128-same	same	miss	404	336
a09-128-same	same	hit	200	3
a09-128-same	same	miss	404	528
a09-128-same	same	hit	200	1
a09-128-same	same	miss	404	248
a09-128-same	same	hit	200	5
a09-128-same	same	miss	404	532
a09-128-same	same	hit	200	1
a09-128-same	same	miss	404	609
a09-128-same	same	hit	200	1
a09-128-same	same	miss	404	423
a09-128-same	same	hit	200	2
a09-128-same	same	miss	404	611
a09-128-same	same	hit	200	1
a09-128-same	same	miss	404	653
a09-128-same	same	hit	200	1
a09-128-same	same	miss	404	566
a09-128-same	same	hit	200	1
a09-128-same	same	miss	404	533
a09-128-same	same	hit	200	2
a09-128-same	same	miss	404	271
a09-128-same	same	hit	200	1
a09-128-same	same	miss	404	490
a09-128-same	same	hit	200	1
a09-128-same	same	miss	404	556
a09-128-same	same	hit	200	2
a09-128-same	same	miss	404	529
a09-128-same	same	hit	200	2
a09-128-same	same	miss	404	563
a09-128-same	same	hit	200	1
a09-128-same	same	miss	404	400
a09-128-same	same	hit	200	1
a09-128-same	same	miss	404	539
a09-128-same	same	hit	200	2
a09-128-same	same	miss	404	423
a09-128-same	same	hit	200	1
a09-128-same	same	miss	404	521
a09-128-same	same	hit	200	2
a09-128-same	same	miss	404	440
a09-128-same	same	hit	200	3
a09-128-same	same	miss	404	499
a09-128-same	same	hit	200	5
a09-128-same	same	miss	404	211
a09-128-same	same	hit	200	1
a09-128-same	same	miss	404	509
a09-128-same	same	hit	200	2
a09-128-same	same	miss	404	371
a09-128-same	same	hit	200	1
a09-128-same	same	miss	404	522
a09-128-same	same	hit	200	1
a09-128-same	same	miss	404	497
a09-128-same	same	hit	200	1
a09-128-same	same	miss	404	457
a09-128-same	same	hit	200	1
a09-128-same	same	miss	404	183
a09-128-same	same	hit	200	1
a09-128-same	same	miss	404	432
a09-128-same	same	hit	200	2
a09-128-same	same	miss	404	515
a09-128-same	same	hit	200	1
a09-128-same	same	miss	404	404
a09-128-same	same	hit	200	1
a09-128-same	same	miss	404	457
a09-128-same	same	hit	200	1
a09-128-same	same	miss	404	512
a09-128-same	same	hit	200	2
a09-128-same	same	miss	404	404
a09-128-same	same	hit	200	1
a09-128-same	same	miss	404	418
a09-128-same	same	hit	200	1
a09-128-same	same	miss	404	470
a09-128-same	same	hit	200	2
a09-128-same	same	miss	404	432
a09-128-same	same	hit	200	1
a09-128-same	same	miss	404	436
a09-128-same	same	hit	200	1
a09-128-same	same	miss	404	407
a09-128-same	same	hit	200	1
a09-128-same	same	miss	404	530
a09-128-same	same	hit	200	1
a09-128-same	same	miss	404	529
a09-128-same	same	hit	200	1
a09-128-same	same	miss	404	539
a09-128-same	same	hit	200	1
a09-128-same	same	miss	404	534
a09-128-same	same	hit	200	9
a09-128-same	same	miss	404	377
a09-128-same	same	hit	200	2
a09-128-same	same	miss	404	431
a09-128-same	same	hit	200	1
a09-128-same	same	miss	404	586
a09-128-same	same	hit	200	2
a09-128-same	same	miss	404	460
a09-128-same	same	hit	200	3
a09-128-same	same	miss	404	641
a09-128-same	same	hit	200	2
a09-128-same	same	miss	404	550
a09-128-same	same	hit	200	3
a09-128-same	same	miss	404	430
a09-128-same	same	hit	200	1
a09-128-same	same	miss	404	396
a09-128-same	same	hit	200	2
a09-128-same	same	miss	404	471
a09-128-same	same	hit	200	2
a09-128-same	same	miss	404	569
a09-128-same	same	hit	200	1
a09-128-same	same	miss	404	444
a09-128-same	same	hit	200	1
a09-128-same	same	miss	404	577
a09-128-same	same	hit	200	2
a09-128-same	same	miss	404	884
a09-128-same	same	hit	200	2
a09-128-same	same	miss	404	599
a09-128-same	same	hit	200	1
a09-128-same	same	miss	404	385
a09-128-same	same	hit	200	1
a09-128-same	same	miss	404	489
a09-128-same	same	hit	200	2
a09-128-same	same	miss	404	399
a09-128-same	same	hit	200	3
a09-128-same	same	miss	404	413
a09-128-same	same	hit	200	4
a09-128-same	same	miss	404	495
a09-128-same	same	hit	200	1
a09-128-same	same	miss	404	312
a09-128-same	same	hit	200	1
a09-128-same	same	miss	404	494
a09-128-same	same	hit	200	1
a09-128-same	same	miss	404	405
a09-128-same	same	hit	200	1
a09-128-same	same	miss	404	532
a09-128-same	same	hit	200	2
a09-128-same	same	miss	404	517
a09-128-same	same	hit	200	1
a09-128-same	same	miss	404	458
a09-128-same	same	hit	200	3
a09-128-same	same	miss	404	382
a09-128-same	same	hit	200	2
a09-128-same	same	miss	404	455
a09-128-same	same	hit	200	1
a09-128-same	same	miss	404	466
a09-128-same	same	hit	200	1
a09-128-same	same	miss	404	483
a09-128-same	same	hit	200	1
a09-128-same	same	miss	404	402
a09-128-same	same	hit	200	2
a09-128-same	same	miss	404	503
a09-128-same	same	hit	200	1
a09-128-same	same	miss	404	433
a09-128-same	same	hit	200	1
a09-128-same	same	miss	404	468
a09-128-same	same	hit	200	2
a09-128-same	same	miss	404	549
a09-128-same	same	hit	200	1
a09-128-same	same	miss	404	366
a09-128-same	same	hit	200	1
a09-128-same	same	miss	404	500
a09-128-same	same	hit	200	1
a09-128-same	same	miss	404	437
a09-128-same	same	hit	200	1
a09-128-same	same	miss	404	591
a09-128-same	same	hit	200	1
a09-128-same	same	miss	404	394
a09-128-same	same	hit	200	3
a09-128-same	same	miss	404	211
a09-128-same	same	hit	200	3
a09-128-same	same	miss	404	564
a09-128-same	same	hit	200	2
a09-128-same	same	miss	404	572
a09-128-same	same	hit	200	1
a09-128-same	same	miss	404	489
a09-128-same	same	hit	200	2
a09-128-same	same	miss	404	515
a09-128-same	same	hit	200	4
a09-128-same	same	miss	404	242
a09-128-same	same	hit	200	1
a09-128-same	same	miss	404	844
a09-128-same	same	hit	200	2
a09-128-same	same	miss	404	542
a09-128-same	same	hit	200	2
a09-128-same	same	miss	404	360
a09-128-same	same	hit	200	2
a09-128-same	same	miss	404	502
a09-128-same	same	hit	200	2
a09-128-same	same	miss	404	407
a09-128-same	same	hit	200	3
a09-128-same	same	miss	404	570
a09-128-same	same	hit	200	2
a09-128-same	same	miss	404	617
a09-128-same	same	hit	200	2
a09-128-same	same	miss	404	411
a09-128-same	same	hit	200	5
a09-128-same	same	miss	404	237
a09-128-same	same	hit	200	2
a09-128-same	same	miss	404	273
a09-128-same	same	hit	200	2
a09-128-same	same	miss	404	453
a09-128-same	same	hit	200	2
a09-128-same	same	miss	404	520
a09-128-same	same	hit	200	5
a09-128-same	same	miss	404	475
a09-128-same	same	hit	200	1
a09-128-same	same	miss	404	351
a09-128-same	same	hit	200	1
a09-128-same	same	miss	404	123
a09-128-same	same	hit	200	1
a09-128-same	same	miss	404	468
a09-128-same	same	hit	200	2
a09-128-same	same	miss	404	595
a09-128-same	same	hit	200	1
a09-128-same	same	miss	404	425
a09-128-same	same	hit	200	1
a09-128-same	same	miss	404	453
a09-128-same	same	hit	200	2
a09-128-same	same	miss	404	386
a09-128-same	same	hit	200	1
a09-128-same	same	miss	404	408
a09-128-same	same	hit	200	1
a09-128-same	same	miss	404	381
a09-128-same	same	hit	200	2
a09-128-same	same	miss	404	479
a09-128-same	same	hit	200	1
a09-128-same	same	miss	404	387
a09-128-same	same	hit	200	2
a09-128-same	same	miss	404	411
a09-128-same	same	hit	200	2
a09-128-same	same	miss	404	441
a09-128-same	same	hit	200	1
a09-128-same	same	miss	404	452
a09-128-same	same	hit	200	1
a09-128-same	same	miss	404	463
a09-128-same	same	hit	200	1
a09-128-same	same	miss	404	485
a09-128-same	same	hit	200	1
a09-128-same	same	miss	404	470
a09-128-same	same	hit	200	1
a09-128-same	same	miss	404	530
a09-128-same	same	hit	200	1
a09-128-same	same	miss	404	442
a09-128-same	same	hit	200	1
a09-128-same	same	miss	404	203
a09-128-same	same	hit	200	1
a09-128-same	same	miss	404	369
a09-128-same	same	hit	200	1
a09-128-same	same	miss	404	182
a09-128-same	same	hit	200	1
a09-128-same	same	miss	404	340
a09-128-same	same	hit	200	1
a09-128-same	same	miss	404	378
a09-128-same	same	hit	200	1
a09-128-same	same	miss	404	405
a09-128-same	same	hit	200	4
a09-128-same	same	miss	404	395
a09-128-same	same	hit	200	1
a09-128-same	same	miss	404	328
a09-128-same	same	hit	200	2
a09-128-same	same	miss	404	633
a09-128-same	same	hit	200	1
a09-128-same	same	miss	404	546
a09-128-same	same	hit	200	1
a09-128-same	same	miss	404	735
a09-128-same	same	hit	200	2
a09-128-same	same	miss	404	547
a09-128-same	same	hit	200	2
a09-128-same	same	miss	404	541
a09-128-same	same	hit	200	1
a09-128-same	same	miss	404	555
a09-128-same	same	hit	200	2
a09-128-same	same	miss	404	419
a09-128-same	same	hit	200	1
a09-128-same	same	miss	404	569
a09-128-same	same	hit	200	2
a09-128-same	same	miss	404	570
a09-128-same	same	hit	200	3
a09-128-same	same	miss	404	408
a09-128-same	same	hit	200	1
a09-128-same	same	miss	404	483
a09-128-same	same	hit	200	1
a09-128-same	same	miss	404	501
a09-128-same	same	hit	200	5
a09-128-same	same	miss	404	487
a09-128-same	same	hit	200	2
a09-128-same	same	miss	404	194
a09-128-same	same	hit	200	1
a09-128-same	same	miss	404	576
a09-128-same	same	hit	200	1
a09-128-same	same	miss	404	498
a09-128-same	same	hit	200	1
a09-128-same	same	miss	404	181
a09-128-same	same	hit	200	5
a09-128-same	same	miss	404	471
a09-128-same	same	hit	200	1
a09-128-same	same	miss	404	468
a09-128-same	same	hit	200	2
a09-128-same	same	miss	404	558
a09-128-same	same	hit	200	2
a09-128-same	same	miss	404	457
a09-128-same	same	hit	200	1
a09-128-same	same	miss	404	346
a09-128-same	same	hit	200	1
a09-128-same	same	miss	404	351
a09-128-same	same	hit	200	2
a09-128-same	same	miss	404	437
a09-128-same	same	hit	200	1
a09-128-same	same	miss	404	502
a09-128-same	same	hit	200	1
a09-128-same	same	miss	404	479
a09-128-same	same	hit	200	1
a09-128-same	same	miss	404	533
a09-128-same	same	hit	200	1
a09-128-same	same	miss	404	450
a09-128-same	same	hit	200	2
a09-128-same	same	miss	404	420
a09-128-same	same	hit	200	5
a09-128-same	same	miss	404	476
a09-128-same	same	hit	200	3
a09-128-same	same	miss	404	436
a09-128-same	same	hit	200	1
a09-128-same	same	miss	404	729
a09-128-same	same	hit	200	1
a09-128-same	same	miss	404	514
a09-128-same	same	hit	200	5
a09-128-same	same	miss	404	378
a09-128-same	same	hit	200	1
a09-128-same	same	miss	404	941
a09-128-same	same	hit	200	4
a09-128-same	same	miss	404	527
a09-128-same	same	hit	200	8
a09-128-same	same	miss	404	457
a09-128-same	same	hit	200	10
a09-128-same	same	miss	404	416
a09-128-same	same	hit	200	2
a09-128-same	same	miss	404	481
a09-128-same	same	hit	200	2
a09-128-same	same	miss	404	598
a09-128-same	same	hit	200	4
a09-128-same	same	miss	404	236
a09-128-same	same	hit	200	1
a09-128-same	same	miss	404	483
a09-128-same	same	hit	200	1
a09-128-same	same	miss	404	673
a09-128-same	same	hit	200	1
a09-128-same	same	miss	404	421
a09-128-same	same	hit	200	1
a09-128-same	same	miss	404	474
a09-128-same	same	hit	200	3
a09-128-same	same	miss	404	690
a09-128-same	same	hit	200	1
a09-128-same	same	miss	404	410
a09-128-same	same	hit	200	1
a09-128-same	same	miss	404	537
a09-128-same	same	hit	200	2
a09-128-same	same	miss	404	470
a09-128-same	same	hit	200	1
a09-128-same	same	miss	404	411
a09-128-same	same	hit	200	1
a09-128-same	same	miss	404	399
a09-128-same	same	hit	200	2
a09-128-same	same	miss	404	436
a09-128-same	same	hit	200	7
a09-128-same	same	miss	404	584
a09-128-same	same	hit	200	1
a09-128-same	same	miss	404	479
a09-128-same	same	hit	200	2
a09-128-same	same	miss	404	517
a09-128-same	same	hit	200	1
a09-128-same	same	miss	404	481
a09-128-same	same	hit	200	2
a09-128-same	same	miss	404	477
a09-128-same	same	hit	200	1
a09-128-same	same	miss	404	306
a09-128-same	same	hit	200	1
a09-128-same	same	miss	404	351
a09-128-same	same	hit	200	1
a09-128-same	same	miss	404	353
a09-128-same	same	hit	200	1
a09-128-same	same	miss	404	484
a09-128-same	same	hit	200	2
a09-128-same	same	miss	404	457
a09-128-same	same	hit	200	1
a09-128-same	same	miss	404	379
a09-128-same	same	hit	200	1
a09-128-same	same	miss	404	451
a09-128-same	same	hit	200	1
a09-128-same	same	miss	404	352
a09-128-same	same	hit	200	5
a09-128-same	same	miss	404	426
a09-128-same	same	hit	200	2
a09-128-same	same	miss	404	501
a09-128-same	same	hit	200	1
a09-128-same	same	miss	404	451
a09-128-same	same	hit	200	1
a09-128-same	same	miss	404	412
a09-128-same	same	hit	200	4
a09-128-same	same	miss	404	367
a09-128-same	same	hit	200	3
a09-128-same	same	miss	404	352
a09-128-same	same	hit	200	1
a09-128-same	same	miss	404	550
a09-128-same	same	hit	200	1
a09-128-same	same	miss	404	450
a09-128-same	same	hit	200	2
a09-128-same	same	miss	404	580
a09-128-same	same	hit	200	1
a09-128-same	same	miss	404	310
a09-128-same	same	hit	200	3
a09-128-same	same	miss	404	565
a09-128-same	same	hit	200	1
a09-128-same	same	miss	404	633
a09-128-same	same	hit	200	1
a09-128-same	same	miss	404	537
a09-128-same	same	hit	200	1
a09-128-same	same	miss	404	531
a09-128-same	same	hit	200	3
a09-128-same	same	miss	404	856
a09-128-same	same	hit	200	1
a09-128-same	same	miss	404	647
a09-128-same	same	hit	200	1
a09-128-same	same	miss	404	524
a09-128-same	same	hit	200	2
a09-128-same	same	miss	404	1272
a09-128-same	same	hit	200	1
a09-128-same	same	miss	404	454
a09-128-same	same	hit	200	2
a09-128-same	same	miss	404	475
a09-128-same	same	hit	200	4
a09-128-same	same	miss	404	441
a09-128-same	same	hit	200	2
a09-128-same	same	miss	404	566
a09-128-same	same	hit	200	1
a09-128-same	same	miss	404	396
a09-128-same	same	hit	200	1
a09-128-same	same	miss	404	413
a09-128-same	same	hit	200	1
a09-128-same	same	miss	404	393
a09-128-same	same	hit	200	1
a09-128-same	same	miss	404	395
a09-128-same	same	hit	200	1
a09-128-same	same	miss	404	448
a09-128-same	same	hit	200	4
a09-128-same	same	miss	404	359
a09-128-same	same	hit	200	1
a09-128-same	same	miss	404	566
a09-128-same	same	hit	200	1
a09-128-same	same	miss	404	398
a09-128-same	same	hit	200	1
a09-128-same	same	miss	404	342
a09-128-same	same	hit	200	2
a09-128-same	same	miss	404	462
a09-128-same	same	hit	200	1
a09-128-same	same	miss	404	589
a09-128-same	same	hit	200	10
a09-128-same	same	miss	404	468
a09-128-same	same	hit	200	2
a09-128-same	same	miss	404	477
a09-128-same	same	hit	200	2
a09-128-same	same	miss	404	212
a09-128-same	same	hit	200	1
a09-128-same	same	miss	404	465
a09-128-same	same	hit	200	4
a09-128-same	same	miss	404	479
a09-128-same	same	hit	200	2
a09-128-same	same	miss	404	610
a09-128-same	same	hit	200	1
a09-128-same	same	miss	404	469
a09-128-same	same	hit	200	1
a09-128-same	same	miss	404	534
a09-128-same	same	hit	200	1
a09-128-same	same	miss	404	475
a09-128-same	same	hit	200	5
a09-128-same	same	miss	404	409
a09-128-same	same	hit	200	2
a09-128-same	same	miss	404	230
a09-128-same	same	hit	200	2
a09-128-same	same	miss	404	170
a09-128-same	same	hit	200	1
a09-128-same	same	miss	404	382
a09-128-same	same	hit	200	1
a09-128-same	same	miss	404	505
a09-128-same	same	hit	200	1
a09-128-same	same	miss	404	456
a09-128-same	same	hit	200	1
a09-128-same	same	miss	404	398
a09-128-same	same	hit	200	1
a09-128-same	same	miss	404	449
a09-128-same	same	hit	200	1
a09-128-same	same	miss	404	743
a09-128-same	same	hit	200	1
a09-128-same	same	miss	404	734
a09-128-same	same	hit	200	1
a09-128-same	same	miss	404	541
a09-128-same	same	hit	200	2
a09-128-same	same	miss	404	385
a09-128-same	same	hit	200	1
a09-128-same	same	miss	404	505
a09-128-same	same	hit	200	2
a09-128-same	same	miss	404	558
a09-128-same	same	hit	200	1
a09-128-same	same	miss	404	487
a09-128-same	same	hit	200	2
a09-128-same	same	miss	404	462
a09-128-same	same	hit	200	1
a09-128-same	same	miss	404	435
a09-128-same	same	hit	200	1
a09-128-same	same	miss	404	519
a09-128-same	same	hit	200	1
a09-128-same	same	miss	404	242
a09-128-same	same	hit	200	1
a09-128-same	same	miss	404	168
a09-128-same	same	hit	200	1
a09-128-same	same	miss	404	668
a09-128-same	same	hit	200	3
a09-128-same	same	miss	404	431
a09-128-same	same	hit	200	2
a09-128-same	same	miss	404	493
a09-128-same	same	hit	200	1
a09-128-same	same	miss	404	462
a09-128-same	same	hit	200	1
a09-128-same	same	miss	404	458
a09-128-same	same	hit	200	8
a09-128-same	same	miss	404	468
a09-128-same	same	hit	200	3
a09-128-same	same	miss	404	472
a09-128-same	same	hit	200	3
a09-128-same	same	miss	404	472
a09-128-same	same	hit	200	5
a09-128-same	same	miss	404	479
a09-128-same	same	hit	200	1
a09-128-same	same	miss	404	519
a09-128-same	same	hit	200	4
a09-128-same	same	miss	404	405
a09-128-same	same	hit	200	1
a09-128-same	same	miss	404	683
a09-128-same	same	hit	200	3
a09-128-same	same	miss	404	437
a09-128-same	same	hit	200	2
a09-128-same	same	miss	404	480
a09-128-same	same	hit	200	1
a09-128-same	same	miss	404	395
a09-128-same	same	hit	200	1
a09-128-same	same	miss	404	399
a09-128-same	same	hit	200	2
a09-128-same	same	miss	404	363
a09-128-same	same	hit	200	1
a09-128-same	same	miss	404	521
a09-128-same	same	hit	200	1
a09-128-same	same	miss	404	481
a09-128-same	same	hit	200	1
a09-128-same	same	miss	404	609
a09-128-same	same	hit	200	2
a09-128-same	same	miss	404	502
a09-128-same	same	hit	200	1
a09-128-same	same	miss	404	398
a09-128-same	same	hit	200	1
a09-128-same	same	miss	404	398
a09-128-same	same	hit	200	1
a09-128-same	same	miss	404	481
a09-128-same	same	hit	200	3
a09-128-same	same	miss	404	658
a09-128-same	same	hit	200	2
a09-128-same	same	miss	404	387
a09-128-same	same	hit	200	2
a09-128-same	same	miss	404	361
a09-128-same	same	hit	200	1
a09-128-same	same	miss	404	441
a09-128-same	same	hit	200	1
a09-128-same	same	miss	404	473
a09-128-same	same	hit	200	2
a09-128-same	same	miss	404	549
a09-128-same	same	hit	200	8
a09-128-same	same	miss	404	528
a09-128-same	same	hit	200	3
a09-128-same	same	miss	404	661
a09-128-same	same	hit	200	2
a09-128-same	same	miss	404	519
a09-128-same	same	hit	200	3
a09-128-same	same	miss	404	1103
a09-128-same	same	hit	200	1
a09-128-same	same	miss	404	558
a09-128-same	same	hit	200	1
a09-128-same	same	miss	404	546
a09-128-same	same	hit	200	2
a09-128-same	same	miss	404	610
a09-128-same	same	hit	200	4
a09-128-same	same	miss	404	510
a09-128-same	same	hit	200	1
a09-128-same	same	miss	404	454
a09-128-same	same	hit	200	1
a09-128-same	same	miss	404	436
a09-128-same	same	hit	200	1
a09-128-same	same	miss	404	396
a09-128-same	same	hit	200	1
a09-128-same	same	miss	404	422
a09-128-same	same	hit	200	1
a09-128-same	same	miss	404	386
a09-128-same	same	hit	200	1
a09-128-same	same	miss	404	402
a09-128-same	same	hit	200	1
a09-128-same	same	miss	404	516
a09-128-same	same	hit	200	3
a09-128-same	same	miss	404	167
a09-128-same	same	hit	200	1
a09-128-same	same	miss	404	462
a09-128-same	same	hit	200	3
a09-128-same	same	miss	404	316
a09-128-same	same	hit	200	1
a09-128-same	same	miss	404	501
a09-128-same	same	hit	200	1
a09-128-same	same	miss	404	366
a09-128-same	same	hit	200	2
a09-128-same	same	miss	404	421
a09-128-same	same	hit	200	3
a09-128-same	same	miss	404	536
a09-128-same	same	hit	200	2
a09-128-same	same	miss	404	692
a09-128-same	same	hit	200	1
a09-128-same	same	miss	404	549
a09-128-same	same	hit	200	1
a09-128-same	same	miss	404	418
a09-128-same	same	hit	200	1
a09-128-same	same	miss	404	527
a09-128-same	same	hit	200	1
a09-128-same	same	miss	404	408
a09-128-same	same	hit	200	2
a09-128-same	same	miss	404	510
a09-128-same	same	hit	200	1
a09-128-same	same	miss	404	444
a09-128-same	same	hit	200	5
a09-128-same	same	miss	404	422
a09-128-same	same	hit	200	1
a09-128-same	same	miss	404	458
a09-128-same	same	hit	200	1
a09-128-same	same	miss	404	468
a09-128-same	same	hit	200	1
a09-128-same	same	miss	404	384
a09-128-same	same	hit	200	1
a09-128-same	same	miss	404	468
a09-128-same	same	hit	200	6
a09-128-same	same	miss	404	510
a09-128-same	same	hit	200	1
a09-128-same	same	miss	404	898
a09-128-same	same	hit	200	1
a09-128-same	same	miss	404	506
a09-128-same	same	hit	200	1
a09-128-same	same	miss	404	476
a09-128-same	same	hit	200	2
a09-128-same	same	miss	404	545
a09-128-same	same	hit	200	2
a09-128-same	same	miss	404	1025
a09-128-same	same	hit	200	2
a09-128-same	same	miss	404	502
a09-128-same	same	hit	200	2
a09-128-same	same	miss	404	417
a09-128-same	same	hit	200	1
a09-128-same	same	miss	404	507
a09-128-same	same	hit	200	2
a09-128-same	same	miss	404	958
a09-128-same	same	hit	200	1
a09-128-same	same	miss	404	426
a09-128-same	same	hit	200	2
a09-128-same	same	miss	404	194
a09-128-same	same	hit	200	4
a09-128-same	same	miss	404	614
a09-128-same	same	hit	200	1
a09-128-same	same	miss	404	507
a09-128-same	same	hit	200	1
a09-128-same	same	miss	404	440
a09-128-same	same	hit	200	2
a09-128-same	same	miss	404	617
a09-128-same	same	hit	200	1
a09-128-same	same	miss	404	490
a09-128-same	same	hit	200	2
a09-128-same	same	miss	404	442
a09-128-same	same	hit	200	2
a09-128-same	same	miss	404	352
a09-128-same	same	hit	200	1
a09-128-same	same	miss	404	457
a09-128-same	same	hit	200	1
a09-128-same	same	miss	404	547
a09-128-same	same	hit	200	9
a09-128-same	same	miss	404	384
a09-128-same	same	hit	200	2
a09-128-same	same	miss	404	185
a09-128-same	same	hit	200	1
a09-128-same	same	miss	404	452
a09-128-same	same	hit	200	3
a09-128-same	same	miss	404	514
a09-128-same	same	hit	200	1
a09-128-same	same	miss	404	416
a09-128-same	same	hit	200	1
a09-128-same	same	miss	404	403
a09-128-same	same	hit	200	1
a09-128-same	same	miss	404	436
a09-128-same	same	hit	200	1
a09-128-same	same	miss	404	386
a09-128-same	same	hit	200	1
a09-128-same	same	miss	404	426
a09-128-same	same	hit	200	2
a09-128-same	same	miss	404	492
a09-128-same	same	hit	200	1
a09-128-same	same	miss	404	429
a09-128-same	same	hit	200	1
a09-128-same	same	miss	404	623
a09-128-same	same	hit	200	1
a09-128-same	same	miss	404	562
a09-128-same	same	hit	200	1
a09-128-same	same	miss	404	466
a09-128-same	same	hit	200	2
a09-128-same	same	miss	404	409
a09-128-same	same	hit	200	1
a09-128-same	same	miss	404	447
a09-128-same	same	hit	200	1
a09-128-same	same	miss	404	433
a09-128-same	same	hit	200	2
a09-128-same	same	miss	404	474
a09-128-same	same	hit	200	1
a09-128-same	same	miss	404	502
a09-128-same	same	hit	200	1
a09-128-same	same	miss	404	469
a09-128-same	same	hit	200	1
a09-128-same	same	miss	404	171
a09-128-same	same	hit	200	1
a09-128-same	same	miss	404	503
a09-128-same	same	hit	200	2
a09-128-same	same	miss	404	521
a09-128-same	same	hit	200	2
a09-128-same	same	miss	404	645
a09-128-same	same	hit	200	1
a09-128-same	same	miss	404	556
a09-128-same	same	hit	200	1
a09-128-same	same	miss	404	560
a09-128-same	same	hit	200	4
a09-128-same	same	miss	404	677
a09-128-same	same	hit	200	3
a09-128-same	same	miss	404	664
a09-128-same	same	hit	200	1
a09-128-same	same	miss	404	548
a09-128-same	same	hit	200	1
a09-128-same	same	miss	404	527
a09-128-same	same	hit	200	1
a09-128-same	same	miss	404	666
a09-128-same	same	hit	200	1
a09-128-same	same	miss	404	396
a09-128-same	same	hit	200	4
a09-128-same	same	miss	404	554
a09-128-same	same	hit	200	2
a09-128-same	same	miss	404	225
a09-128-same	same	hit	200	2
a09-128-same	same	miss	404	439
a09-128-same	same	hit	200	2
a09-128-same	same	miss	404	510
a09-128-same	same	hit	200	2
a09-128-same	same	miss	404	580
a09-128-same	same	hit	200	5
a09-128-same	same	miss	404	472
a09-128-same	same	hit	200	3
a09-128-same	same	miss	404	468
a09-128-same	same	hit	200	1
a09-128-same	same	miss	404	377
a09-128-same	same	hit	200	7
a09-128-same	same	miss	404	438
a09-128-same	same	hit	200	2
a09-128-same	same	miss	404	490
a09-128-same	same	hit	200	2
a09-128-same	same	miss	404	208
a09-128-same	same	hit	200	2
a09-128-same	same	miss	404	401
a09-128-same	same	hit	200	1
a09-128-same	same	miss	404	445
a09-128-same	same	hit	200	1
a09-128-same	same	miss	404	613
a09-128-same	same	hit	200	1
a09-128-same	same	miss	404	559
a09-128-same	same	hit	200	2
a09-128-same	same	miss	404	455
a09-128-same	same	hit	200	2
a09-128-same	same	miss	404	546
a09-128-same	same	hit	200	1
a09-128-same	same	miss	404	446
a09-128-same	same	hit	200	1
a09-128-same	same	miss	404	479
a09-128-same	same	hit	200	1
a09-128-same	same	miss	404	473
a09-128-same	same	hit	200	1
a09-128-same	same	miss	404	484
a09-128-same	same	hit	200	1
a09-128-same	same	miss	404	474
a09-128-same	same	hit	200	1
a09-128-same	same	miss	404	410
a09-128-same	same	hit	200	1
a09-128-same	same	miss	404	472
a09-128-same	same	hit	200	1
a09-128-same	same	miss	404	522
a09-128-same	same	hit	200	6
a09-128-same	same	miss	404	491
a09-128-same	same	hit	200	2
a09-128-same	same	miss	404	367
a09-128-same	same	hit	200	1
a09-128-same	same	miss	404	683
a09-128-same	same	hit	200	1
a09-128-same	same	miss	404	446
a09-128-same	same	hit	200	1
a09-128-same	same	miss	404	599
a09-128-same	same	hit	200	1
a09-128-same	same	miss	404	433
a09-128-same	same	hit	200	1
a09-128-same	same	miss	404	212
a09-128-same	same	hit	200	1
a09-128-same	same	miss	404	777
a09-128-same	same	hit	200	2
a09-128-same	same	miss	404	462
a09-128-same	same	hit	200	3
a09-128-same	same	miss	404	623
a09-128-same	same	hit	200	1
a09-128-same	same	miss	404	471
a09-128-same	same	hit	200	6
a09-128-same	same	miss	404	497
a09-128-same	same	hit	200	4
a09-128-same	same	miss	404	398
a09-128-same	same	hit	200	2
a09-128-same	same	miss	404	907
a09-128-same	same	hit	200	1
a09-128-same	same	miss	404	476
a09-128-same	same	hit	200	3
a09-128-same	same	miss	404	621
a09-128-same	same	hit	200	6
a09-128-same	same	miss	404	711
a09-128-same	same	hit	200	1
a09-128-same	same	miss	404	215
a09-128-same	same	hit	200	1
a09-128-same	same	miss	404	427
a09-128-same	same	hit	200	1
a09-128-same	same	miss	404	433
a09-128-same	same	hit	200	2
a09-128-same	same	miss	404	366
a09-128-same	same	hit	200	8
a09-128-same	same	miss	404	396
a09-128-same	same	hit	200	1
a09-128-same	same	miss	404	409
a09-128-same	same	hit	200	5
a09-128-same	same	miss	404	521
a09-128-same	same	hit	200	2
a09-128-same	same	miss	404	359
a09-128-same	same	hit	200	2
a09-128-same	same	miss	404	402
a09-128-same	same	hit	200	1
a09-128-same	same	miss	404	417
a09-128-same	same	hit	200	1
a09-128-same	same	miss	404	427
a09-128-same	same	hit	200	1
a09-128-same	same	miss	404	248
a09-128-same	same	hit	200	2
a09-128-same	same	miss	404	219
a09-128-same	same	hit	200	1
a09-128-same	same	miss	404	171
a09-128-same	same	hit	200	2
a09-128-same	same	miss	404	485
a09-128-same	same	hit	200	1
a09-128-same	same	miss	404	465
a09-128-same	same	hit	200	2
a09-128-same	same	miss	404	401
a09-128-same	same	hit	200	1
a09-128-same	same	miss	404	452
a09-128-same	same	hit	200	2
a09-128-same	same	miss	404	528
a09-128-same	same	hit	200	2
a09-128-same	same	miss	404	423
a09-128-same	same	hit	200	1
a09-128-same	same	miss	404	511
a09-128-same	same	hit	200	4
a09-128-same	same	miss	404	466
a09-128-same	same	hit	200	1
a09-128-same	same	miss	404	455
a09-128-same	same	hit	200	1
a09-128-same	same	miss	404	157
a09-128-same	same	hit	200	1
a09-128-same	same	miss	404	476
a09-128-same	same	hit	200	1
a09-128-same	same	miss	404	353
a09-128-same	same	hit	200	2
a09-128-same	same	miss	404	479
a09-128-same	same	hit	200	2
a09-128-same	same	miss	404	516
a09-128-same	same	hit	200	2
a09-128-same	same	miss	404	496
a09-128-same	same	hit	200	1
a09-128-same	same	miss	404	416
a09-128-same	same	hit	200	1
a09-128-same	same	miss	404	236
a09-128-same	same	hit	200	11
a09-128-same	same	miss	404	625
a09-128-same	same	hit	200	4
a09-128-same	same	miss	404	423
a09-128-same	same	hit	200	3
a09-128-same	same	miss	404	515
a09-128-same	same	hit	200	2
a09-128-same	same	miss	404	475
a09-128-same	same	hit	200	1
a09-128-same	same	miss	404	561
a09-128-same	same	hit	200	2
a09-128-same	same	miss	404	514
a09-128-same	same	hit	200	3
a09-128-same	same	miss	404	233
a09-128-same	same	hit	200	2
a09-128-same	same	miss	404	475
a09-128-same	same	hit	200	2
a09-128-same	same	miss	404	478
a09-128-same	same	hit	200	2
a09-128-same	same	miss	404	585
a09-128-same	same	hit	200	1
a09-128-same	same	miss	404	421
a09-128-same	same	hit	200	2
a09-128-same	same	miss	404	477
a09-128-same	same	hit	200	1
a09-128-same	same	miss	404	552
a09-128-same	same	hit	200	4
a09-128-same	same	miss	404	516
a09-128-same	same	hit	200	1
a09-128-same	same	miss	404	529
a09-128-same	same	hit	200	5
a09-128-same	same	miss	404	193
a09-128-same	same	hit	200	1
a09-128-same	same	miss	404	421
a09-128-same	same	hit	200	1
a09-128-same	same	miss	404	397
a09-128-same	same	hit	200	2
a09-128-same	same	miss	404	531
a09-128-same	same	hit	200	1
a09-128-same	same	miss	404	409
a09-128-same	same	hit	200	2
a09-128-same	same	miss	404	437
a09-128-same	same	hit	200	2
a09-128-same	same	miss	404	480
a09-128-same	same	hit	200	2
a09-128-same	same	miss	404	341
a09-128-same	same	hit	200	1
a09-128-same	same	miss	404	448
a09-128-same	same	hit	200	1
a09-128-same	same	miss	404	521
a09-128-same	same	hit	200	1
a09-128-same	same	miss	404	459
a09-128-same	same	hit	200	1
a09-128-same	same	miss	404	494
a09-128-same	same	hit	200	1
a09-128-same	same	miss	404	350
a09-128-same	same	hit	200	3
a09-128-same	same	miss	404	344
a09-128-same	same	hit	200	1
a09-128-same	same	miss	404	421
a09-128-same	same	hit	200	1
a09-128-same	same	miss	404	851
a09-128-same	same	hit	200	1
a09-128-same	same	miss	404	331
a09-128-same	same	hit	200	5
a09-128-same	same	miss	404	437
a09-128-same	same	hit	200	1
a09-128-same	same	miss	404	450
a09-128-same	same	hit	200	1
a09-128-same	same	miss	404	470
a09-128-same	same	hit	200	2
a09-128-same	same	miss	404	406
a09-128-same	same	hit	200	3
a09-128-same	same	miss	404	540
a09-128-same	same	hit	200	1
a09-128-same	same	miss	404	490
a09-128-same	same	hit	200	19
a09-128-same	same	miss	404	321
a09-128-same	same	hit	200	1
a09-128-same	same	miss	404	492
a09-128-same	same	hit	200	1
a09-128-same	same	miss	404	657
a09-128-same	same	hit	200	1
a09-128-same	same	miss	404	660
a09-128-same	same	hit	200	1
a09-128-same	same	miss	404	519
a09-128-same	same	hit	200	2
a09-128-same	same	miss	404	534
a09-128-same	same	hit	200	1
a09-128-same	same	miss	404	559
a09-128-same	same	hit	200	1
a09-128-same	same	miss	404	463
a09-128-same	same	hit	200	4
a09-128-same	same	miss	404	1296
a09-128-same	same	hit	200	4
a09-128-same	same	miss	404	539
a09-128-same	same	hit	200	7
a09-128-same	same	miss	404	544
a09-128-same	same	hit	200	2
a09-128-same	same	miss	404	373
a09-128-same	same	hit	200	6
a09-128-same	same	miss	404	481
a09-128-same	same	hit	200	1
a09-128-same	same	miss	404	495
a09-128-same	same	hit	200	2
a09-128-same	same	miss	404	163
a09-128-same	same	hit	200	1
a09-128-same	same	miss	404	418
a09-128-same	same	hit	200	1
a09-128-same	same	miss	404	420
a09-128-same	same	hit	200	1
a09-128-same	same	miss	404	445
a09-128-same	same	hit	200	2
a09-128-same	same	miss	404	425
a09-128-same	same	hit	200	1
a09-128-same	same	miss	404	403
a09-128-same	same	hit	200	1
a09-128-same	same	miss	404	445
a09-128-same	same	hit	200	1
a09-128-same	same	miss	404	152
a09-128-same	same	hit	200	2
a09-128-same	same	miss	404	585
a09-128-same	same	hit	200	1
a09-128-same	same	miss	404	534
a09-128-same	same	hit	200	2
a09-128-same	same	miss	404	382
a09-128-same	same	hit	200	1
a09-128-same	same	miss	404	429
a09-128-same	same	hit	200	2
a09-128-same	same	miss	404	440
a09-128-same	same	hit	200	1
a09-128-same	same	miss	404	221
a09-128-same	same	hit	200	1
a09-128-same	same	miss	404	508
a09-128-same	same	hit	200	1
a09-128-same	same	miss	404	334
a09-128-same	same	hit	200	1
a09-128-same	same	miss	404	489
a09-128-same	same	hit	200	1
a09-128-same	same	miss	404	565
a09-128-same	same	hit	200	1
a09-128-same	same	miss	404	783
a09-128-same	same	hit	200	1
a09-128-same	same	miss	404	516
a09-128-same	same	hit	200	2
a09-128-same	same	miss	404	428
a09-128-same	same	hit	200	2
a09-128-same	same	miss	404	421
a09-128-same	same	hit	200	1
a09-128-same	same	miss	404	432
a09-128-same	same	hit	200	1
a09-128-same	same	miss	404	511
a09-128-same	same	hit	200	1
a09-128-same	same	miss	404	508
a09-128-same	same	hit	200	3
a09-128-same	same	miss	404	482
a09-128-same	same	hit	200	2
a09-128-same	same	miss	404	565
a09-128-same	same	hit	200	2
a09-128-same	same	miss	404	463
a09-128-same	same	hit	200	2
a09-128-same	same	miss	404	738
a09-128-same	same	hit	200	1
a09-128-same	same	miss	404	609
a09-128-same	same	hit	200	1
a09-128-same	same	miss	404	614
a09-128-same	same	hit	200	3
a09-128-same	same	miss	404	443
a09-128-same	same	hit	200	8
a09-128-same	same	miss	404	467
a09-128-same	same	hit	200	1
a09-128-same	same	miss	404	575
a09-128-same	same	hit	200	5
a09-128-same	same	miss	404	1108
a09-128-same	same	hit	200	4
a09-128-same	same	miss	404	516
a09-128-same	same	hit	200	2
a09-128-same	same	miss	404	365
a09-128-same	same	hit	200	2
a09-128-same	same	miss	404	550
a09-128-same	same	hit	200	2
a09-128-same	same	miss	404	453
a09-128-same	same	hit	200	2
a09-128-same	same	miss	404	468
a09-128-same	same	hit	200	1
a09-128-same	same	miss	404	363
a09-128-same	same	hit	200	3
a09-128-same	same	miss	404	442
a09-128-same	same	hit	200	1
a09-128-same	same	miss	404	443
a09-128-same	same	hit	200	2
a09-128-same	same	miss	404	468
a09-128-same	same	hit	200	16
a09-128-same	same	miss	404	554
a09-128-same	same	hit	200	6
a09-128-same	same	miss	404	474
a09-128-same	same	hit	200	1
a09-128-same	same	miss	404	479
a09-128-same	same	hit	200	1
a09-128-same	same	miss	404	450
a09-128-same	same	hit	200	1
a09-128-same	same	miss	404	455
a09-128-same	same	hit	200	4
a09-128-same	same	miss	404	423
a09-128-same	same	hit	200	1
a09-128-same	same	miss	404	445
a09-128-same	same	hit	200	1
a09-128-same	same	miss	404	436
a09-128-same	same	hit	200	1
a09-128-same	same	miss	404	509
a09-128-same	same	hit	200	1
a09-128-same	same	miss	404	443
a09-128-same	same	hit	200	1
a09-128-same	same	miss	404	424
a09-128-same	same	hit	200	1
a09-128-same	same	miss	404	419
a09-128-same	same	hit	200	1
a09-128-same	same	miss	404	480
a09-128-same	same	hit	200	2
a09-128-same	same	miss	404	484
a09-128-same	same	hit	200	1
a09-128-same	same	miss	404	436
a09-128-same	same	hit	200	1
a09-128-same	same	miss	404	485
a09-128-same	same	hit	200	1
a09-128-same	same	miss	404	427
a09-128-same	same	hit	200	1
a09-128-same	same	miss	404	537
a09-128-same	same	hit	200	2
a09-128-same	same	miss	404	439
a09-128-same	same	hit	200	1
a09-128-same	same	miss	404	341
a09-128-same	same	hit	200	1
a09-128-same	same	miss	404	417
a09-128-same	same	hit	200	3
a09-128-same	same	miss	404	414
a09-128-same	same	hit	200	1
a09-128-same	same	miss	404	670
a09-128-same	same	hit	200	2
a09-128-same	same	miss	404	540
a09-128-same	same	hit	200	1
a09-128-same	same	miss	404	760
a09-128-same	same	hit	200	1
a09-128-same	same	miss	404	540
a09-128-same	same	hit	200	2
a09-128-same	same	miss	404	583
a09-128-same	same	hit	200	2
a09-128-same	same	miss	404	446
a09-128-same	same	hit	200	1
a09-128-same	same	miss	404	422
a09-128-same	same	hit	200	1
a09-128-same	same	miss	404	446
a09-128-same	same	hit	200	1
a09-128-same	same	miss	404	431
a09-128-same	same	hit	200	5
a09-128-same	same	miss	404	548
a09-128-same	same	hit	200	2
a09-128-same	same	miss	404	583
a09-128-same	same	hit	200	2
a09-128-same	same	miss	404	536
a09-128-same	same	hit	200	2
a09-128-same	same	miss	404	407
a09-128-same	same	hit	200	2
a09-128-same	same	miss	404	504
a09-128-same	same	hit	200	2
a09-128-same	same	miss	404	368
a09-128-same	same	hit	200	2
a09-128-same	same	miss	404	405
a09-128-same	same	hit	200	1
a09-128-same	same	miss	404	361
a09-128-same	same	hit	200	2
a09-128-same	same	miss	404	406
a09-128-same	same	hit	200	2
a09-128-same	same	miss	404	540
a09-128-same	same	hit	200	1
a09-128-same	same	miss	404	352
a09-128-same	same	hit	200	1
a09-128-same	same	miss	404	491
a09-128-same	same	hit	200	2
a09-128-same	same	miss	404	471
a09-128-same	same	hit	200	2
a09-128-same	same	miss	404	462
a09-128-same	same	hit	200	1
a09-128-same	same	miss	404	452
a09-128-same	same	hit	200	1
a09-128-same	same	miss	404	367
a09-128-same	same	hit	200	2
a09-128-same	same	miss	404	430
a09-128-same	same	hit	200	1
a09-128-same	same	miss	404	387
a09-128-same	same	hit	200	1
a09-128-same	same	miss	404	173
a09-128-same	same	hit	200	2
a09-128-same	same	miss	404	383
a09-128-same	same	hit	200	1
a09-128-same	same	miss	404	439
a09-128-same	same	hit	200	3
a09-128-same	same	miss	404	534
a09-128-same	same	hit	200	1
a09-128-same	same	miss	404	516
a09-128-same	same	hit	200	2
a09-128-same	same	miss	404	396
a09-128-same	same	hit	200	1
a09-128-same	same	miss	404	189
a09-128-same	same	hit	200	1
a09-128-same	same	miss	404	424
a09-128-same	same	hit	200	1
a09-128-same	same	miss	404	230
a09-128-same	same	hit	200	3
a09-128-same	same	miss	404	362
a09-128-same	same	hit	200	1
a09-128-same	same	miss	404	424
a09-128-same	same	hit	200	2
a09-128-same	same	miss	404	440
a09-128-same	same	hit	200	2
a09-128-same	same	miss	404	357
a09-128-same	same	hit	200	2
a09-128-same	same	miss	404	401
a09-128-same	same	hit	200	2
a09-128-same	same	miss	404	575
a09-128-same	same	hit	200	3
a09-128-same	same	miss	404	549
a09-128-same	same	hit	200	2
a09-128-same	same	miss	404	446
a09-128-same	same	hit	200	1
a09-128-same	same	miss	404	647
a09-128-same	same	hit	200	1
a09-128-same	same	miss	404	164
a09-128-same	same	hit	200	4
a09-128-same	same	miss	404	493
a09-128-same	same	hit	200	4
a09-128-same	same	miss	404	625
a09-128-same	same	hit	200	2
a09-128-same	same	miss	404	518
a09-128-same	same	hit	200	1
a09-128-same	same	miss	404	590
a09-128-same	same	hit	200	3
a09-128-same	same	miss	404	539
a09-128-same	same	hit	200	2
a09-128-same	same	miss	404	518
a09-128-same	same	hit	200	4
a09-128-same	same	miss	404	435
a09-128-same	same	hit	200	2
a09-128-same	same	miss	404	598
a09-128-same	same	hit	200	1
a09-128-same	same	miss	404	529
a09-128-same	same	hit	200	1
a09-128-same	same	miss	404	508
a09-128-same	same	hit	200	2
a09-128-same	same	miss	404	434
a09-128-same	same	hit	200	1
a09-128-same	same	miss	404	513
a09-128-same	same	hit	200	8
a09-128-same	same	miss	404	400
a09-128-same	same	hit	200	2
a09-128-same	same	miss	404	390
a09-128-same	same	hit	200	3
a09-128-same	same	miss	404	412
a09-128-same	same	hit	200	1
a09-128-same	same	miss	404	383
a09-128-same	same	hit	200	1
a09-128-same	same	miss	404	396
a09-128-same	same	hit	200	2
a09-128-same	same	miss	404	507
a09-128-same	same	hit	200	1
a09-128-same	same	miss	404	476
a09-128-same	same	hit	200	1
a09-128-same	same	miss	404	514
a09-128-same	same	hit	200	2
a09-128-same	same	miss	404	406
a09-128-same	same	hit	200	1
a09-128-same	same	miss	404	333
a09-128-same	same	hit	200	2
a09-128-same	same	miss	404	489
a09-128-same	same	hit	200	3
a09-128-same	same	miss	404	557
a09-128-same	same	hit	200	1
a09-128-same	same	miss	404	526
a09-128-same	same	hit	200	2
a09-128-same	same	miss	404	485
a09-128-same	same	hit	200	2
a09-128-same	same	miss	404	396
a09-128-same	same	hit	200	1
a09-128-same	same	miss	404	511
a09-128-same	same	hit	200	1
a09-128-same	same	miss	404	469
a09-128-same	same	hit	200	1
a09-128-same	same	miss	404	507
a09-128-same	same	hit	200	3
a09-128-same	same	miss	404	429
a09-128-same	same	hit	200	1
a09-128-same	same	miss	404	373
a09-128-same	same	hit	200	1
a09-128-same	same	miss	404	482
a09-128-same	same	hit	200	4
a09-128-same	same	miss	404	685
a09-128-same	same	hit	200	4
a09-128-same	same	miss	404	239
a09-128-same	same	hit	200	1
a09-128-same	same	miss	404	554
a09-128-same	same	hit	200	2
a09-128-same	same	miss	404	668
a09-128-same	same	hit	200	1
a09-128-same	same	miss	404	478
a09-128-same	same	hit	200	1
a09-128-same	same	miss	404	802
a09-128-same	same	hit	200	2
a09-128-same	same	miss	404	700
a09-128-same	same	hit	200	5
a09-128-same	same	miss	404	625
a09-128-same	same	hit	200	2
a09-128-same	same	miss	404	593
a09-128-same	same	hit	200	1
a09-128-same	same	miss	404	527
a09-128-same	same	hit	200	4
a09-128-same	same	miss	404	579
a09-128-same	same	hit	200	1
a09-128-same	same	miss	404	340
a09-128-same	same	hit	200	2
a09-128-same	same	miss	404	381
a09-128-same	same	hit	200	1
a09-128-same	same	miss	404	484
a09-128-same	same	hit	200	2
a09-128-same	same	miss	404	421
a09-128-same	same	hit	200	18
a09-128-same	same	miss	404	457
a09-128-same	same	hit	200	1
a09-128-same	same	miss	404	402
a09-128-same	same	hit	200	1
a09-128-same	same	miss	404	466
a09-128-same	same	hit	200	3
a09-128-same	same	miss	404	424
a09-128-same	same	hit	200	2
a09-128-same	same	miss	404	433
a09-128-same	same	hit	200	1
a09-128-same	same	miss	404	377
a09-128-same	same	hit	200	1
a09-128-same	same	miss	404	381
a09-128-same	same	hit	200	1
a09-128-same	same	miss	404	395
a09-128-same	same	hit	200	4
a09-128-same	same	miss	404	451
a09-128-same	same	hit	200	4
a09-128-same	same	miss	404	571
a09-128-same	same	hit	200	1
a09-128-same	same	miss	404	510
a09-128-same	same	hit	200	1
a09-128-same	same	miss	404	477
a09-128-same	same	hit	200	1
a09-128-same	same	miss	404	424
a09-128-same	same	hit	200	2
a09-128-same	same	miss	404	474
a09-128-same	same	hit	200	1
a09-128-same	same	miss	404	417
a09-128-same	same	hit	200	2
a09-128-same	same	miss	404	531
a09-128-same	same	hit	200	1
a09-128-same	same	miss	404	541
a09-128-same	same	hit	200	2
a09-128-same	same	miss	404	382
a09-128-same	same	hit	200	1
a09-128-same	same	miss	404	436
a09-128-same	same	hit	200	3
a09-128-same	same	miss	404	342
a09-128-same	same	hit	200	1
a09-128-same	same	miss	404	468
a09-128-same	same	hit	200	1
a09-128-same	same	miss	404	342
a09-128-same	same	hit	200	1
a09-128-same	same	miss	404	150
a09-128-same	same	hit	200	1
a09-128-same	same	miss	404	489
a09-128-same	same	hit	200	1
a09-128-same	same	miss	404	713
a09-128-same	same	hit	200	2
a09-128-same	same	miss	404	618
a09-128-same	same	hit	200	2
a09-128-same	same	miss	404	684
a09-128-same	same	hit	200	1
a09-128-same	same	miss	404	445
a09-128-same	same	hit	200	2
a09-128-same	same	miss	404	609
a09-128-same	same	hit	200	1
a09-128-same	same	miss	404	362
a09-128-same	same	hit	200	2
a09-128-same	same	miss	404	667
a09-128-same	same	hit	200	11
a09-128-same	same	miss	404	515
a09-128-same	same	hit	200	2
a09-128-same	same	miss	404	496
a09-128-same	same	hit	200	1
a09-128-same	same	miss	404	553
a09-128-same	same	hit	200	6
a09-128-same	same	miss	404	499
a09-128-same	same	hit	200	1
a09-128-same	same	miss	404	525
a09-128-same	same	hit	200	1
a09-128-same	same	miss	404	536
a09-128-same	same	hit	200	2
a09-128-same	same	miss	404	683
a09-128-same	same	hit	200	1
a09-128-same	same	miss	404	711
a09-128-same	same	hit	200	2
a09-128-same	same	miss	404	524
a09-128-same	same	hit	200	2
a09-128-same	same	miss	404	444
a09-128-same	same	hit	200	8
a09-128-same	same	miss	404	339
a09-128-same	same	hit	200	1
a09-128-same	same	miss	404	456
a09-128-same	same	hit	200	1
a09-128-same	same	miss	404	384
a09-128-same	same	hit	200	4
a09-128-same	same	miss	404	456
a09-128-same	same	hit	200	1
a09-128-same	same	miss	404	404
a09-128-same	same	hit	200	2
a09-128-same	same	miss	404	699
a09-128-same	same	hit	200	4
a09-128-same	same	miss	404	418
a09-128-same	same	hit	200	1
a09-128-same	same	miss	404	481
a09-128-same	same	hit	200	1
a09-128-same	same	miss	404	556
a09-128-same	same	hit	200	1
a09-128-same	same	miss	404	500
a09-128-same	same	hit	200	3
a09-128-same	same	miss	404	375
a09-128-same	same	hit	200	1
a09-128-same	same	miss	404	353
a09-128-same	same	hit	200	1
a09-128-same	same	miss	404	368
a09-128-same	same	hit	200	3
a09-128-same	same	miss	404	400
a09-128-same	same	hit	200	1
a09-128-same	same	miss	404	537
a09-128-same	same	hit	200	2
a09-128-same	same	miss	404	186
a09-128-same	same	hit	200	1
a09-128-same	same	miss	404	346
a09-128-same	same	hit	200	1
a09-128-same	same	miss	404	432
a09-128-same	same	hit	200	2
a09-128-same	same	miss	404	437
a09-128-same	same	hit	200	2
a09-128-same	same	miss	404	574
a09-128-same	same	hit	200	1
a09-128-same	same	miss	404	446
a09-128-same	same	hit	200	7
a09-128-same	same	miss	404	355
a09-128-same	same	hit	200	2
a09-128-same	same	miss	404	672
a09-128-same	same	hit	200	1
a09-128-same	same	miss	404	568
a09-128-same	same	hit	200	2
a09-128-same	same	miss	404	485
a09-128-same	same	hit	200	2
a09-128-same	same	miss	404	498
a09-128-same	same	hit	200	2
a09-128-same	same	miss	404	812
a09-128-same	same	hit	200	1
a09-128-same	same	miss	404	519
a09-128-same	same	hit	200	3
a09-128-same	same	miss	404	494
a09-128-same	same	hit	200	1
a09-128-same	same	miss	404	696
a09-128-same	same	hit	200	2
a09-128-same	same	miss	404	598
a09-128-same	same	hit	200	5
a09-128-same	same	miss	404	502
a09-128-same	same	hit	200	1
a09-128-same	same	miss	404	701
a09-128-same	same	hit	200	1
a09-128-same	same	miss	404	460
a09-128-same	same	hit	200	2
a09-128-same	same	miss	404	507
a09-128-same	same	hit	200	12
a09-128-same	same	miss	404	497
a09-128-same	same	hit	200	1
a09-128-same	same	miss	404	593
a09-128-same	same	hit	200	1
a09-128-same	same	miss	404	565
a09-128-same	same	hit	200	1
a09-128-same	same	miss	404	391
a09-128-same	same	hit	200	2
a09-128-same	same	miss	404	391
a09-128-same	same	hit	200	2
a09-128-same	same	miss	404	392
a09-128-same	same	hit	200	1
a09-128-same	same	miss	404	281
a09-128-same	same	hit	200	2
a09-128-same	same	miss	404	531
a09-128-same	same	hit	200	12
a09-128-same	same	miss	404	470
a09-128-same	same	hit	200	1
a09-128-same	same	miss	404	159
a09-128-same	same	hit	200	1
a09-128-same	same	miss	404	555
a09-128-same	same	hit	200	1
a09-128-same	same	miss	404	531
a09-128-same	same	hit	200	2
a09-128-same	same	miss	404	471
a09-128-same	same	hit	200	1
a09-128-same	same	miss	404	426
a09-128-same	same	hit	200	2
a09-128-same	same	miss	404	440
a09-128-same	same	hit	200	2
a09-128-same	same	miss	404	467
a09-128-same	same	hit	200	2
a09-128-same	same	miss	404	342
a09-128-same	same	hit	200	2
a09-128-same	same	miss	404	295
a09-128-same	same	hit	200	1
a09-128-same	same	miss	404	436
a09-128-same	same	hit	200	1
a09-128-same	same	miss	404	434
a09-128-same	same	hit	200	1
a09-128-same	same	miss	404	330
a09-128-same	same	hit	200	1
a09-128-same	same	miss	404	449
a09-128-same	same	hit	200	1
a09-128-same	same	miss	404	321
a09-128-same	same	hit	200	1
a09-128-same	same	miss	404	394
a09-128-same	same	hit	200	1
a09-128-same	same	miss	404	720
a09-128-same	same	hit	200	2
a09-128-same	same	miss	404	396
a09-128-same	same	hit	200	1
a09-128-same	same	miss	404	451
a09-128-same	same	hit	200	1
a09-128-same	same	miss	404	563
a09-128-same	same	hit	200	1
a09-128-same	same	miss	404	474
a09-128-same	same	hit	200	3
a09-128-same	same	miss	404	456
a09-128-same	same	hit	200	5
a09-128-same	same	miss	404	382
a09-128-same	same	hit	200	2
a09-128-same	same	miss	404	392
a09-128-same	same	hit	200	1
a09-128-same	same	miss	404	587
a09-128-same	same	hit	200	1
a09-128-same	same	miss	404	591
a09-128-same	same	hit	200	1
a09-128-same	same	miss	404	627
a09-128-same	same	hit	200	7
a09-128-same	same	miss	404	611
a09-128-same	same	hit	200	1
a09-128-same	same	miss	404	538
a09-128-same	same	hit	200	5
a09-128-same	same	miss	404	531
a09-128-same	same	hit	200	2
a09-128-same	same	miss	404	552
a09-128-same	same	hit	200	1
a09-128-same	same	miss	404	417
a09-128-same	same	hit	200	1
a09-128-same	same	miss	404	487
a09-128-same	same	hit	200	2
a09-128-same	same	miss	404	555
a09-128-same	same	hit	200	2
a09-128-same	same	miss	404	392
a09-128-same	same	hit	200	1
a09-128-same	same	miss	404	449
a09-128-same	same	hit	200	1
a09-128-same	same	miss	404	556
a09-128-same	same	hit	200	2
a09-128-same	same	miss	404	407
a09-128-same	same	hit	200	1
a09-128-same	same	miss	404	366
a09-128-same	same	hit	200	4
a09-128-same	same	miss	404	465
a09-128-same	same	hit	200	18
a09-128-same	same	miss	404	523
a09-128-same	same	hit	200	3
a09-128-same	same	miss	404	338
a09-128-same	same	hit	200	4
a09-128-same	same	miss	404	395
a09-128-same	same	hit	200	4
a09-128-same	same	miss	404	462
a09-128-same	same	hit	200	1
a09-128-same	same	miss	404	469
a09-128-same	same	hit	200	2
a09-128-same	same	miss	404	533
a09-128-same	same	hit	200	2
a09-128-same	same	miss	404	494
a09-128-same	same	hit	200	1
a09-128-same	same	miss	404	413
a09-128-same	same	hit	200	2
a09-128-same	same	miss	404	467
a09-128-same	same	hit	200	3
a09-128-same	same	miss	404	443
a09-128-same	same	hit	200	1
a09-128-same	same	miss	404	482
a09-128-same	same	hit	200	1
a09-128-same	same	miss	404	394
a09-128-same	same	hit	200	1
a09-128-same	same	miss	404	495
a09-128-same	same	hit	200	1
a09-128-same	same	miss	404	415
a09-128-same	same	hit	200	1
a09-128-same	same	miss	404	481
a09-128-same	same	hit	200	1
a09-128-same	same	miss	404	416
a09-128-same	same	hit	200	1
a09-128-same	same	miss	404	567
a09-128-same	same	hit	200	1
a09-128-same	same	miss	404	425
a09-128-same	same	hit	200	1
a09-128-same	same	miss	404	217
a09-128-same	same	hit	200	1
a09-128-same	same	miss	404	547
a09-128-same	same	hit	200	2
a09-128-same	same	miss	404	475
a09-128-same	same	hit	200	1
a09-128-same	same	miss	404	878
a09-128-same	same	hit	200	2
a09-128-same	same	miss	404	238
a09-128-same	same	hit	200	1
a09-128-same	same	miss	404	774
a09-128-same	same	hit	200	5
a09-128-same	same	miss	404	768
a09-128-same	same	hit	200	2
a09-128-same	same	miss	404	547
a09-128-same	same	hit	200	2
a09-128-same	same	miss	404	567
a09-128-same	same	hit	200	1
a09-128-same	same	miss	404	513
a09-128-same	same	hit	200	2
a09-128-same	same	miss	404	594
a09-128-same	same	hit	200	3
a09-128-same	same	miss	404	420
a09-128-same	same	hit	200	3
a09-128-same	same	miss	404	612
a09-128-same	same	hit	200	18
a09-128-same	same	miss	404	524
a09-128-same	same	hit	200	3
a09-128-same	same	miss	404	530
a09-128-same	same	hit	200	3
a09-128-same	same	miss	404	593
a09-128-same	same	hit	200	1
a09-128-same	same	miss	404	460
a09-128-same	same	hit	200	1
a09-128-same	same	miss	404	467
a09-128-same	same	hit	200	5
a09-128-same	same	miss	404	367
a09-128-same	same	hit	200	1
a09-128-same	same	miss	404	490
a09-128-same	same	hit	200	1
a09-128-same	same	miss	404	475
a09-128-same	same	hit	200	5
a09-128-same	same	miss	404	569
a09-128-same	same	hit	200	1
a09-128-same	same	miss	404	434
a09-128-same	same	hit	200	1
a09-128-same	same	miss	404	484
a09-128-same	same	hit	200	1
a09-128-same	same	miss	404	471
a09-128-same	same	hit	200	5
a09-128-same	same	miss	404	505
a09-128-same	same	hit	200	1
a09-128-same	same	miss	404	465
a09-128-same	same	hit	200	1
a09-128-same	same	miss	404	432
a09-128-same	same	hit	200	2
a09-128-same	same	miss	404	472
a09-128-same	same	hit	200	1
a09-128-same	same	miss	404	398
a09-128-same	same	hit	200	2
a09-128-same	same	miss	404	392
a09-128-same	same	hit	200	2
a09-128-same	same	miss	404	495
a09-128-same	same	hit	200	1
a09-128-same	same	miss	404	420
a09-128-same	same	hit	200	1
a09-128-same	same	miss	404	552
a09-128-same	same	hit	200	3
a09-128-same	same	miss	404	592
a09-128-same	same	hit	200	1
a09-128-same	same	miss	404	364
a09-128-same	same	hit	200	1
a09-128-same	same	miss	404	496
a09-128-same	same	hit	200	1
a09-128-same	same	miss	404	454
a09-128-same	same	hit	200	2
a09-128-same	same	miss	404	520
a09-128-same	same	hit	200	1
a09-128-same	same	miss	404	441
a09-128-same	same	hit	200	1
a09-128-same	same	miss	404	399
a09-128-same	same	hit	200	1
a09-128-same	same	miss	404	389
a09-128-same	same	hit	200	1
a09-128-same	same	miss	404	458
a09-128-same	same	hit	200	1
a09-128-same	same	miss	404	499
a09-128-same	same	hit	200	3
a09-128-same	same	miss	404	555
a09-128-same	same	hit	200	1
a09-128-same	same	miss	404	539
a09-128-same	same	hit	200	2
a09-128-same	same	miss	404	498
a09-128-same	same	hit	200	1
a09-128-same	same	miss	404	575
a09-128-same	same	hit	200	1
a09-128-same	same	miss	404	268
a09-128-same	same	hit	200	1
a09-128-same	same	miss	404	466
a09-128-same	same	hit	200	1
a09-128-same	same	miss	404	434
a09-128-same	same	hit	200	1
a09-128-same	same	miss	404	555
a09-128-same	same	hit	200	2
a09-128-same	same	miss	404	513
a09-128-same	same	hit	200	2
a09-128-same	same	miss	404	356
a09-128-same	same	hit	200	1
a09-128-same	same	miss	404	658
a09-128-same	same	hit	200	2
a09-128-same	same	miss	404	452
a09-128-same	same	hit	200	1
a09-128-same	same	miss	404	494
a09-128-same	same	hit	200	1
a09-128-same	same	miss	404	548
a09-128-same	same	hit	200	1
a09-128-same	same	miss	404	478
a09-128-same	same	hit	200	2
a09-128-same	same	miss	404	530
a09-128-same	same	hit	200	1
a09-128-same	same	miss	404	448
a09-128-same	same	hit	200	4
a09-128-same	same	miss	404	515
a09-128-same	same	hit	200	3
a09-128-same	same	miss	404	507
a09-128-same	same	hit	200	4
a09-128-same	same	miss	404	494
a09-128-same	same	hit	200	1
a09-128-same	same	miss	404	437
a09-128-same	same	hit	200	2
a09-128-same	same	miss	404	463
a09-128-same	same	hit	200	1
a09-128-same	same	miss	404	488
a09-128-same	same	hit	200	1
a09-128-same	same	miss	404	604
a09-128-same	same	hit	200	1
a09-128-same	same	miss	404	507
a09-128-same	same	hit	200	1
a09-128-same	same	miss	404	482
a09-128-same	same	hit	200	9
a09-128-same	same	miss	404	519
a09-128-same	same	hit	200	1
a09-128-same	same	miss	404	395
a09-128-same	same	hit	200	4
a09-128-same	same	miss	404	529
a09-128-same	same	hit	200	1
a09-128-same	same	miss	404	536
a09-128-same	same	hit	200	1
a09-128-same	same	miss	404	489
a09-128-same	same	hit	200	4
a09-128-same	same	miss	404	457
a09-128-same	same	hit	200	1
a09-128-same	same	miss	404	492
a09-128-same	same	hit	200	6
a09-128-same	same	miss	404	339
a09-128-same	same	hit	200	1
a09-128-same	same	miss	404	360
a09-128-same	same	hit	200	1
a09-128-same	same	miss	404	407
a09-128-same	same	hit	200	1
a09-128-same	same	miss	404	706
a09-128-same	same	hit	200	3
a09-128-same	same	miss	404	470
a09-128-same	same	hit	200	1
a09-128-same	same	miss	404	713
a09-128-same	same	hit	200	1
a09-128-same	same	miss	404	468
a09-128-same	same	hit	200	1
a09-128-same	same	miss	404	561
a09-128-same	same	hit	200	1
a09-128-same	same	miss	404	719
a09-128-same	same	hit	200	1
a09-128-same	same	miss	404	228
a09-128-same	same	hit	200	2
a09-128-same	same	miss	404	468
a09-128-same	same	hit	200	2
a09-128-same	same	miss	404	474
a09-128-same	same	hit	200	1
a09-128-same	same	miss	404	177
a09-128-same	same	hit	200	1
a09-128-same	same	miss	404	265
a09-128-same	same	hit	200	3
a09-128-same	same	miss	404	534
a09-128-same	same	hit	200	6
a09-128-same	same	miss	404	410
a09-128-same	same	hit	200	1
a09-128-same	same	miss	404	481
a09-128-same	same	hit	200	2
a09-128-same	same	miss	404	489
a09-128-same	same	hit	200	12
a09-128-same	same	miss	404	465
a09-128-same	same	hit	200	4
a09-128-same	same	miss	404	449
a09-128-same	same	hit	200	4
a09-128-same	same	miss	404	638
a09-128-same	same	hit	200	1
a09-128-same	same	miss	404	213
a09-128-same	same	hit	200	2
a09-128-same	same	miss	404	582
a09-128-same	same	hit	200	1
a09-128-same	same	miss	404	476
a09-128-same	same	hit	200	9
a09-128-same	same	miss	404	527
a09-128-same	same	hit	200	1
a09-128-same	same	miss	404	474
a09-128-same	same	hit	200	3
a09-128-same	same	miss	404	457
a09-128-same	same	hit	200	2
a09-128-same	same	miss	404	729
a09-128-same	same	hit	200	2
a09-128-same	same	miss	404	317
a09-128-same	same	hit	200	1
a09-128-same	same	miss	404	432
a09-128-same	same	hit	200	4
a09-128-same	same	miss	404	437
a09-128-same	same	hit	200	3
a09-128-same	same	miss	404	485
a09-128-same	same	hit	200	3
a09-128-same	same	miss	404	186
a09-128-same	same	hit	200	1
a09-128-same	same	miss	404	418
a09-128-same	same	hit	200	1
a09-128-same	same	miss	404	439
a09-128-same	same	hit	200	2
a09-128-same	same	miss	404	439
a09-128-same	same	hit	200	3
a09-128-same	same	miss	404	477
a09-128-same	same	hit	200	1
a09-128-same	same	miss	404	217
a09-128-same	same	hit	200	3
a09-128-same	same	miss	404	424
a09-128-same	same	hit	200	1
a09-128-same	same	miss	404	446
a09-128-same	same	hit	200	1
a09-128-same	same	miss	404	353
a09-128-same	same	hit	200	1
a09-128-same	same	miss	404	357
a09-128-same	same	hit	200	1
a09-128-same	same	miss	404	474
a09-128-same	same	hit	200	1
a09-128-same	same	miss	404	459
a09-128-same	same	hit	200	1
a09-128-same	same	miss	404	487
a09-128-same	same	hit	200	2
a09-128-same	same	miss	404	554
a09-128-same	same	hit	200	1
a09-128-same	same	miss	404	482
a09-128-same	same	hit	200	1
a09-128-same	same	miss	404	204
a09-128-same	same	hit	200	5
a09-128-same	same	miss	404	407
a09-128-same	same	hit	200	2
a09-128-same	same	miss	404	499
a09-128-same	same	hit	200	1
a09-128-same	same	miss	404	655
a09-128-same	same	hit	200	2
a09-128-same	same	miss	404	800
a09-128-same	same	hit	200	4
a09-128-same	same	miss	404	688
a09-128-same	same	hit	200	2
a09-128-same	same	miss	404	636
a09-128-same	same	hit	200	2
a09-128-same	same	miss	404	489
a09-128-same	same	hit	200	1
a09-128-same	same	miss	404	451
a09-128-same	same	hit	200	2
a09-128-same	same	miss	404	445
a09-128-same	same	hit	200	16
a09-128-same	same	miss	404	239
a09-128-same	same	hit	200	2
a09-128-same	same	miss	404	580
a09-128-same	same	hit	200	2
a09-128-same	same	miss	404	419
a09-128-same	same	hit	200	1
a09-128-same	same	miss	404	194
a09-128-same	same	hit	200	1
a09-128-same	same	miss	404	586
a09-128-same	same	hit	200	2
a09-128-same	same	miss	404	515
a09-128-same	same	hit	200	1
a09-128-same	same	miss	404	557
a09-128-same	same	hit	200	2
a09-128-same	same	miss	404	442
a09-128-same	same	hit	200	1
a09-128-same	same	miss	404	579
a09-128-same	same	hit	200	1
a09-128-same	same	miss	404	445
a09-128-same	same	hit	200	1
a09-128-same	same	miss	404	367
a09-128-same	same	hit	200	1
a09-128-same	same	miss	404	475
a09-128-same	same	hit	200	2
a09-128-same	same	miss	404	436
a09-128-same	same	hit	200	2
a09-128-same	same	miss	404	530
a09-128-same	same	hit	200	2
a09-128-same	same	miss	404	379
a09-128-same	same	hit	200	1
a09-128-same	same	miss	404	465
a09-128-same	same	hit	200	2
a09-128-same	same	miss	404	445
a09-128-same	same	hit	200	1
a09-128-same	same	miss	404	362
a09-128-same	same	hit	200	1
a09-128-same	same	miss	404	538
a09-128-same	same	hit	200	1
a09-128-same	same	miss	404	483
a09-128-same	same	hit	200	1
a09-128-same	same	miss	404	229
a09-128-same	same	hit	200	2
a09-128-same	same	miss	404	451
a09-128-same	same	hit	200	2
a09-128-same	same	miss	404	519
a09-128-same	same	hit	200	1
a09-128-same	same	miss	404	470
a09-128-same	same	hit	200	1
a09-128-same	same	miss	404	400
a09-128-same	same	hit	200	1
a09-128-same	same	miss	404	370
a09-128-same	same	hit	200	2
a09-128-same	same	miss	404	440
a09-128-same	same	hit	200	4
a09-128-same	same	miss	404	417
a09-128-same	same	hit	200	1
a09-128-same	same	miss	404	412
a09-128-same	same	hit	200	1
a09-128-same	same	miss	404	162
a09-128-same	same	hit	200	1
a09-128-same	same	miss	404	582
a09-128-same	same	hit	200	2
a09-128-same	same	miss	404	595
a09-128-same	same	hit	200	1
a09-128-same	same	miss	404	412
a09-128-same	same	hit	200	1
a09-128-same	same	miss	404	681
a09-128-same	same	hit	200	4
a09-128-same	same	miss	404	504
a09-128-same	same	hit	200	3
a09-128-same	same	miss	404	277
a09-128-same	same	hit	200	1
a09-128-same	same	miss	404	743
a09-128-same	same	hit	200	1
a09-128-same	same	miss	404	235
a09-128-same	same	hit	200	2
a09-128-same	same	miss	404	493
a09-128-same	same	hit	200	2
a09-128-same	same	miss	404	238
a09-128-same	same	hit	200	2
a09-128-same	same	miss	404	485
a09-128-same	same	hit	200	1
a09-128-same	same	miss	404	502
a09-128-same	same	hit	200	6
a09-128-same	same	miss	404	519
a09-128-same	same	hit	200	2
a09-128-same	same	miss	404	496
a09-128-same	same	hit	200	1
a09-128-same	same	miss	404	534
a09-128-same	same	hit	200	1
a09-128-same	same	miss	404	529
a09-128-same	same	hit	200	1
a09-128-same	same	miss	404	445
a09-128-same	same	hit	200	2
a09-128-same	same	miss	404	716
a09-128-same	same	hit	200	1
a09-128-same	same	miss	404	537
a09-128-same	same	hit	200	2
a09-128-same	same	miss	404	396
a09-128-same	same	hit	200	2
a09-128-same	same	miss	404	333
a09-128-same	same	hit	200	2
a09-128-same	same	miss	404	452
a09-128-same	same	hit	200	1
a09-128-same	same	miss	404	442
a09-128-same	same	hit	200	1
a09-128-same	same	miss	404	506
a09-128-same	same	hit	200	2
a09-128-same	same	miss	404	375
a09-128-same	same	hit	200	1
a09-128-same	same	miss	404	510
a09-128-same	same	hit	200	2
a09-128-same	same	miss	404	465
a09-128-same	same	hit	200	1
a09-128-same	same	miss	404	430
a09-128-same	same	hit	200	4
a09-128-same	same	miss	404	371
a09-128-same	same	hit	200	1
a09-128-same	same	miss	404	621
a09-128-same	same	hit	200	1
a09-128-same	same	miss	404	383
a09-128-same	same	hit	200	1
a09-128-same	same	miss	404	458
a09-128-same	same	hit	200	1
a09-128-same	same	miss	404	458
a09-128-same	same	hit	200	2
a09-128-same	same	miss	404	553
a09-128-same	same	hit	200	1
a09-128-same	same	miss	404	374
a09-128-same	same	hit	200	3
a09-128-same	same	miss	404	431
a09-128-same	same	hit	200	2
a09-128-same	same	miss	404	388
a09-128-same	same	hit	200	1
a09-128-same	same	miss	404	416
a09-128-same	same	hit	200	1
a09-128-same	same	miss	404	423
a09-128-same	same	hit	200	1
a09-128-same	same	miss	404	447
a09-128-same	same	hit	200	2
a09-128-same	same	miss	404	420
a09-128-same	same	hit	200	1
a09-128-same	same	miss	404	438
a09-128-same	same	hit	200	3
a09-128-same	same	miss	404	842
a09-128-same	same	hit	200	4
a09-128-same	same	miss	404	586
a09-128-same	same	hit	200	1
a09-128-same	same	miss	404	538
a09-128-same	same	hit	200	1
a09-128-same	same	miss	404	1040
a09-128-same	same	hit	200	1
a09-128-same	same	miss	404	442
a09-128-same	same	hit	200	2
a09-128-same	same	miss	404	596
a09-128-same	same	hit	200	1
a09-128-same	same	miss	404	603
a09-128-same	same	hit	200	2
a09-128-same	same	miss	404	599
a09-128-same	same	hit	200	1
a09-128-same	same	miss	404	431
a09-128-same	same	hit	200	2
a09-128-same	same	miss	404	545
a09-128-same	same	hit	200	2
a09-128-same	same	miss	404	486
a09-128-same	same	hit	200	2
a09-128-same	same	miss	404	501
a09-128-same	same	hit	200	5
a09-128-same	same	miss	404	334
a09-128-same	same	hit	200	1
a09-128-same	same	miss	404	404
a09-128-same	same	hit	200	1
a09-128-same	same	miss	404	512
a09-128-same	same	hit	200	2
a09-128-same	same	miss	404	506
a09-128-same	same	hit	200	4
a09-128-same	same	miss	404	498
a09-128-same	same	hit	200	3
a09-128-same	same	miss	404	459
a09-128-same	same	hit	200	1
a09-128-same	same	miss	404	420
a09-128-same	same	hit	200	2
a09-128-same	same	miss	404	442
a09-128-same	same	hit	200	1
a09-128-same	same	miss	404	474
a09-128-same	same	hit	200	1
a09-128-same	same	miss	404	529
a09-128-same	same	hit	200	2
a09-128-same	same	miss	404	357
a09-128-same	same	hit	200	2
a09-128-same	same	miss	404	511
a09-128-same	same	hit	200	1
a09-128-same	same	miss	404	471
a09-128-same	same	hit	200	3
a09-128-same	same	miss	404	555
a09-128-same	same	hit	200	1
a09-128-same	same	miss	404	412
a09-128-same	same	hit	200	1
a09-128-same	same	miss	404	483
a09-128-same	same	hit	200	1
a09-128-same	same	miss	404	490
a09-128-same	same	hit	200	1
a09-128-same	same	miss	404	556
a09-128-same	same	hit	200	1
a09-128-same	same	miss	404	391
a09-128-same	same	hit	200	12
a09-128-same	same	miss	404	494
a09-128-same	same	hit	200	1
a09-128-same	same	miss	404	549
a09-128-same	same	hit	200	1
a09-128-same	same	miss	404	711
a09-128-same	same	hit	200	1
a09-128-same	same	miss	404	416
a09-128-same	same	hit	200	1
a09-128-same	same	miss	404	526
a09-128-same	same	hit	200	13
a09-128-same	same	miss	404	627
a09-128-same	same	hit	200	4
a09-128-same	same	miss	404	208
a09-128-same	same	hit	200	1
a09-128-same	same	miss	404	431
a09-128-same	same	hit	200	2
a09-128-same	same	miss	404	693
a09-128-same	same	hit	200	1
a09-128-same	same	miss	404	635
a09-128-same	same	hit	200	3
a09-128-same	same	miss	404	762
a09-128-same	same	hit	200	2
a09-128-same	same	miss	404	225
a09-128-same	same	hit	200	7
a09-128-same	same	miss	404	390
a09-128-same	same	hit	200	5
a09-128-same	same	miss	404	494
a09-128-same	same	hit	200	1
a09-128-same	same	miss	404	521
a09-128-same	same	hit	200	1
a09-128-same	same	miss	404	479
a09-128-same	same	hit	200	3
a09-128-same	same	miss	404	488
a09-128-same	same	hit	200	10
a09-128-same	same	miss	404	437
a09-128-same	same	hit	200	2
a09-128-same	same	miss	404	347
a09-128-same	same	hit	200	1
a09-128-same	same	miss	404	478
a09-128-same	same	hit	200	1
a09-128-same	same	miss	404	552
a09-128-same	same	hit	200	2
a09-128-same	same	miss	404	324
a09-128-same	same	hit	200	5
a09-128-same	same	miss	404	304
a09-128-same	same	hit	200	1
a09-128-same	same	miss	404	543
a09-128-same	same	hit	200	6
a09-128-same	same	miss	404	560
a09-128-same	same	hit	200	1
a09-128-same	same	miss	404	451
a09-128-same	same	hit	200	2
a09-128-same	same	miss	404	526
a09-128-same	same	hit	200	1
a09-128-same	same	miss	404	412
a09-128-same	same	hit	200	2
a09-128-same	same	miss	404	337
a09-128-same	same	hit	200	1
a09-128-same	same	miss	404	461
a09-128-same	same	hit	200	1
a09-128-same	same	miss	404	471
a09-128-same	same	hit	200	1
a09-128-same	same	miss	404	502
a09-128-same	same	hit	200	1
a09-128-same	same	miss	404	449
a09-128-same	same	hit	200	8
a09-128-same	same	miss	404	549
a09-128-same	same	hit	200	1
a09-128-same	same	miss	404	464
a09-128-same	same	hit	200	1
a09-128-same	same	miss	404	439
a09-128-same	same	hit	200	1
a09-128-same	same	miss	404	477
a09-128-same	same	hit	200	1
a09-128-same	same	miss	404	206
a09-128-same	same	hit	200	2
a09-128-same	same	miss	404	655
a09-128-same	same	hit	200	1
a09-128-same	same	miss	404	410
a09-128-same	same	hit	200	1
a09-128-same	same	miss	404	477
a09-128-same	same	hit	200	1
a09-128-same	same	miss	404	430
a09-128-same	same	hit	200	1
a09-128-same	same	miss	404	421
a09-128-same	same	hit	200	1
a09-128-same	same	miss	404	512
a09-128-same	same	hit	200	1
a09-128-same	same	miss	404	166
a09-128-same	same	hit	200	2
a09-128-same	same	miss	404	553
a09-128-same	same	hit	200	1
a09-128-same	same	miss	404	669
a09-128-same	same	hit	200	1
a09-128-same	same	miss	404	586
a09-128-same	same	hit	200	2
a09-128-same	same	miss	404	520
a09-128-same	same	hit	200	2
a09-128-same	same	miss	404	590
a09-128-same	same	hit	200	2
a09-128-same	same	miss	404	599
a09-128-same	same	hit	200	3
a09-128-same	same	miss	404	720
a09-128-same	same	hit	200	2
a09-128-same	same	miss	404	709
a09-128-same	same	hit	200	2
a09-128-same	same	miss	404	453
a09-128-same	same	hit	200	1
a09-128-same	same	miss	404	501
a09-128-same	same	hit	200	1
a09-128-same	same	miss	404	670
a09-128-same	same	hit	200	2
a09-128-same	same	miss	404	552
a09-128-same	same	hit	200	1
a09-128-same	same	miss	404	387
a09-128-same	same	hit	200	1
a09-128-same	same	miss	404	588
a09-128-same	same	hit	200	4
a09-128-same	same	miss	404	492
a09-128-same	same	hit	200	1
a09-128-same	same	miss	404	593
a09-128-same	same	hit	200	3
a09-128-same	same	miss	404	421
a09-128-same	same	hit	200	4
a09-128-same	same	miss	404	374
a09-128-same	same	hit	200	1
a09-128-same	same	miss	404	403
a09-128-same	same	hit	200	6
a09-128-same	same	miss	404	406
a09-128-same	same	hit	200	1
a09-128-same	same	miss	404	421
a09-128-same	same	hit	200	1
a09-128-same	same	miss	404	465
a09-128-same	same	hit	200	1
a09-128-same	same	miss	404	195
a09-128-same	same	hit	200	1
a09-128-same	same	miss	404	441
a09-128-same	same	hit	200	1
a09-128-same	same	miss	404	544
a09-128-same	same	hit	200	1
a09-128-same	same	miss	404	257
a09-128-same	same	hit	200	1
a09-128-same	same	miss	404	454
a09-128-same	same	hit	200	1
a09-128-same	same	miss	404	491
a09-128-same	same	hit	200	1
a09-128-same	same	miss	404	385
a09-128-same	same	hit	200	1
a09-128-same	same	miss	404	381
a09-128-same	same	hit	200	1
a09-128-same	same	miss	404	480
a09-128-same	same	hit	200	2
a09-128-same	same	miss	404	445
a09-128-same	same	hit	200	1
a09-128-same	same	miss	404	397
a09-128-same	same	hit	200	2
a09-128-same	same	miss	404	387
a09-128-same	same	hit	200	1
a09-128-same	same	miss	404	436
a09-128-same	same	hit	200	1
a09-128-same	same	miss	404	502
a09-128-same	same	hit	200	2
a09-128-same	same	miss	404	429
a09-128-same	same	hit	200	2
a09-128-same	same	miss	404	363
a09-128-same	same	hit	200	6
a09-128-same	same	miss	404	499
a09-128-same	same	hit	200	4
a09-128-same	same	miss	404	604
a09-128-same	same	hit	200	3
a09-128-same	same	miss	404	499
a09-128-same	same	hit	200	1
a09-128-same	same	miss	404	471
a09-128-same	same	hit	200	2
a09-128-same	same	miss	404	546
a09-128-same	same	hit	200	1
a09-128-same	same	miss	404	618
a09-128-same	same	hit	200	2
a09-128-same	same	miss	404	753
a09-128-same	same	hit	200	7
a09-128-same	same	miss	404	388
a09-128-same	same	hit	200	11
a09-128-same	same	miss	404	617
a09-128-same	same	hit	200	1
a09-128-same	same	miss	404	552
a09-128-same	same	hit	200	2
a09-128-same	same	miss	404	208
a09-128-same	same	hit	200	5
a09-128-same	same	miss	404	428
a09-128-same	same	hit	200	2
a09-128-same	same	miss	404	429
a09-128-same	same	hit	200	3
a09-128-same	same	miss	404	427
a09-128-same	same	hit	200	2
a09-128-same	same	miss	404	428
a09-128-same	same	hit	200	6
a09-128-same	same	miss	404	585
a09-128-same	same	hit	200	1
a09-128-same	same	miss	404	491
a09-128-same	same	hit	200	3
a09-128-same	same	miss	404	627
a09-128-same	same	hit	200	1
a09-128-same	same	miss	404	563
a09-128-same	same	hit	200	1
a09-128-same	same	miss	404	458
a09-128-same	same	hit	200	4
a09-128-same	same	miss	404	476
a09-128-same	same	hit	200	2
a09-128-same	same	miss	404	386
a09-128-same	same	hit	200	1
a09-128-same	same	miss	404	467
a09-128-same	same	hit	200	2
a09-128-same	same	miss	404	497
a09-128-same	same	hit	200	1
a09-128-same	same	miss	404	380
a09-128-same	same	hit	200	2
a09-128-same	same	miss	404	422
a09-128-same	same	hit	200	2
a09-128-same	same	miss	404	505
a09-128-same	same	hit	200	2
a09-128-same	same	miss	404	507
a09-128-same	same	hit	200	2
a09-128-same	same	miss	404	456
a09-128-same	same	hit	200	2
a09-128-same	same	miss	404	425
a09-128-same	same	hit	200	2
a09-128-same	same	miss	404	184
a09-128-same	same	hit	200	1
a09-128-same	same	miss	404	417
a09-128-same	same	hit	200	2
a09-128-same	same	miss	404	515
a09-128-same	same	hit	200	2
a09-128-same	same	miss	404	456
a09-128-same	same	hit	200	2
a09-128-same	same	miss	404	471
a09-128-same	same	hit	200	7
a09-128-same	same	miss	404	362
a09-128-same	same	hit	200	1
a09-128-same	same	miss	404	415
a09-128-same	same	hit	200	1
a09-128-same	same	miss	404	435
a09-128-same	same	hit	200	3
a09-128-same	same	miss	404	393
a09-128-same	same	hit	200	1
a09-128-same	same	miss	404	430
a09-128-same	same	hit	200	1
a09-128-same	same	miss	404	452
a09-128-same	same	hit	200	1
a09-128-same	same	miss	404	705
a09-128-same	same	hit	200	2
a09-128-same	same	miss	404	522
a09-128-same	same	hit	200	2
a09-128-same	same	miss	404	477
a09-128-same	same	hit	200	2
a09-128-same	same	miss	404	398
a09-128-same	same	hit	200	1
a09-128-same	same	miss	404	787
a09-128-same	same	hit	200	2
a09-128-same	same	miss	404	664
a09-128-same	same	hit	200	1
a09-128-same	same	miss	404	622
a09-128-same	same	hit	200	1
a09-128-same	same	miss	404	258
a09-128-same	same	hit	200	1
a09-128-same	same	miss	404	578
a09-128-same	same	hit	200	2
a09-128-same	same	miss	404	716
a09-128-same	same	hit	200	1
a09-128-same	same	miss	404	584
a09-128-same	same	hit	200	3
a09-128-same	same	miss	404	1143
a09-128-same	same	hit	200	1
a09-128-same	same	miss	404	587
a09-128-same	same	hit	200	1
a09-128-same	same	miss	404	233
a09-128-same	same	hit	200	1
a09-128-same	same	miss	404	397
a09-128-same	same	hit	200	8
a09-128-same	same	miss	404	581
a09-128-same	same	hit	200	3
a09-128-same	same	miss	404	366
a09-128-same	same	hit	200	2
a09-128-same	same	miss	404	386
a09-128-same	same	hit	200	3
a09-128-same	same	miss	404	476
a09-128-same	same	hit	200	1
a09-128-same	same	miss	404	470
a09-128-same	same	hit	200	4
a09-128-same	same	miss	404	354
a09-128-same	same	hit	200	5
a09-128-same	same	miss	404	491
a09-128-same	same	hit	200	2
a09-128-same	same	miss	404	442
a09-128-same	same	hit	200	1
a09-128-same	same	miss	404	212
a09-128-same	same	hit	200	1
a09-128-same	same	miss	404	480
a09-128-same	same	hit	200	1
a09-128-same	same	miss	404	460
a09-128-same	same	hit	200	1
a09-128-same	same	miss	404	394
a09-128-same	same	hit	200	1
a09-128-same	same	miss	404	450
a09-128-same	same	hit	200	2
a09-128-same	same	miss	404	361
a09-128-same	same	hit	200	2
a09-128-same	same	miss	404	530
a09-128-same	same	hit	200	1
a09-128-same	same	miss	404	351
a09-128-same	same	hit	200	1
a09-128-same	same	miss	404	431
a09-128-same	same	hit	200	1
a09-128-same	same	miss	404	233
a09-128-same	same	hit	200	1
a09-128-same	same	miss	404	399
a09-128-same	same	hit	200	3
a09-128-same	same	miss	404	445
a09-128-same	same	hit	200	3
a09-128-same	same	miss	404	488
a09-128-same	same	hit	200	1
a09-128-same	same	miss	404	390
a09-128-same	same	hit	200	2
a09-128-same	same	miss	404	326
a09-128-same	same	hit	200	2
a09-128-same	same	miss	404	414
a09-128-same	same	hit	200	1
a09-128-same	same	miss	404	467
a09-128-same	same	hit	200	1
a09-128-same	same	miss	404	214
a09-128-same	same	hit	200	1
a09-128-same	same	miss	404	643
a09-128-same	same	hit	200	1
a09-128-same	same	miss	404	529
a09-128-same	same	hit	200	3
a09-128-same	same	miss	404	457
a09-128-same	same	hit	200	1
a09-128-same	same	miss	404	412
a09-128-same	same	hit	200	2
a09-128-same	same	miss	404	468
a09-128-same	same	hit	200	4
a09-128-same	same	miss	404	920
a09-128-same	same	hit	200	2
a09-128-same	same	miss	404	491
a09-128-same	same	hit	200	2
a09-128-same	same	miss	404	543
a09-128-same	same	hit	200	1
a09-128-same	same	miss	404	472
a09-128-same	same	hit	200	2
a09-128-same	same	miss	404	243
a09-128-same	same	hit	200	3
a09-128-same	same	miss	404	533
a09-128-same	same	hit	200	1
a09-128-same	same	miss	404	575
a09-128-same	same	hit	200	4
a09-128-same	same	miss	404	454
a09-128-same	same	hit	200	3
a09-128-same	same	miss	404	503
a09-128-same	same	hit	200	2
a09-128-same	same	miss	404	650
a09-128-same	same	hit	200	2
a09-128-same	same	miss	404	438
a09-128-same	same	hit	200	1
a09-128-same	same	miss	404	622
a09-128-same	same	hit	200	1
a09-128-same	same	miss	404	518
a09-128-same	same	hit	200	1
a09-128-same	same	miss	404	374
a09-128-same	same	hit	200	2
a09-128-same	same	miss	404	571
a09-128-same	same	hit	200	1
a09-128-same	same	miss	404	172
a09-128-same	same	hit	200	1
a09-128-same	same	miss	404	361
a09-128-same	same	hit	200	1
a09-128-same	same	miss	404	512
a09-128-same	same	hit	200	11
a09-128-same	same	miss	404	481
a09-128-same	same	hit	200	1
a09-128-same	same	miss	404	536
a09-128-same	same	hit	200	2
a09-128-same	same	miss	404	471
a09-128-same	same	hit	200	2
a09-128-same	same	miss	404	506
a09-128-same	same	hit	200	2
a09-128-same	same	miss	404	437
a09-128-same	same	hit	200	1
a09-128-same	same	miss	404	519
a09-128-same	same	hit	200	5
a09-128-same	same	miss	404	461
a09-128-same	same	hit	200	2
a09-128-same	same	miss	404	338
a09-128-same	same	hit	200	1
a09-128-same	same	miss	404	139
a09-128-same	same	hit	200	1
a09-128-same	same	miss	404	559
a09-128-same	same	hit	200	2
a09-128-same	same	miss	404	389
a09-128-same	same	hit	200	1
a09-128-same	same	miss	404	550
a09-128-same	same	hit	200	1
a09-128-same	same	miss	404	424
a09-128-same	same	hit	200	1
a09-128-same	same	miss	404	446
a09-128-same	same	hit	200	1
a09-128-same	same	miss	404	432
a09-128-same	same	hit	200	2
a09-128-same	same	miss	404	357
a09-128-same	same	hit	200	1
a09-128-same	same	miss	404	734
a09-128-same	same	hit	200	1
a09-128-same	same	miss	404	506
a09-128-same	same	hit	200	3
a09-128-same	same	miss	404	886
a09-128-same	same	hit	200	1
a09-128-same	same	miss	404	622
a09-128-same	same	hit	200	2
a09-128-same	same	miss	404	521
a09-128-same	same	hit	200	2
a09-128-same	same	miss	404	619
a09-128-same	same	hit	200	2
a09-128-same	same	miss	404	608
a09-128-same	same	hit	200	1
a09-128-same	same	miss	404	509
a09-128-same	same	hit	200	1
a09-128-same	same	miss	404	505
a09-128-same	same	hit	200	2
a09-128-same	same	miss	404	507
a09-128-same	same	hit	200	2
a09-128-same	same	miss	404	447
a09-128-same	same	hit	200	1
a09-128-same	same	miss	404	492
a09-128-same	same	hit	200	2
a09-128-same	same	miss	404	645
a09-128-same	same	hit	200	1
a09-128-same	same	miss	404	431
a09-128-same	same	hit	200	1
a09-128-same	same	miss	404	357
a09-128-same	same	hit	200	3
a09-128-same	same	miss	404	727
a09-128-same	same	hit	200	2
a09-128-same	same	miss	404	488
a09-128-same	same	hit	200	1
a09-128-same	same	miss	404	423
a09-128-same	same	hit	200	2
a09-128-same	same	miss	404	593
a09-128-same	same	hit	200	1
a09-128-same	same	miss	404	462
a09-128-same	same	hit	200	2
a09-128-same	same	miss	404	192
a09-128-same	same	hit	200	1
a09-128-same	same	miss	404	542
a09-128-same	same	hit	200	1
a09-128-same	same	miss	404	469
a09-128-same	same	hit	200	2
a09-128-same	same	miss	404	303
a09-128-same	same	hit	200	1
a09-128-same	same	miss	404	439
a09-128-same	same	hit	200	2
a09-128-same	same	miss	404	571
a09-128-same	same	hit	200	1
a09-128-same	same	miss	404	545
a09-128-same	same	hit	200	1
a09-128-same	same	miss	404	396
a09-128-same	same	hit	200	1
a09-128-same	same	miss	404	431
a09-128-same	same	hit	200	1
a09-128-same	same	miss	404	471
a09-128-same	same	hit	200	1
a09-128-same	same	miss	404	486
a09-128-same	same	hit	200	2
a09-128-same	same	miss	404	481
a09-128-same	same	hit	200	1
a09-128-same	same	miss	404	564
a09-128-same	same	hit	200	1
a09-128-same	same	miss	404	464
a09-128-same	same	hit	200	3
a09-128-same	same	miss	404	420
a09-128-same	same	hit	200	1
a09-128-same	same	miss	404	377
a09-128-same	same	hit	200	1
a09-128-same	same	miss	404	487
a09-128-same	same	hit	200	1
a09-128-same	same	miss	404	524
a09-128-same	same	hit	200	1
a09-128-same	same	miss	404	484
a09-128-same	same	hit	200	2
a09-128-same	same	miss	404	646
a09-128-same	same	hit	200	1
a09-128-same	same	miss	404	428
a09-128-same	same	hit	200	2
a09-128-same	same	miss	404	522
a09-128-same	same	hit	200	2
a09-128-same	same	miss	404	547
a09-128-same	same	hit	200	2
a09-128-same	same	miss	404	555
a09-128-same	same	hit	200	2
a09-128-same	same	miss	404	620
a09-128-same	same	hit	200	2
a09-128-same	same	miss	404	565
a09-128-same	same	hit	200	1
a09-128-same	same	miss	404	665
a09-128-same	same	hit	200	1
a09-128-same	same	miss	404	555
a09-128-same	same	hit	200	2
a09-128-same	same	miss	404	469
a09-128-same	same	hit	200	3
a09-128-same	same	miss	404	511
a09-128-same	same	hit	200	1
a09-128-same	same	miss	404	457
a09-128-same	same	hit	200	2
a09-128-same	same	miss	404	555
a09-128-same	same	hit	200	1
a09-128-same	same	miss	404	265
a09-128-same	same	hit	200	1
a09-128-same	same	miss	404	570
a09-128-same	same	hit	200	1
a09-128-same	same	miss	404	549
a09-128-same	same	hit	200	1
a09-128-same	same	miss	404	557
a09-128-same	same	hit	200	2
a09-128-same	same	miss	404	388
a09-128-same	same	hit	200	3
a09-128-same	same	miss	404	391
a09-128-same	same	hit	200	1
a09-128-same	same	miss	404	417
a09-128-same	same	hit	200	1
a09-128-same	same	miss	404	334
a09-128-same	same	hit	200	2
a09-128-same	same	miss	404	232
a09-128-same	same	hit	200	1
a09-128-same	same	miss	404	319
a09-128-same	same	hit	200	1
a09-128-same	same	miss	404	465
a09-128-same	same	hit	200	4
a09-128-same	same	miss	404	435
a09-128-same	same	hit	200	1
a09-128-same	same	miss	404	449
a09-128-same	same	hit	200	5
a09-128-same	same	miss	404	685
a09-128-same	same	hit	200	1
a09-128-same	same	miss	404	396
a09-128-same	same	hit	200	1
a09-128-same	same	miss	404	444
a09-128-same	same	hit	200	1
a09-128-same	same	miss	404	528
a09-128-same	same	hit	200	1
a09-128-same	same	miss	404	577
a09-128-same	same	hit	200	1
a09-128-same	same	miss	404	391
a09-128-same	same	hit	200	1
a09-128-same	same	miss	404	234
a09-128-same	same	hit	200	1
a09-128-same	same	miss	404	393
a09-128-same	same	hit	200	1
a09-128-same	same	miss	404	468
a09-128-same	same	hit	200	1
a09-128-same	same	miss	404	403
a09-128-same	same	hit	200	1
a09-128-same	same	miss	404	455
a09-128-same	same	hit	200	1
a09-128-same	same	miss	404	497
a09-128-same	same	hit	200	2
a09-128-same	same	miss	404	528
a09-128-same	same	hit	200	1
a09-128-same	same	miss	404	440
a09-128-same	same	hit	200	1
a09-128-same	same	miss	404	355
a09-128-same	same	hit	200	1
a09-128-same	same	miss	404	743
a09-128-same	same	hit	200	2
a09-128-same	same	miss	404	229
a09-128-same	same	hit	200	2
a09-128-same	same	miss	404	211
a09-128-same	same	hit	200	2
a09-128-same	same	miss	404	471
a09-128-same	same	hit	200	2
a09-128-same	same	miss	404	354
a09-128-same	same	hit	200	1
a09-128-same	same	miss	404	618
a09-128-same	same	hit	200	1
a09-128-same	same	miss	404	505
a09-128-same	same	hit	200	4
a09-128-same	same	miss	404	595
a09-128-same	same	hit	200	2
a09-128-same	same	miss	404	666
a09-128-same	same	hit	200	2
a09-128-same	same	miss	404	229
a09-128-same	same	hit	200	3
a09-128-same	same	miss	404	481
a09-128-same	same	hit	200	1
a09-128-same	same	miss	404	485
a09-128-same	same	hit	200	3
a09-128-same	same	miss	404	441
a09-128-same	same	hit	200	6
a09-128-same	same	miss	404	601
a09-128-same	same	hit	200	2
a09-128-same	same	miss	404	1027
a09-128-same	same	hit	200	1
a09-128-same	same	miss	404	403
a09-128-same	same	hit	200	1
a09-128-same	same	miss	404	489
a09-128-same	same	hit	200	1
a09-128-same	same	miss	404	454
a09-128-same	same	hit	200	2
a09-128-same	same	miss	404	539
a09-128-same	same	hit	200	3
a09-128-same	same	miss	404	192
a09-128-same	same	hit	200	2
a09-128-same	same	miss	404	191
a09-128-same	same	hit	200	3
a09-128-same	same	miss	404	501
a09-128-same	same	hit	200	1
a09-128-same	same	miss	404	385
a09-128-same	same	hit	200	1
a09-128-same	same	miss	404	320
a09-128-same	same	hit	200	2
a09-128-same	same	miss	404	407
a09-128-same	same	hit	200	1
a09-128-same	same	miss	404	409
a09-128-same	same	hit	200	1
a09-128-same	same	miss	404	389
a09-128-same	same	hit	200	2
a09-128-same	same	miss	404	473
a09-128-same	same	hit	200	2
a09-128-same	same	miss	404	204
a09-128-same	same	hit	200	1
a09-128-same	same	miss	404	367
a09-128-same	same	hit	200	1
a09-128-same	same	miss	404	491
a09-128-same	same	hit	200	1
a09-128-same	same	miss	404	405
a09-128-same	same	hit	200	2
a09-128-same	same	miss	404	366
a09-128-same	same	hit	200	1
a09-128-same	same	miss	404	365
a09-128-same	same	hit	200	1
a09-128-same	same	miss	404	438
a09-128-same	same	hit	200	1
a09-128-same	same	miss	404	425
a09-128-same	same	hit	200	1
a09-128-same	same	miss	404	789
a09-128-same	same	hit	200	2
a09-128-same	same	miss	404	537
a09-128-same	same	hit	200	2
a09-128-same	same	miss	404	517
a09-128-same	same	hit	200	2
a09-128-same	same	miss	404	401
a09-128-same	same	hit	200	1
a09-128-same	same	miss	404	236
a09-128-same	same	hit	200	1
a09-128-same	same	miss	404	513
a09-128-same	same	hit	200	1
a09-128-same	same	miss	404	383
a09-128-same	same	hit	200	3
a09-128-same	same	miss	404	527
a09-128-same	same	hit	200	1
a09-128-same	same	miss	404	385
a09-128-same	same	hit	200	3
a09-128-same	same	miss	404	579
a09-128-same	same	hit	200	2
a09-128-same	same	miss	404	430
a09-128-same	same	hit	200	1
a09-128-same	same	miss	404	758
a09-128-same	same	hit	200	2
a09-128-same	same	miss	404	681
a09-128-same	same	hit	200	1
a09-128-same	same	miss	404	283
a09-128-same	same	hit	200	4
a09-128-same	same	miss	404	519
a09-128-same	same	hit	200	1
a09-128-same	same	miss	404	210
a09-128-same	same	hit	200	1
a09-128-same	same	miss	404	396
a09-128-same	same	hit	200	5
a09-128-same	same	miss	404	551
a09-128-same	same	hit	200	1
a09-128-same	same	miss	404	507
a09-128-same	same	hit	200	1
a09-128-same	same	miss	404	582
a09-128-same	same	hit	200	2
a09-128-same	same	miss	404	218
a09-128-same	same	hit	200	1
a09-128-same	same	miss	404	183
a09-128-same	same	hit	200	1
a09-128-same	same	miss	404	362
a09-128-same	same	hit	200	2
a09-128-same	same	miss	404	514
a09-128-same	same	hit	200	3
a09-128-same	same	miss	404	455
a09-128-same	same	hit	200	1
a09-128-same	same	miss	404	522
a09-128-same	same	hit	200	1
a09-128-same	same	miss	404	500
a09-128-same	same	hit	200	1
a09-128-same	same	miss	404	493
a09-128-same	same	hit	200	2
a09-128-same	same	miss	404	510
a09-128-same	same	hit	200	1
a09-128-same	same	miss	404	656
a09-128-same	same	hit	200	2
a09-128-same	same	miss	404	473
a09-128-same	same	hit	200	4
a09-128-same	same	miss	404	421
a09-128-same	same	hit	200	3
a09-128-same	same	miss	404	462
a09-128-same	same	hit	200	3
a09-128-same	same	miss	404	436
a09-128-same	same	hit	200	1
a09-128-same	same	miss	404	492
a09-128-same	same	hit	200	1
a09-128-same	same	miss	404	456
a09-128-same	same	hit	200	2
a09-128-same	same	miss	404	412
a09-128-same	same	hit	200	1
a09-128-same	same	miss	404	467
a09-128-same	same	hit	200	1
a09-128-same	same	miss	404	420
a09-128-same	same	hit	200	1
a09-128-same	same	miss	404	359
a09-128-same	same	hit	200	1
a09-128-same	same	miss	404	543
a09-128-same	same	hit	200	2
a09-128-same	same	miss	404	491
a09-128-same	same	hit	200	2
a09-128-same	same	miss	404	243
a09-128-same	same	hit	200	2
a09-128-same	same	miss	404	400
a09-128-same	same	hit	200	1
a09-128-same	same	miss	404	543
a09-128-same	same	hit	200	1
a09-128-same	same	miss	404	568
a09-128-same	same	hit	200	1
a09-128-same	same	miss	404	545
a09-128-same	same	hit	200	1
a09-128-same	same	miss	404	596
a09-128-same	same	hit	200	3
a09-128-same	same	miss	404	221
a09-128-same	same	hit	200	1
a09-128-same	same	miss	404	707
a09-128-same	same	hit	200	1
a09-128-same	same	miss	404	602
a09-128-same	same	hit	200	2
a09-128-same	same	miss	404	550
a09-128-same	same	hit	200	1
a09-128-same	same	miss	404	521
a09-128-same	same	hit	200	3
a09-128-same	same	miss	404	380
a09-128-same	same	hit	200	5
a09-128-same	same	miss	404	562
a09-128-same	same	hit	200	9
a09-128-same	same	miss	404	497
a09-128-same	same	hit	200	2
a09-128-same	same	miss	404	483
a09-128-same	same	hit	200	2
a09-128-same	same	miss	404	453
a09-128-same	same	hit	200	1
a09-128-same	same	miss	404	582
a09-128-same	same	hit	200	2
a09-128-same	same	miss	404	226
a09-128-same	same	hit	200	1
a09-128-same	same	miss	404	466
a09-128-same	same	hit	200	2
a09-128-same	same	miss	404	477
a09-128-same	same	hit	200	1
a09-128-same	same	miss	404	481
a09-128-same	same	hit	200	1
a09-128-same	same	miss	404	403
a09-128-same	same	hit	200	1
a09-128-same	same	miss	404	399
a09-128-same	same	hit	200	2
a09-128-same	same	miss	404	531
a09-128-same	same	hit	200	1
a09-128-same	same	miss	404	467
a09-128-same	same	hit	200	2
a09-128-same	same	miss	404	443
a09-128-same	same	hit	200	1
a09-128-same	same	miss	404	507
a09-128-same	same	hit	200	2
a09-128-same	same	miss	404	635
a09-128-same	same	hit	200	1
a09-128-same	same	miss	404	541
a09-128-same	same	hit	200	1
a09-128-same	same	miss	404	403
a09-128-same	same	hit	200	3
a09-128-same	same	miss	404	365
a09-128-same	same	hit	200	2
a09-128-same	same	miss	404	437
a09-128-same	same	hit	200	3
a09-128-same	same	miss	404	432
a09-128-same	same	hit	200	1
a09-128-same	same	miss	404	461
a09-128-same	same	hit	200	1
a09-128-same	same	miss	404	479
a09-128-same	same	hit	200	2
a09-128-same	same	miss	404	407
a09-128-same	same	hit	200	1
a09-128-same	same	miss	404	517
a09-128-same	same	hit	200	1
a09-128-same	same	miss	404	520
a09-128-same	same	hit	200	3
a09-128-same	same	miss	404	384
a09-128-same	same	hit	200	2
a09-128-same	same	miss	404	532
a09-128-same	same	hit	200	1
a09-128-same	same	miss	404	477
a09-128-same	same	hit	200	1
a09-128-same	same	miss	404	661
a09-128-same	same	hit	200	1
a09-128-same	same	miss	404	175
a09-128-same	same	hit	200	3
a09-128-same	same	miss	404	497
a09-128-same	same	hit	200	1
a09-128-same	same	miss	404	568
a09-128-same	same	hit	200	3
a09-128-same	same	miss	404	225
a09-128-same	same	hit	200	2
a09-128-same	same	miss	404	722
a09-128-same	same	hit	200	8
a09-128-same	same	miss	404	512
a09-128-same	same	hit	200	1
a09-128-same	same	miss	404	589
a09-128-same	same	hit	200	1
a09-128-same	same	miss	404	484
a09-128-same	same	hit	200	1
a09-128-same	same	miss	404	537
a09-128-same	same	hit	200	2
a09-128-same	same	miss	404	425
a09-128-same	same	hit	200	1
a09-128-same	same	miss	404	467
a09-128-same	same	hit	200	3
a09-128-same	same	miss	404	352
a09-128-same	same	hit	200	1
a09-128-same	same	miss	404	470
a09-128-same	same	hit	200	1
a09-128-same	same	miss	404	231
a09-128-same	same	hit	200	3
a09-128-same	same	miss	404	596
a09-128-same	same	hit	200	3
a09-128-same	same	miss	404	453
a09-128-same	same	hit	200	2
a09-128-same	same	miss	404	475
a09-128-same	same	hit	200	2
a09-128-same	same	miss	404	421
a09-128-same	same	hit	200	1
a09-128-same	same	miss	404	453
a09-128-same	same	hit	200	1
a09-128-same	same	miss	404	412
a09-128-same	same	hit	200	4
a09-128-same	same	miss	404	524
a09-128-same	same	hit	200	2
a09-128-same	same	miss	404	521
a09-128-same	same	hit	200	2
a09-128-same	same	miss	404	444
a09-128-same	same	hit	200	1
a09-128-same	same	miss	404	429
a09-128-same	same	hit	200	1
a09-128-same	same	miss	404	514
a09-128-same	same	hit	200	1
a09-128-same	same	miss	404	454
a09-128-same	same	hit	200	1
a09-128-same	same	miss	404	532
a09-128-same	same	hit	200	1
a09-128-same	same	miss	404	448
a09-128-same	same	hit	200	1
a09-128-same	same	miss	404	497
a09-128-same	same	hit	200	1
a09-128-same	same	miss	404	688
a09-128-same	same	hit	200	1
a09-128-same	same	miss	404	438
a09-128-same	same	hit	200	1
a09-128-same	same	miss	404	436
a09-128-same	same	hit	200	1
a09-128-same	same	miss	404	577
a09-128-same	same	hit	200	2
a09-128-same	same	miss	404	438
a09-128-same	same	hit	200	1
a09-128-same	same	miss	404	654
a09-128-same	same	hit	200	1
a09-128-same	same	miss	404	716
a09-128-same	same	hit	200	1
a09-128-same	same	miss	404	498
a09-128-same	same	hit	200	1
a09-128-same	same	miss	404	548
a09-128-same	same	hit	200	1
a09-128-same	same	miss	404	679
a09-128-same	same	hit	200	1
a09-128-same	same	miss	404	440
a09-128-same	same	hit	200	1
a09-128-same	same	miss	404	507
a09-128-same	same	hit	200	2
a09-128-same	same	miss	404	675
a09-128-same	same	hit	200	2
a09-128-same	same	miss	404	564
a09-128-same	same	hit	200	2
a09-128-same	same	miss	404	643
a09-128-same	same	hit	200	2
a09-128-same	same	miss	404	432
a09-128-same	same	hit	200	1
a09-128-same	same	miss	404	445
a09-128-same	same	hit	200	1
a09-128-same	same	miss	404	473
a09-128-same	same	hit	200	1
a09-128-same	same	miss	404	649
a09-128-same	same	hit	200	1
a09-128-same	same	miss	404	440
a09-128-same	same	hit	200	1
a09-128-same	same	miss	404	482
a09-128-same	same	hit	200	4
a09-128-same	same	miss	404	624
a09-128-same	same	hit	200	3
a09-128-same	same	miss	404	389
a09-128-same	same	hit	200	1
a09-128-same	same	miss	404	431
a09-128-same	same	hit	200	1
a09-128-same	same	miss	404	768
a09-128-same	same	hit	200	2
a09-128-same	same	miss	404	186
a09-128-same	same	hit	200	1
a09-128-same	same	miss	404	706
a09-128-same	same	hit	200	2
a09-128-same	same	miss	404	442
a09-128-same	same	hit	200	1
a09-128-same	same	miss	404	194
a09-128-same	same	hit	200	1
a09-128-same	same	miss	404	453
a09-128-same	same	hit	200	1
a09-128-same	same	miss	404	472
a09-128-same	same	hit	200	1
a09-128-same	same	miss	404	389
a09-128-same	same	hit	200	2
a09-128-same	same	miss	404	444
a09-128-same	same	hit	200	1
a09-128-same	same	miss	404	396
a09-128-same	same	hit	200	1
a09-128-same	same	miss	404	494
a09-128-same	same	hit	200	2
a09-128-same	same	miss	404	401
a09-128-same	same	hit	200	1
a09-128-same	same	miss	404	602
a09-128-same	same	hit	200	1
a09-128-same	same	miss	404	374
a09-128-same	same	hit	200	2
a09-128-same	same	miss	404	385
a09-128-same	same	hit	200	1
a09-128-same	same	miss	404	411
a09-128-same	same	hit	200	1
a09-128-same	same	miss	404	393
a09-128-same	same	hit	200	1
a09-128-same	same	miss	404	388
a09-128-same	same	hit	200	1
a09-128-same	same	miss	404	485
a09-128-same	same	hit	200	2
a09-128-same	same	miss	404	389
a09-128-same	same	hit	200	1
a09-128-same	same	miss	404	354
a09-128-same	same	hit	200	1
a09-128-same	same	miss	404	506
a09-128-same	same	hit	200	2
a09-128-same	same	miss	404	433
a09-128-same	same	hit	200	1
a09-128-same	same	miss	404	494
a09-128-same	same	hit	200	1
a09-128-same	same	miss	404	497
a09-128-same	same	hit	200	3
a09-128-same	same	miss	404	443
a09-128-same	same	hit	200	1
a09-128-same	same	miss	404	517
a09-128-same	same	hit	200	7
a09-128-same	same	miss	404	860
a09-128-same	same	hit	200	1
a09-128-same	same	miss	404	205
a09-128-same	same	hit	200	1
a09-128-same	same	miss	404	513
a09-128-same	same	hit	200	2
a09-128-same	same	miss	404	397
a09-128-same	same	hit	200	1
a09-128-same	same	miss	404	439
a09-128-same	same	hit	200	4
a09-128-same	same	miss	404	775
a09-128-same	same	hit	200	1
a09-128-same	same	miss	404	933
a09-128-same	same	hit	200	3
a09-128-same	same	miss	404	568
a09-128-same	same	hit	200	2
a09-128-same	same	miss	404	1514
a09-128-same	same	hit	200	1
a09-128-same	same	miss	404	464
a09-128-same	same	hit	200	11
a09-128-same	same	miss	404	581
a09-128-same	same	hit	200	1
a09-128-same	same	miss	404	500
a09-128-same	same	hit	200	3
a09-128-same	same	miss	404	384
a09-128-same	same	hit	200	1
a09-128-same	same	miss	404	491
a09-128-same	same	hit	200	1
a09-128-same	same	miss	404	360
a09-128-same	same	hit	200	2
a09-128-same	same	miss	404	405
a09-128-same	same	hit	200	1
a09-128-same	same	miss	404	412
a09-128-same	same	hit	200	1
a09-128-same	same	miss	404	452
a09-128-same	same	hit	200	1
a09-128-same	same	miss	404	431
a09-128-same	same	hit	200	1
a09-128-same	same	miss	404	540
a09-128-same	same	hit	200	7
a09-128-same	same	miss	404	422
a09-128-same	same	hit	200	1
a09-128-same	same	miss	404	388
a09-128-same	same	hit	200	1
a09-128-same	same	miss	404	362
a09-128-same	same	hit	200	1
a09-128-same	same	miss	404	344
a09-128-same	same	hit	200	2
a09-128-same	same	miss	404	495
a09-128-same	same	hit	200	1
a09-128-same	same	miss	404	485
a09-128-same	same	hit	200	2
a09-128-same	same	miss	404	456
a09-128-same	same	hit	200	1
a09-128-same	same	miss	404	571
a09-128-same	same	hit	200	2
a09-128-same	same	miss	404	589
a09-128-same	same	hit	200	2
a09-128-same	same	miss	404	437
a09-128-same	same	hit	200	1
a09-128-same	same	miss	404	487
a09-128-same	same	hit	200	1
a09-128-same	same	miss	404	512
a09-128-same	same	hit	200	2
a09-128-same	same	miss	404	501
a09-128-same	same	hit	200	15
a09-128-same	same	miss	404	463
a09-128-same	same	hit	200	1
a09-128-same	same	miss	404	510
a09-128-same	same	hit	200	2
a09-128-same	same	miss	404	317
a09-128-same	same	hit	200	1
a09-128-same	same	miss	404	561
a09-128-same	same	hit	200	2
a09-128-same	same	miss	404	398
a09-128-same	same	hit	200	1
a09-128-same	same	miss	404	181
a09-128-same	same	hit	200	1
a09-128-same	same	miss	404	523
a09-128-same	same	hit	200	1
a09-128-same	same	miss	404	643
a09-128-same	same	hit	200	1
a09-128-same	same	miss	404	525
a09-128-same	same	hit	200	2
a09-128-same	same	miss	404	682
a09-128-same	same	hit	200	1
a09-128-same	same	miss	404	687
a09-128-same	same	hit	200	1
a09-128-same	same	miss	404	252
a09-128-same	same	hit	200	1
a09-128-same	same	miss	404	720
a09-128-same	same	hit	200	1
a09-128-same	same	miss	404	571
a09-128-same	same	hit	200	2
a09-128-same	same	miss	404	494
a09-128-same	same	hit	200	1
a09-128-same	same	miss	404	499
a09-128-same	same	hit	200	2
a09-128-same	same	miss	404	530
a09-128-same	same	hit	200	2
a09-128-same	same	miss	404	565
a09-128-same	same	hit	200	1
a09-128-same	same	miss	404	527
a09-128-same	same	hit	200	1
a09-128-same	same	miss	404	477
a09-128-same	same	hit	200	1
a09-128-same	same	miss	404	564
a09-128-same	same	hit	200	1
a09-128-same	same	miss	404	455
a09-128-same	same	hit	200	2
a09-128-same	same	miss	404	583
a09-128-same	same	hit	200	1
a09-128-same	same	miss	404	517
a09-128-same	same	hit	200	1
a09-128-same	same	miss	404	460
a09-128-same	same	hit	200	2
a09-128-same	same	miss	404	553
a09-128-same	same	hit	200	1
a09-128-same	same	miss	404	476
a09-128-same	same	hit	200	3
a09-128-same	same	miss	404	493
a09-128-same	same	hit	200	7
a09-128-same	same	miss	404	399
a09-128-same	same	hit	200	2
a09-128-same	same	miss	404	396
a09-128-same	same	hit	200	2
a09-128-same	same	miss	404	167
a09-128-same	same	hit	200	1
a09-128-same	same	miss	404	497
a09-128-same	same	hit	200	3
a09-128-same	same	miss	404	404
a09-128-same	same	hit	200	1
a09-128-same	same	miss	404	433
a09-128-same	same	hit	200	1
a09-128-same	same	miss	404	280
a09-128-same	same	hit	200	1
a09-128-same	same	miss	404	372
a09-128-same	same	hit	200	1
a09-128-same	same	miss	404	455
a09-128-same	same	hit	200	1
a09-128-same	same	miss	404	461
a09-128-same	same	hit	200	2
a09-128-same	same	miss	404	174
a09-128-same	same	hit	200	2
a09-128-same	same	miss	404	424
a09-128-same	same	hit	200	10
a09-128-same	same	miss	404	530
a09-128-same	same	hit	200	1
a09-128-same	same	miss	404	541
a09-128-same	same	hit	200	1
a09-128-same	same	miss	404	400
a09-128-same	same	hit	200	1
a09-128-same	same	miss	404	329
a09-128-same	same	hit	200	1
a09-128-same	same	miss	404	502
a09-128-same	same	hit	200	1
a09-128-same	same	miss	404	501
a09-128-same	same	hit	200	1
a09-128-same	same	miss	404	385
a09-128-same	same	hit	200	1
a09-128-same	same	miss	404	648
a09-128-same	same	hit	200	1
a09-128-same	same	miss	404	393
a09-128-same	same	hit	200	1
a09-128-same	same	miss	404	432
a09-128-same	same	hit	200	2
a09-128-same	same	miss	404	686
a09-128-same	same	hit	200	2
a09-128-same	same	miss	404	442
a09-128-same	same	hit	200	5
a09-128-same	same	miss	404	489
a09-128-same	same	hit	200	3
a09-128-same	same	miss	404	523
a09-128-same	same	hit	200	3
a09-128-same	same	miss	404	732
a09-128-same	same	hit	200	1
a09-128-same	same	miss	404	615
a09-128-same	same	hit	200	1
a09-128-same	same	miss	404	1019
a09-128-same	same	hit	200	2
a09-128-same	same	miss	404	471
a09-128-same	same	hit	200	3
a09-128-same	same	miss	404	178
a09-128-same	same	hit	200	6
a09-128-same	same	miss	404	855
a09-128-same	same	hit	200	1
a09-128-same	same	miss	404	621
a09-128-same	same	hit	200	1
a09-128-same	same	miss	404	417
a09-128-same	same	hit	200	1
a09-128-same	same	miss	404	568
a09-128-same	same	hit	200	1
a09-128-same	same	miss	404	460
a09-128-same	same	hit	200	1
a09-128-same	same	miss	404	390
a09-128-same	same	hit	200	1
a09-128-same	same	miss	404	493
a09-128-same	same	hit	200	1
a09-128-same	same	miss	404	508
a09-128-same	same	hit	200	2
a09-128-same	same	miss	404	532
a09-128-same	same	hit	200	3
a09-128-same	same	miss	404	336
a09-128-same	same	hit	200	1
a09-128-same	same	miss	404	473
a09-128-same	same	hit	200	2
a09-128-same	same	miss	404	474
a09-128-same	same	hit	200	2
a09-128-same	same	miss	404	359
a09-128-same	same	hit	200	2
a09-128-same	same	miss	404	498
a09-128-same	same	hit	200	1
a09-128-same	same	miss	404	446
a09-128-same	same	hit	200	2
a09-128-same	same	miss	404	451
a09-128-same	same	hit	200	2
a09-128-same	same	miss	404	409
a09-128-same	same	hit	200	1
a09-128-same	same	miss	404	424
a09-128-same	same	hit	200	1
a09-128-same	same	miss	404	489
a09-128-same	same	hit	200	1
a09-128-same	same	miss	404	395
a09-128-same	same	hit	200	1
a09-128-same	same	miss	404	472
a09-128-same	same	hit	200	1
a09-128-same	same	miss	404	459
a09-128-same	same	hit	200	1
a09-128-same	same	miss	404	392
a09-128-same	same	hit	200	1
a09-128-same	same	miss	404	412
a09-128-same	same	hit	200	1
a09-128-same	same	miss	404	356
a09-128-same	same	hit	200	1
a09-128-same	same	miss	404	463
a09-128-same	same	hit	200	2
a09-128-same	same	miss	404	410
a09-128-same	same	hit	200	1
a09-128-same	same	miss	404	430
a09-128-same	same	hit	200	3
a09-128-same	same	miss	404	484
a09-128-same	same	hit	200	1
a09-128-same	same	miss	404	501
a09-128-same	same	hit	200	2
a09-128-same	same	miss	404	441
a09-128-same	same	hit	200	1
a09-128-same	same	miss	404	704
a09-128-same	same	hit	200	2
a09-128-same	same	miss	404	554
a09-128-same	same	hit	200	2
a09-128-same	same	miss	404	512
a09-128-same	same	hit	200	1
a09-128-same	same	miss	404	575
a09-128-same	same	hit	200	1
a09-128-same	same	miss	404	492
a09-128-same	same	hit	200	5
a09-128-same	same	miss	404	585
a09-128-same	same	hit	200	1
a09-128-same	same	miss	404	511
a09-128-same	same	hit	200	1
a09-128-same	same	miss	404	470
a09-128-same	same	hit	200	2
a09-128-same	same	miss	404	565
a09-128-same	same	hit	200	1
a09-128-same	same	miss	404	386
a09-128-same	same	hit	200	2
a09-128-same	same	miss	404	523
a09-128-same	same	hit	200	2
a09-128-same	same	miss	404	516
a09-128-same	same	hit	200	1
a09-128-same	same	miss	404	350
a09-128-same	same	hit	200	2
a09-128-same	same	miss	404	579
a09-128-same	same	hit	200	3
a09-128-same	same	miss	404	413
a09-128-same	same	hit	200	1
a09-128-same	same	miss	404	450
a09-128-same	same	hit	200	4
a09-128-same	same	miss	404	377
a09-128-same	same	hit	200	1
a09-128-same	same	miss	404	617
a09-128-same	same	hit	200	1
a09-128-same	same	miss	404	383
a09-128-same	same	hit	200	5
a09-128-same	same	miss	404	390
a09-128-same	same	hit	200	1
a09-128-same	same	miss	404	218
a09-128-same	same	hit	200	1
a09-128-same	same	miss	404	404
a09-128-same	same	hit	200	1
a09-128-same	same	miss	404	574
a09-128-same	same	hit	200	3
a09-128-same	same	miss	404	505
a09-128-same	same	hit	200	1
a09-128-same	same	miss	404	429
a09-128-same	same	hit	200	1
a09-128-same	same	miss	404	192
a09-128-same	same	hit	200	2
a09-128-same	same	miss	404	328
a09-128-same	same	hit	200	1
a09-128-same	same	miss	404	340
a09-128-same	same	hit	200	1
a09-128-same	same	miss	404	444
a09-128-same	same	hit	200	1
a09-128-same	same	miss	404	433
a09-128-same	same	hit	200	1
a09-128-same	same	miss	404	453
a09-128-same	same	hit	200	2
a09-128-same	same	miss	404	496
a09-128-same	same	hit	200	1
a09-128-same	same	miss	404	418
a09-128-same	same	hit	200	1
a09-128-same	same	miss	404	497
a09-128-same	same	hit	200	1
a09-128-same	same	miss	404	589
a09-128-same	same	hit	200	2
a09-128-same	same	miss	404	436
a09-128-same	same	hit	200	1
a09-128-same	same	miss	404	457
a09-128-same	same	hit	200	2
a09-128-same	same	miss	404	935
a09-128-same	same	hit	200	1
a09-128-same	same	miss	404	410
a09-128-same	same	hit	200	2
a09-128-same	same	miss	404	895
a09-128-same	same	hit	200	2
a09-128-same	same	miss	404	438
a09-128-same	same	hit	200	1
a09-128-same	same	miss	404	698
a09-128-same	same	hit	200	5
a09-128-same	same	miss	404	574
a09-128-same	same	hit	200	3
a09-128-same	same	miss	404	698
a09-128-same	same	hit	200	2
a09-128-same	same	miss	404	438
a09-128-same	same	hit	200	1
a09-128-same	same	miss	404	756
a09-128-same	same	hit	200	3
a09-128-same	same	miss	404	701
a09-128-same	same	hit	200	4
a09-128-same	same	miss	404	473
a09-128-same	same	hit	200	2
a09-128-same	same	miss	404	506
a09-128-same	same	hit	200	6
a09-128-same	same	miss	404	509
a09-128-same	same	hit	200	1
a09-128-same	same	miss	404	341
a09-128-same	same	hit	200	2
a09-128-same	same	miss	404	482
a09-128-same	same	hit	200	5
a09-128-same	same	miss	404	490
a09-128-same	same	hit	200	1
a09-128-same	same	miss	404	433
a09-128-same	same	hit	200	1
a09-128-same	same	miss	404	461
a09-128-same	same	hit	200	1
a09-128-same	same	miss	404	477
a09-128-same	same	hit	200	1
a09-128-same	same	miss	404	570
a09-128-same	same	hit	200	6
a09-128-same	same	miss	404	543
a09-128-same	same	hit	200	1
a09-128-same	same	miss	404	462
a09-128-same	same	hit	200	4
a09-128-same	same	miss	404	369
a09-128-same	same	hit	200	1
a09-128-same	same	miss	404	725
a09-128-same	same	hit	200	1
a09-128-same	same	miss	404	532
a09-128-same	same	hit	200	2
a09-128-same	same	miss	404	507
a09-128-same	same	hit	200	1
a09-128-same	same	miss	404	452
a09-128-same	same	hit	200	5
a09-128-same	same	miss	404	427
a09-128-same	same	hit	200	2
a09-128-same	same	miss	404	401
a09-128-same	same	hit	200	1
a09-128-same	same	miss	404	492
a09-128-same	same	hit	200	1
a09-128-same	same	miss	404	431
a09-128-same	same	hit	200	1
a09-128-same	same	miss	404	494
a09-128-same	same	hit	200	3
a09-128-same	same	miss	404	454
a09-128-same	same	hit	200	1
a09-128-same	same	miss	404	500
a09-128-same	same	hit	200	1
a09-128-same	same	miss	404	487
a09-128-same	same	hit	200	1
a09-128-same	same	miss	404	432
a09-128-same	same	hit	200	2
a09-128-same	same	miss	404	439
a09-128-same	same	hit	200	1
a09-128-same	same	miss	404	419
a09-128-same	same	hit	200	1
a09-128-same	same	miss	404	459
a09-128-same	same	hit	200	1
a09-128-same	same	miss	404	634
a09-128-same	same	hit	200	1
a09-128-same	same	miss	404	417
a09-128-same	same	hit	200	4
a09-128-same	same	miss	404	396
a09-128-same	same	hit	200	3
a09-128-same	same	miss	404	530
a09-128-same	same	hit	200	2
a09-128-same	same	miss	404	931
a09-128-same	same	hit	200	2
a09-128-same	same	miss	404	454
a09-128-same	same	hit	200	3
a09-128-same	same	miss	404	561
a09-128-same	same	hit	200	1
a09-128-same	same	miss	404	531
a09-128-same	same	hit	200	2
a09-128-same	same	miss	404	493
a09-128-same	same	hit	200	1
a09-128-same	same	miss	404	426
a09-128-same	same	hit	200	2
a09-128-same	same	miss	404	540
a09-128-same	same	hit	200	1
a09-128-same	same	miss	404	386
a09-128-same	same	hit	200	1
a09-128-same	same	miss	404	515
a09-128-same	same	hit	200	7
a09-128-same	same	miss	404	574
a09-128-same	same	hit	200	2
a09-128-same	same	miss	404	400
a09-128-same	same	hit	200	1
a09-128-same	same	miss	404	397
a09-128-same	same	hit	200	3
a09-128-same	same	miss	404	553
a09-128-same	same	hit	200	1
a09-128-same	same	miss	404	370
a09-128-same	same	hit	200	2
a09-128-same	same	miss	404	408
a09-128-same	same	hit	200	3
a09-128-same	same	miss	404	386
a09-128-same	same	hit	200	1
a09-128-same	same	miss	404	377
a09-128-same	same	hit	200	5
a09-128-same	same	miss	404	491
a09-128-same	same	hit	200	3
a09-128-same	same	miss	404	516
a09-128-same	same	hit	200	1
a09-128-same	same	miss	404	210
a09-128-same	same	hit	200	2
a09-128-same	same	miss	404	434
a09-128-same	same	hit	200	1
a09-128-same	same	miss	404	478
a09-128-same	same	hit	200	2
a09-128-same	same	miss	404	223
a09-128-same	same	hit	200	2
a09-128-same	same	miss	404	598
a09-128-same	same	hit	200	1
a09-128-same	same	miss	404	525
a09-128-same	same	hit	200	2
a09-128-same	same	miss	404	504
a09-128-same	same	hit	200	1
a09-128-same	same	miss	404	380
a09-128-same	same	hit	200	1
a09-128-same	same	miss	404	466
a09-128-same	same	hit	200	1
a09-128-same	same	miss	404	484
a09-128-same	same	hit	200	1
a09-128-same	same	miss	404	217
a09-128-same	same	hit	200	1
a09-128-same	same	miss	404	404
a09-128-same	same	hit	200	1
a09-128-same	same	miss	404	187
a09-128-same	same	hit	200	4
a09-128-same	same	miss	404	472
a09-128-same	same	hit	200	2
a09-128-same	same	miss	404	463
a09-128-same	same	hit	200	1
a09-128-same	same	miss	404	504
a09-128-same	same	hit	200	2
a09-128-same	same	miss	404	430
a09-128-same	same	hit	200	1
a09-128-same	same	miss	404	382
a09-128-same	same	hit	200	1
a09-128-same	same	miss	404	625
a09-128-same	same	hit	200	1
a09-128-same	same	miss	404	457
a09-128-same	same	hit	200	1
a09-128-same	same	miss	404	403
a09-128-same	same	hit	200	4
a09-128-same	same	miss	404	728
a09-128-same	same	hit	200	1
a09-128-same	same	miss	404	187
a09-128-same	same	hit	200	2
a09-128-same	same	miss	404	394
a09-128-same	same	hit	200	1
a09-128-same	same	miss	404	536
a09-128-same	same	hit	200	2
a09-128-same	same	miss	404	540
a09-128-same	same	hit	200	1
a09-128-same	same	miss	404	583
a09-128-same	same	hit	200	1
a09-128-same	same	miss	404	613
a09-128-same	same	hit	200	4
a09-128-same	same	miss	404	497
a09-128-same	same	hit	200	1
a09-128-same	same	miss	404	569
a09-128-same	same	hit	200	2
a09-128-same	same	miss	404	488
a09-128-same	same	hit	200	1
a09-128-same	same	miss	404	541
a09-128-same	same	hit	200	1
a09-128-same	same	miss	404	513
a09-128-same	same	hit	200	2
a09-128-same	same	miss	404	398
a09-128-same	same	hit	200	1
a09-128-same	same	miss	404	459
a09-128-same	same	hit	200	1
a09-128-same	same	miss	404	222
a09-128-same	same	hit	200	1
a09-128-same	same	miss	404	570
a09-128-same	same	hit	200	1
a09-128-same	same	miss	404	442
a09-128-same	same	hit	200	1
a09-128-same	same	miss	404	301
a09-128-same	same	hit	200	1
a09-128-same	same	miss	404	470
a09-128-same	same	hit	200	2
a09-128-same	same	miss	404	472
a09-128-same	same	hit	200	3
a09-128-same	same	miss	404	369
a09-128-same	same	hit	200	3
a09-128-same	same	miss	404	486
a09-128-same	same	hit	200	2
a09-128-same	same	miss	404	350
a09-128-same	same	hit	200	3
a09-128-same	same	miss	404	385
a09-128-same	same	hit	200	3
a09-128-same	same	miss	404	194
a09-128-same	same	hit	200	1
a09-128-same	same	miss	404	507
a09-128-same	same	hit	200	1
a09-128-same	same	miss	404	452
a09-128-same	same	hit	200	1
a09-128-same	same	miss	404	386
a09-128-same	same	hit	200	2
a09-128-same	same	miss	404	458
a09-128-same	same	hit	200	1
a09-128-same	same	miss	404	537
a09-128-same	same	hit	200	2
a09-128-same	same	miss	404	502
a09-128-same	same	hit	200	1
a09-128-same	same	miss	404	759
a09-128-same	same	hit	200	1
a09-128-same	same	miss	404	347
a09-128-same	same	hit	200	1
a09-128-same	same	miss	404	566
a09-128-same	same	hit	200	1
a09-128-same	same	miss	404	464
a09-128-same	same	hit	200	1
a09-128-same	same	miss	404	488
a09-128-same	same	hit	200	4
a09-128-same	same	miss	404	582
a09-128-same	same	hit	200	2
a09-128-same	same	miss	404	467
a09-128-same	same	hit	200	2
a09-128-same	same	miss	404	579
a09-128-same	same	hit	200	2
a09-128-same	same	miss	404	434
a09-128-same	same	hit	200	1
a09-128-same	same	miss	404	525
a09-128-same	same	hit	200	1
a09-128-same	same	miss	404	508
a09-128-same	same	hit	200	2
a09-128-same	same	miss	404	533
a09-128-same	same	hit	200	1
a09-128-same	same	miss	404	525
a09-128-same	same	hit	200	2
a09-128-same	same	miss	404	326
a09-128-same	same	hit	200	1
a09-128-same	same	miss	404	725
a09-128-same	same	hit	200	1
a09-128-same	same	miss	404	584
a09-128-same	same	hit	200	1
a09-128-same	same	miss	404	589
a09-128-same	same	hit	200	3
a09-128-same	same	miss	404	376
a09-128-same	same	hit	200	2
a09-128-same	same	miss	404	557
a09-128-same	same	hit	200	5
a09-128-same	same	miss	404	693
a09-128-same	same	hit	200	3
a09-128-same	same	miss	404	425
a09-128-same	same	hit	200	5
a09-128-same	same	miss	404	602
a09-128-same	same	hit	200	2
a09-128-same	same	miss	404	438
a09-128-same	same	hit	200	1
a09-128-same	same	miss	404	513
a09-128-same	same	hit	200	1
a09-128-same	same	miss	404	324
a09-128-same	same	hit	200	4
a09-128-same	same	miss	404	549
a09-128-same	same	hit	200	1
a09-128-same	same	miss	404	512
a09-128-same	same	hit	200	1
a09-128-same	same	miss	404	543
a09-128-same	same	hit	200	3
a09-128-same	same	miss	404	425
a09-128-same	same	hit	200	1
a09-128-same	same	miss	404	389
a09-128-same	same	hit	200	1
a09-128-same	same	miss	404	520
a09-128-same	same	hit	200	2
a09-128-same	same	miss	404	384
a09-128-same	same	hit	200	1
a09-128-same	same	miss	404	512
a09-128-same	same	hit	200	1
a09-128-same	same	miss	404	399
a09-128-same	same	hit	200	1
a09-128-same	same	miss	404	509
a09-128-same	same	hit	200	1
a09-128-same	same	miss	404	531
a09-128-same	same	hit	200	2
a09-128-same	same	miss	404	494
a09-128-same	same	hit	200	1
a09-128-same	same	miss	404	476
a09-128-same	same	hit	200	2
a09-128-same	same	miss	404	531
a09-128-same	same	hit	200	1
a09-128-same	same	miss	404	567
a09-128-same	same	hit	200	1
a09-128-same	same	miss	404	439
a09-128-same	same	hit	200	1
a09-128-same	same	miss	404	532
a09-128-same	same	hit	200	2
a09-128-same	same	miss	404	422
a09-128-same	same	hit	200	2
a09-128-same	same	miss	404	467
a09-128-same	same	hit	200	1
a09-128-same	same	miss	404	516
a09-128-same	same	hit	200	1
a09-128-same	same	miss	404	418
a09-128-same	same	hit	200	1
a09-128-same	same	miss	404	427
a09-128-same	same	hit	200	1
a09-128-same	same	miss	404	473
a09-128-same	same	hit	200	3
a09-128-same	same	miss	404	521
a09-128-same	same	hit	200	2
a09-128-same	same	miss	404	605
a09-128-same	same	hit	200	3
a09-128-same	same	miss	404	237
a09-128-same	same	hit	200	6
a09-128-same	same	miss	404	605
a09-128-same	same	hit	200	1
a09-128-same	same	miss	404	485
a09-128-same	same	hit	200	1
a09-128-same	same	miss	404	674
a09-128-same	same	hit	200	1
a09-128-same	same	miss	404	172
a09-128-same	same	hit	200	2
a09-128-same	same	miss	404	610
a09-128-same	same	hit	200	1
a09-128-same	same	miss	404	544
a09-128-same	same	hit	200	2
a09-128-same	same	miss	404	515
a09-128-same	same	hit	200	1
a09-128-same	same	miss	404	182
a09-128-same	same	hit	200	2
a09-128-same	same	miss	404	1003
a09-128-same	same	hit	200	2
a09-128-same	same	miss	404	431
a09-128-same	same	hit	200	3
a09-128-same	same	miss	404	333
a09-128-same	same	hit	200	1
a09-128-same	same	miss	404	456
a09-128-same	same	hit	200	3
a09-128-same	same	miss	404	440
a09-128-same	same	hit	200	1
a09-128-same	same	miss	404	579
a09-128-same	same	hit	200	1
a09-128-same	same	miss	404	161
a09-128-same	same	hit	200	4
a09-128-same	same	miss	404	529
a09-128-same	same	hit	200	2
a09-128-same	same	miss	404	466
a09-128-same	same	hit	200	1
a09-128-same	same	miss	404	500
a09-128-same	same	hit	200	1
a09-128-same	same	miss	404	449
a09-128-same	same	hit	200	3
a09-128-same	same	miss	404	377
a09-128-same	same	hit	200	1
a09-128-same	same	miss	404	520
a09-128-same	same	hit	200	1
a09-128-same	same	miss	404	474
a09-128-same	same	hit	200	2
a09-128-same	same	miss	404	637
a09-128-same	same	hit	200	2
a09-128-same	same	miss	404	433
a09-128-same	same	hit	200	1
a09-128-same	same	miss	404	490
a09-128-same	same	hit	200	1
a09-128-same	same	miss	404	543
a09-128-same	same	hit	200	1
a09-128-same	same	miss	404	516
a09-128-same	same	hit	200	1
a09-128-same	same	miss	404	292
a09-128-same	same	hit	200	1
a09-128-same	same	miss	404	350
a09-128-same	same	hit	200	2
a09-128-same	same	miss	404	225
a09-128-same	same	hit	200	1
a09-128-same	same	miss	404	514
a09-128-same	same	hit	200	1
a09-128-same	same	miss	404	401
a09-128-same	same	hit	200	2
a09-128-same	same	miss	404	439
a09-128-same	same	hit	200	1
a09-128-same	same	miss	404	456
a09-128-same	same	hit	200	1
a09-128-same	same	miss	404	561
a09-128-same	same	hit	200	4
a09-128-same	same	miss	404	420
a09-128-same	same	hit	200	2
a09-128-same	same	miss	404	516
a09-128-same	same	hit	200	2
a09-128-same	same	miss	404	416
a09-128-same	same	hit	200	2
a09-128-same	same	miss	404	366
a09-128-same	same	hit	200	1
a09-128-same	same	miss	404	508
a09-128-same	same	hit	200	2
a09-128-same	same	miss	404	512
a09-128-same	same	hit	200	2
a09-128-same	same	miss	404	251
a09-128-same	same	hit	200	4
a09-128-same	same	miss	404	1002
a09-128-same	same	hit	200	8
a09-128-same	same	miss	404	387
a09-128-same	same	hit	200	1
a09-128-same	same	miss	404	505
a09-128-same	same	hit	200	1
a09-128-same	same	miss	404	441
a09-128-same	same	hit	200	4
a09-128-same	same	miss	404	562
a09-128-same	same	hit	200	1
a09-128-same	same	miss	404	529
a09-128-same	same	hit	200	1
a09-128-same	same	miss	404	586
a09-128-same	same	hit	200	4
a09-128-same	same	miss	404	604
a09-128-same	same	hit	200	1
a09-128-same	same	miss	404	415
a09-128-same	same	hit	200	3
a09-128-same	same	miss	404	583
a09-128-same	same	hit	200	1
a09-128-same	same	miss	404	400
a09-128-same	same	hit	200	4
a09-128-same	same	miss	404	372
a09-128-same	same	hit	200	3
a09-128-same	same	miss	404	477
a09-128-same	same	hit	200	2
a09-128-same	same	miss	404	441
a09-128-same	same	hit	200	1
a09-128-same	same	miss	404	456
a09-128-same	same	hit	200	1
a09-128-same	same	miss	404	435
a09-128-same	same	hit	200	2
a09-128-same	same	miss	404	530
a09-128-same	same	hit	200	1
a09-128-same	same	miss	404	693
a09-128-same	same	hit	200	1
a09-128-same	same	miss	404	512
a09-128-same	same	hit	200	1
a09-128-same	same	miss	404	486
a09-128-same	same	hit	200	2
a09-128-same	same	miss	404	446
a09-128-same	same	hit	200	1
a09-128-same	same	miss	404	503
a09-128-same	same	hit	200	1
a09-128-same	same	miss	404	680
a09-128-same	same	hit	200	1
a09-128-same	same	miss	404	465
a09-128-same	same	hit	200	1
a09-128-same	same	miss	404	469
a09-128-same	same	hit	200	1
a09-128-same	same	miss	404	436
a09-128-same	same	hit	200	1
a09-128-same	same	miss	404	369
a09-128-same	same	hit	200	1
a09-128-same	same	miss	404	494
a09-128-same	same	hit	200	1
a09-128-same	same	miss	404	391
a09-128-same	same	hit	200	1
a09-128-same	same	miss	404	395
a09-128-same	same	hit	200	1
a09-128-same	same	miss	404	515
a09-128-same	same	hit	200	1
a09-128-same	same	miss	404	417
a09-128-same	same	hit	200	2
a09-128-same	same	miss	404	433
a09-128-same	same	hit	200	1
a09-128-same	same	miss	404	205
a09-128-same	same	hit	200	1
a09-128-same	same	miss	404	718
a09-128-same	same	hit	200	1
a09-128-same	same	miss	404	523
a09-128-same	same	hit	200	1
a09-128-same	same	miss	404	410
a09-128-same	same	hit	200	2
a09-128-same	same	miss	404	536
a09-128-same	same	hit	200	1
a09-128-same	same	miss	404	204
a09-128-same	same	hit	200	1
a09-128-same	same	miss	404	623
a09-128-same	same	hit	200	2
a09-128-same	same	miss	404	574
a09-128-same	same	hit	200	2
a09-128-same	same	miss	404	493
a09-128-same	same	hit	200	2
a09-128-same	same	miss	404	486
a09-128-same	same	hit	200	7
a09-128-same	same	miss	404	807
a09-128-same	same	hit	200	3
a09-128-same	same	miss	404	416
a09-128-same	same	hit	200	3
a09-128-same	same	miss	404	567
a09-128-same	same	hit	200	1
a09-128-same	same	miss	404	513
a09-128-same	same	hit	200	3
a09-128-same	same	miss	404	544
a09-128-same	same	hit	200	1
a09-128-same	same	miss	404	549
a09-128-same	same	hit	200	2
a09-128-same	same	miss	404	436
a09-128-same	same	hit	200	1
a09-128-same	same	miss	404	367
a09-128-same	same	hit	200	2
a09-128-same	same	miss	404	485
a09-128-same	same	hit	200	1
a09-128-same	same	miss	404	522
a09-128-same	same	hit	200	5
a09-128-same	same	miss	404	418
a09-128-same	same	hit	200	2
a09-128-same	same	miss	404	466
a09-128-same	same	hit	200	2
a09-128-same	same	miss	404	144
a09-128-same	same	hit	200	3
a09-128-same	same	miss	404	461
a09-128-same	same	hit	200	1
a09-128-same	same	miss	404	400
a09-128-same	same	hit	200	2
a09-128-same	same	miss	404	388
a09-128-same	same	hit	200	4
a09-128-same	same	miss	404	358
a09-128-same	same	hit	200	2
a09-128-same	same	miss	404	442
a09-128-same	same	hit	200	1
a09-128-same	same	miss	404	447
a09-128-same	same	hit	200	2
a09-128-same	same	miss	404	492
a09-128-same	same	hit	200	1
a09-128-same	same	miss	404	400
a09-128-same	same	hit	200	4
a09-128-same	same	miss	404	219
a09-128-same	same	hit	200	1
a09-128-same	same	miss	404	182
a09-128-same	same	hit	200	1
a09-128-same	same	miss	404	384
a09-128-same	same	hit	200	2
a09-128-same	same	miss	404	488
a09-128-same	same	hit	200	2
a09-128-same	same	miss	404	134
a09-128-same	same	hit	200	1
a09-128-same	same	miss	404	464
a09-128-same	same	hit	200	4
a09-128-same	same	miss	404	485
a09-128-same	same	hit	200	1
a09-128-same	same	miss	404	372
a09-128-same	same	hit	200	1
a09-128-same	same	miss	404	522
a09-128-same	same	hit	200	3
a09-128-same	same	miss	404	519
a09-128-same	same	hit	200	1
a09-128-same	same	miss	404	533
a09-128-same	same	hit	200	16
a09-128-same	same	miss	404	458
a09-128-same	same	hit	200	1
a09-128-same	same	miss	404	356
a09-128-same	same	hit	200	4
a09-128-same	same	miss	404	526
a09-128-same	same	hit	200	3
a09-128-same	same	miss	404	680
a09-128-same	same	hit	200	1
a09-128-same	same	miss	404	460
a09-128-same	same	hit	200	2
a09-128-same	same	miss	404	515
a09-128-same	same	hit	200	11
a09-128-same	same	miss	404	562
a09-128-same	same	hit	200	1
a09-128-same	same	miss	404	807
a09-128-same	same	hit	200	2
a09-128-same	same	miss	404	1017
a09-128-same	same	hit	200	2
a09-128-same	same	miss	404	525
a09-128-same	same	hit	200	1
a09-128-same	same	miss	404	422
a09-128-same	same	hit	200	1
a09-128-same	same	miss	404	538
a09-128-same	same	hit	200	2
a09-128-same	same	miss	404	560
a09-128-same	same	hit	200	5
a09-128-same	same	miss	404	538
a09-128-same	same	hit	200	2
a09-128-same	same	miss	404	649
a09-128-same	same	hit	200	1
a09-128-same	same	miss	404	408
a09-128-same	same	hit	200	1
a09-128-same	same	miss	404	457
a09-128-same	same	hit	200	1
a09-128-same	same	miss	404	322
a09-128-same	same	hit	200	2
a09-128-same	same	miss	404	515
a09-128-same	same	hit	200	3
a09-128-same	same	miss	404	418
a09-128-same	same	hit	200	3
a09-128-same	same	miss	404	450
a09-128-same	same	hit	200	1
a09-128-same	same	miss	404	417
a09-128-same	same	hit	200	1
a09-128-same	same	miss	404	499
a09-128-same	same	hit	200	3
a09-128-same	same	miss	404	445
a09-128-same	same	hit	200	2
a09-128-same	same	miss	404	504
a09-128-same	same	hit	200	1
a09-128-same	same	miss	404	447
a09-128-same	same	hit	200	1
a09-128-same	same	miss	404	495
a09-128-same	same	hit	200	2
a09-128-same	same	miss	404	471
a09-128-same	same	hit	200	2
a09-128-same	same	miss	404	338
a09-128-same	same	hit	200	1
a09-128-same	same	miss	404	358
a09-128-same	same	hit	200	1
a09-128-same	same	miss	404	545
a09-128-same	same	hit	200	1
a09-128-same	same	miss	404	481
a09-128-same	same	hit	200	4
a09-128-same	same	miss	404	487
a09-128-same	same	hit	200	1
a09-128-same	same	miss	404	400
a09-128-same	same	hit	200	2
a09-128-same	same	miss	404	501
a09-128-same	same	hit	200	1
a09-128-same	same	miss	404	483
a09-128-same	same	hit	200	3
a09-128-same	same	miss	404	507
a09-128-same	same	hit	200	1
a09-128-same	same	miss	404	466
a09-128-same	same	hit	200	2
a09-128-same	same	miss	404	487
a09-128-same	same	hit	200	7
a09-128-same	same	miss	404	382
a09-128-same	same	hit	200	1
a09-128-same	same	miss	404	407
a09-128-same	same	hit	200	3
a09-128-same	same	miss	404	591
a09-128-same	same	hit	200	1
a09-128-same	same	miss	404	485
a09-128-same	same	hit	200	4
a09-128-same	same	miss	404	519
a09-128-same	same	hit	200	1
a09-128-same	same	miss	404	569
a09-128-same	same	hit	200	11
a09-128-same	same	miss	404	510
a09-128-same	same	hit	200	2
a09-128-same	same	miss	404	912
a09-128-same	same	hit	200	1
a09-128-same	same	miss	404	407
a09-128-same	same	hit	200	1
a09-128-same	same	miss	404	139
a09-128-same	same	hit	200	1
a09-128-same	same	miss	404	474
a09-128-same	same	hit	200	4
a09-128-same	same	miss	404	476
a09-128-same	same	hit	200	1
a09-128-same	same	miss	404	839
a09-128-same	same	hit	200	2
a09-128-same	same	miss	404	413
a09-128-same	same	hit	200	1
a09-128-same	same	miss	404	595
a09-128-same	same	hit	200	2
a09-128-same	same	miss	404	526
a09-128-same	same	hit	200	3
a09-128-same	same	miss	404	492
a09-128-same	same	hit	200	5
a09-128-same	same	miss	404	311
a09-128-same	same	hit	200	2
a09-128-same	same	miss	404	378
a10-1-spread	spread	hit	200	2
a10-1-spread	spread	miss	404	488
a10-1-spread	spread	hit	200	2
a10-1-spread	spread	miss	404	507
a10-1-spread	spread	hit	200	2
a10-1-spread	spread	miss	404	432
a10-1-spread	spread	hit	200	1
a10-1-spread	spread	miss	404	367
a10-1-spread	spread	hit	200	2
a10-1-spread	spread	miss	404	577
a10-1-spread	spread	hit	200	2
a10-1-spread	spread	miss	404	531
a10-1-spread	spread	hit	200	2
a10-1-spread	spread	miss	404	402
a10-1-spread	spread	hit	200	2
a10-1-spread	spread	miss	404	345
a10-1-spread	spread	hit	200	2
a10-1-spread	spread	miss	404	536
a10-1-spread	spread	hit	200	2
a10-1-spread	spread	miss	404	547
a10-1-spread	spread	hit	200	2
a10-1-spread	spread	miss	404	421
a10-1-spread	spread	hit	200	2
a10-1-spread	spread	miss	404	376
a10-1-spread	spread	hit	200	2
a10-1-spread	spread	miss	404	359
a10-1-spread	spread	hit	200	2
a10-1-spread	spread	miss	404	480
a10-1-spread	spread	hit	200	1
a10-1-spread	spread	miss	404	195
a10-1-spread	spread	hit	200	2
a10-1-spread	spread	miss	404	520
a10-1-spread	spread	hit	200	2
a10-1-spread	spread	miss	404	577
a10-1-spread	spread	hit	200	2
a10-1-spread	spread	miss	404	498
a10-1-spread	spread	hit	200	2
a10-1-spread	spread	miss	404	518
a10-1-spread	spread	hit	200	2
a10-1-spread	spread	miss	404	476
a10-1-spread	spread	hit	200	1
a10-1-spread	spread	miss	404	552
a10-1-spread	spread	hit	200	2
a10-1-spread	spread	miss	404	390
a10-1-spread	spread	hit	200	2
a10-1-spread	spread	miss	404	476
a10-1-spread	spread	hit	200	1
a10-1-spread	spread	miss	404	369
a10-1-spread	spread	hit	200	2
a10-1-spread	spread	miss	404	645
a10-1-spread	spread	hit	200	2
a10-1-spread	spread	miss	404	555
a10-1-spread	spread	hit	200	2
a10-1-spread	spread	miss	404	630
a10-1-spread	spread	hit	200	2
a10-1-spread	spread	miss	404	624
a10-1-spread	spread	hit	200	2
a10-1-spread	spread	miss	404	666
a10-1-spread	spread	hit	200	2
a10-1-spread	spread	miss	404	658
a10-1-spread	spread	hit	200	2
a10-1-spread	spread	miss	404	172
a10-1-spread	spread	hit	200	2
a10-1-spread	spread	miss	404	552
a10-1-spread	spread	hit	200	2
a10-1-spread	spread	miss	404	154
a10-1-spread	spread	hit	200	2
a10-1-spread	spread	miss	404	467
a10-1-spread	spread	hit	200	2
a10-1-spread	spread	miss	404	476
a10-1-spread	spread	hit	200	2
a10-1-spread	spread	miss	404	331
a10-1-spread	spread	hit	200	2
a10-1-spread	spread	miss	404	402
a10-1-spread	spread	hit	200	2
a10-1-spread	spread	miss	404	410
a10-1-spread	spread	hit	200	2
a10-1-spread	spread	miss	404	476
a10-1-spread	spread	hit	200	3
a10-1-spread	spread	miss	404	583
